-- --------------------------------------------------------
-- Host:                         127.0.0.1
-- Versi server:                 10.1.19-MariaDB - mariadb.org binary distribution
-- OS Server:                    Win32
-- HeidiSQL Versi:               9.3.0.4984
-- --------------------------------------------------------

/*!40101 SET @OLD_CHARACTER_SET_CLIENT=@@CHARACTER_SET_CLIENT */;
/*!40101 SET NAMES utf8mb4 */;
/*!40014 SET @OLD_FOREIGN_KEY_CHECKS=@@FOREIGN_KEY_CHECKS, FOREIGN_KEY_CHECKS=0 */;
/*!40101 SET @OLD_SQL_MODE=@@SQL_MODE, SQL_MODE='NO_AUTO_VALUE_ON_ZERO' */;

-- Dumping structure for table alamrayasite_nabila.d_access
CREATE TABLE IF NOT EXISTS `d_access` (
  `a_id` int(11) NOT NULL AUTO_INCREMENT,
  `a_name` varchar(50) DEFAULT NULL,
  `a_parrent` int(11) DEFAULT NULL,
  `a_order` int(11) DEFAULT NULL,
  PRIMARY KEY (`a_id`)
) ENGINE=InnoDB AUTO_INCREMENT=68 DEFAULT CHARSET=latin1;

-- Dumping data for table alamrayasite_nabila.d_access: ~67 rows (approximately)
DELETE FROM `d_access`;
/*!40000 ALTER TABLE `d_access` DISABLE KEYS */;
INSERT INTO `d_access` (`a_id`, `a_name`, `a_parrent`, `a_order`) VALUES
	(1, 'Master', NULL, 1),
	(2, 'Data Supplier', 1, 2),
	(3, 'Data Customer', 2, 3),
	(4, 'Data Bahan Baku', 3, 4),
	(5, 'Data Jenis Produksi', 4, 5),
	(6, 'Data Pegawai ', 5, 6),
	(7, 'Data Akun Keuangan ', 6, 7),
	(8, 'Data Transaksi keuangan ', 7, 8),
	(9, 'Data Barang', 8, 9),
	(10, 'Purchasing', 0, 10),
	(11, 'Rencana Bahan Baku Produksi', 1, 11),
	(12, 'Rencana Pembelian', 2, 12),
	(13, 'Order Pembelian ', 3, 13),
	(14, 'Belanja Harian', 4, 14),
	(15, 'Return pembelian', 5, 15),
	(16, 'Inventory', NULL, 16),
	(17, 'Penerimaan Barang Supplier', 1, 17),
	(18, 'Penerimaan Barang Hasil Produksi', 2, 18),
	(19, 'Penerimaan Barang Return Customer', 3, 19),
	(20, 'Barang digunakan', 4, 20),
	(21, 'Stock Opname', 5, 21),
	(22, 'Produksi', NULL, 22),
	(23, 'Monitoring Order & Stock', 1, 23),
	(24, 'Rencana Produksi', 2, 24),
	(25, 'Manajemen SPK', 3, 25),
	(26, 'Manajemen Output Produksi', 4, 26),
	(27, 'Manajemen Sampah (Waste)', 5, 27),
	(28, 'Penjualan', NULL, 28),
	(29, 'Manajemen Harga', 1, 29),
	(30, 'Manajemen Promosi', 2, 30),
	(31, 'Broadcast Promosi Via Email ', 3, 31),
	(32, 'Rencana Penjualan', 4, 32),
	(33, 'POS Penjualan Retail ', 5, 33),
	(34, 'Ritail Transfer', 6, 34),
	(35, 'Pos Penjualan Grosir/Online', 7, 35),
	(36, 'Grosir Transfer', 8, 36),
	(37, 'Monitoring Return Penjualalan', 9, 37),
	(38, 'Manajemen Return Penjualan ', 10, 38),
	(39, 'Monitoring Progres Penjualan', 11, 39),
	(40, 'Mutasi Stock & Retail', 12, 40),
	(41, 'HRD', NULL, 41),
	(42, 'Data Karyawan ', 1, 42),
	(43, 'Data Administrasi Pegawai ', 2, 43),
	(44, 'Data Lembur Pegawai ', 3, 44),
	(45, 'Scoreboard Pegawai Per Hari', 4, 45),
	(46, 'Payroll', 5, 46),
	(47, 'Manajemen KPI Pegawai ', 6, 47),
	(48, 'Training Pegawai ', 7, 48),
	(49, 'Recruitment', 8, 49),
	(50, 'Keuangan', NULL, 50),
	(51, 'Manajemen SPK', 1, 51),
	(52, 'Proses Input Transaksi', 2, 52),
	(53, 'Laporan Hutang Piutang ', 3, 53),
	(54, 'Laporan (Jurnal,Buku Besar,Neraca,DLL)', 4, 54),
	(55, 'Analisa Progress Terhadap Perencanaan', 5, 55),
	(56, 'Analisa Net Profit Terhadap OCF', 6, 56),
	(57, 'Analisa Pertumbuhan Aset', 7, 57),
	(58, 'Analisa Cashflow', 8, 58),
	(59, 'Analisa Common Size dan Index', 9, 59),
	(60, 'Analisa Rasio Keuangan ', 10, 60),
	(61, 'Analisa Three Botton Line ', 11, 61),
	(62, 'Analisa ROE', 12, 62),
	(63, 'System', NULL, 63),
	(64, 'Manajemen User', 1, 64),
	(65, 'Manajemen Hak Akses', 2, 65),
	(66, 'Profil Perusahaan', 3, 66),
	(67, 'Tahun Finansial', 4, 67);
/*!40000 ALTER TABLE `d_access` ENABLE KEYS */;


-- Dumping structure for table alamrayasite_nabila.d_akun
CREATE TABLE IF NOT EXISTS `d_akun` (
  `id_akun` varchar(50) NOT NULL,
  `nama_akun` varchar(255) NOT NULL,
  `kelompok_akun` varchar(100) NOT NULL,
  `posisi_akun` varchar(10) NOT NULL,
  `type_akun` varchar(15) NOT NULL,
  `group_neraca` varchar(20) DEFAULT NULL,
  `group_laba_rugi` varchar(20) DEFAULT NULL,
  `created_at` timestamp NOT NULL DEFAULT CURRENT_TIMESTAMP,
  `updated_at` timestamp NOT NULL DEFAULT CURRENT_TIMESTAMP ON UPDATE CURRENT_TIMESTAMP,
  PRIMARY KEY (`id_akun`)
) ENGINE=InnoDB DEFAULT CHARSET=latin1;

-- Dumping data for table alamrayasite_nabila.d_akun: ~5 rows (approximately)
DELETE FROM `d_akun`;
/*!40000 ALTER TABLE `d_akun` DISABLE KEYS */;
INSERT INTO `d_akun` (`id_akun`, `nama_akun`, `kelompok_akun`, `posisi_akun`, `type_akun`, `group_neraca`, `group_laba_rugi`, `created_at`, `updated_at`) VALUES
	('1.00', 'KAS', 'Aset Lancar', 'D', 'GENERAL', 'A1-00', NULL, '2018-06-20 12:37:02', '2018-06-20 17:06:00'),
	('1.00.00', 'KAS KECIL', 'KAS', 'D', 'DETAIL', 'A1-00', NULL, '2018-06-21 11:01:07', '2018-06-21 11:01:07'),
	('1.01', 'BANK', 'Aset Lancar', 'D', 'GENERAL', 'A1-01', NULL, '2018-06-20 16:15:51', '2018-06-20 17:06:06'),
	('1.878787', 'Piutang', 'Aset Lancar', 'D', 'GENERAL', 'code01', 'edoc01', '2018-06-28 16:48:32', '2018-06-28 16:48:32'),
	('1.878787.78', 'usaha', 'KAS', 'D', 'DETAIL', 'code01', 'edoc01', '2018-06-28 16:50:42', '2018-06-28 16:50:42');
/*!40000 ALTER TABLE `d_akun` ENABLE KEYS */;


-- Dumping structure for table alamrayasite_nabila.d_akun_saldo
CREATE TABLE IF NOT EXISTS `d_akun_saldo` (
  `id_akun` varchar(50) NOT NULL,
  `bulan` varchar(20) NOT NULL,
  `tahun` varchar(20) NOT NULL,
  `saldo` double DEFAULT NULL,
  PRIMARY KEY (`id_akun`,`bulan`,`tahun`)
) ENGINE=InnoDB DEFAULT CHARSET=latin1;

-- Dumping data for table alamrayasite_nabila.d_akun_saldo: ~2 rows (approximately)
DELETE FROM `d_akun_saldo`;
/*!40000 ALTER TABLE `d_akun_saldo` DISABLE KEYS */;
INSERT INTO `d_akun_saldo` (`id_akun`, `bulan`, `tahun`, `saldo`) VALUES
	('1.00.00', '06', '2018', 50000000),
	('1.878787.78', '06', '2018', 7999);
/*!40000 ALTER TABLE `d_akun_saldo` ENABLE KEYS */;


-- Dumping structure for table alamrayasite_nabila.d_barang_sup
CREATE TABLE IF NOT EXISTS `d_barang_sup` (
  `d_bs_itemid` int(11) NOT NULL,
  `d_bs_detailid` int(11) NOT NULL,
  `d_bs_supid` int(11) NOT NULL,
  `d_bs_created` datetime NOT NULL,
  `d_bs_updated` datetime DEFAULT NULL,
  PRIMARY KEY (`d_bs_itemid`,`d_bs_detailid`)
) ENGINE=InnoDB DEFAULT CHARSET=latin1 COMMENT='tabel handle data relasi barang dan supplier';

-- Dumping data for table alamrayasite_nabila.d_barang_sup: ~1.332 rows (approximately)
DELETE FROM `d_barang_sup`;
/*!40000 ALTER TABLE `d_barang_sup` DISABLE KEYS */;
INSERT INTO `d_barang_sup` (`d_bs_itemid`, `d_bs_detailid`, `d_bs_supid`, `d_bs_created`, `d_bs_updated`) VALUES
	(7, 1, 1, '2018-10-29 17:13:49', '2018-10-29 17:20:11'),
	(7, 2, 1, '2018-10-29 17:13:49', '2018-10-29 17:20:11'),
	(7, 3, 1, '2018-10-29 17:13:49', '2018-10-29 17:20:11'),
	(7, 4, 1, '2018-10-29 17:13:49', '2018-10-29 17:20:11'),
	(7, 6, 1, '2018-10-29 17:13:49', '2018-10-29 17:20:11'),
	(7, 7, 1, '2018-10-29 17:13:49', '2018-10-29 17:20:11'),
	(7, 8, 1, '2018-10-29 17:13:49', '2018-10-29 17:20:11'),
	(7, 9, 1, '2018-10-29 17:13:49', '2018-10-29 17:20:11'),
	(7, 10, 1, '2018-10-29 17:13:49', '2018-10-29 17:20:11'),
	(7, 11, 1, '2018-10-29 17:13:49', '2018-10-29 17:20:11'),
	(7, 12, 1, '2018-10-29 17:13:49', '2018-10-29 17:20:11'),
	(7, 13, 1, '2018-10-29 17:13:49', '2018-10-29 17:20:11'),
	(7, 14, 1, '2018-10-29 17:13:49', '2018-10-29 17:20:11'),
	(7, 15, 1, '2018-10-29 17:13:49', '2018-10-29 17:20:11'),
	(7, 16, 1, '2018-10-29 17:13:49', '2018-10-29 17:20:11'),
	(7, 17, 1, '2018-10-29 17:13:49', '2018-10-29 17:20:11'),
	(7, 18, 1, '2018-10-29 17:13:49', '2018-10-29 17:20:11'),
	(7, 19, 1, '2018-10-29 17:13:49', '2018-10-29 17:20:11'),
	(7, 20, 1, '2018-10-29 17:13:49', '2018-10-29 17:20:11'),
	(7, 21, 1, '2018-10-29 17:13:49', '2018-10-29 17:20:11'),
	(7, 22, 1, '2018-10-29 17:13:49', '2018-10-29 17:20:11'),
	(7, 23, 1, '2018-10-29 17:13:49', '2018-10-29 17:20:11'),
	(7, 24, 1, '2018-10-29 17:13:49', '2018-10-29 17:20:11'),
	(7, 25, 1, '2018-10-29 17:13:49', '2018-10-29 17:20:11'),
	(7, 26, 1, '2018-10-29 17:13:49', '2018-10-29 17:20:11'),
	(7, 28, 1, '2018-10-29 17:13:49', '2018-10-29 17:20:11'),
	(7, 29, 1, '2018-10-29 17:13:49', '2018-10-29 17:20:11'),
	(7, 30, 1, '2018-10-29 17:13:49', '2018-10-29 17:20:11'),
	(7, 31, 1, '2018-10-29 17:13:49', '2018-10-29 17:20:11'),
	(7, 32, 1, '2018-10-29 17:13:49', '2018-10-29 17:20:11'),
	(7, 33, 1, '2018-10-29 17:13:49', '2018-10-29 17:20:11'),
	(7, 34, 1, '2018-10-29 17:13:49', '2018-10-29 17:20:11'),
	(7, 35, 1, '2018-10-29 17:13:49', '2018-10-29 17:20:11'),
	(7, 36, 1, '2018-10-29 17:13:49', '2018-10-29 17:20:11'),
	(7, 37, 1, '2018-10-29 17:13:49', '2018-10-29 17:20:11'),
	(7, 38, 1, '2018-10-29 17:13:49', '2018-10-29 17:20:11'),
	(7, 39, 1, '2018-10-29 17:13:49', '2018-10-29 17:20:11'),
	(7, 40, 1, '2018-10-29 17:13:49', '2018-10-29 17:20:11'),
	(7, 41, 1, '2018-10-29 17:13:49', '2018-10-29 17:20:11'),
	(7, 42, 1, '2018-10-29 17:13:49', '2018-10-29 17:20:11'),
	(7, 43, 1, '2018-10-29 17:13:49', '2018-10-29 17:20:11'),
	(7, 44, 1, '2018-10-29 17:13:49', '2018-10-29 17:20:11'),
	(7, 45, 1, '2018-10-29 17:13:49', '2018-10-29 17:20:11'),
	(7, 46, 1, '2018-10-29 17:13:49', '2018-10-29 17:20:11'),
	(7, 47, 1, '2018-10-29 17:13:49', '2018-10-29 17:20:11'),
	(7, 48, 1, '2018-10-29 17:13:49', '2018-10-29 17:20:11'),
	(7, 49, 1, '2018-10-29 17:13:49', '2018-10-29 17:20:11'),
	(7, 50, 1, '2018-10-29 17:13:49', '2018-10-29 17:20:11'),
	(7, 51, 1, '2018-10-29 17:13:49', '2018-10-29 17:20:11'),
	(7, 52, 1, '2018-10-29 17:13:49', '2018-10-29 17:20:11'),
	(7, 53, 1, '2018-10-29 17:13:49', '2018-10-29 17:20:11'),
	(7, 54, 1, '2018-10-29 17:13:49', '2018-10-29 17:20:11'),
	(7, 55, 1, '2018-10-29 17:13:49', '2018-10-29 17:20:11'),
	(7, 56, 1, '2018-10-29 17:13:49', '2018-10-29 17:20:11'),
	(7, 57, 1, '2018-10-29 17:13:49', '2018-10-29 17:20:11'),
	(7, 58, 1, '2018-10-29 17:13:49', '2018-10-29 17:20:11'),
	(7, 59, 1, '2018-10-29 17:13:49', '2018-10-29 17:20:11'),
	(7, 60, 1, '2018-10-29 17:13:49', '2018-10-29 17:20:11'),
	(7, 61, 1, '2018-10-29 17:13:49', '2018-10-29 17:20:11'),
	(7, 62, 1, '2018-10-29 17:13:49', '2018-10-29 17:20:11'),
	(7, 63, 1, '2018-10-29 17:13:49', '2018-10-29 17:20:11'),
	(7, 64, 1, '2018-10-29 17:13:49', '2018-10-29 17:20:11'),
	(7, 65, 1, '2018-10-29 17:13:49', '2018-10-29 17:20:11'),
	(7, 66, 1, '2018-10-29 17:13:49', '2018-10-29 17:20:11'),
	(7, 67, 1, '2018-10-29 17:13:49', '2018-10-29 17:20:11'),
	(7, 68, 1, '2018-10-29 17:13:49', '2018-10-29 17:20:11'),
	(7, 69, 1, '2018-10-29 17:13:49', '2018-10-29 17:20:11'),
	(7, 70, 1, '2018-10-29 17:13:49', '2018-10-29 17:20:11'),
	(7, 71, 1, '2018-10-29 17:13:49', '2018-10-29 17:20:11'),
	(7, 72, 1, '2018-10-29 17:13:49', '2018-10-29 17:20:11'),
	(7, 73, 1, '2018-10-29 17:13:49', '2018-10-29 17:20:11'),
	(7, 74, 1, '2018-10-29 17:13:49', '2018-10-29 17:20:11'),
	(7, 75, 1, '2018-10-29 17:13:49', '2018-10-29 17:20:11'),
	(7, 76, 1, '2018-10-29 17:13:49', '2018-10-29 17:20:11'),
	(7, 77, 1, '2018-10-29 17:13:49', '2018-10-29 17:20:11'),
	(7, 78, 1, '2018-10-29 17:13:49', '2018-10-29 17:20:11'),
	(7, 79, 1, '2018-10-29 17:13:49', '2018-10-29 17:20:11'),
	(7, 80, 1, '2018-10-29 17:13:49', '2018-10-29 17:20:11'),
	(7, 81, 1, '2018-10-29 17:13:49', '2018-10-29 17:20:11'),
	(7, 82, 1, '2018-10-29 17:13:49', '2018-10-29 17:20:11'),
	(7, 83, 1, '2018-10-29 17:13:49', '2018-10-29 17:20:11'),
	(7, 84, 1, '2018-10-29 17:13:49', '2018-10-29 17:20:11'),
	(7, 85, 1, '2018-10-29 17:13:49', '2018-10-29 17:20:11'),
	(7, 86, 1, '2018-10-29 17:13:49', '2018-10-29 17:20:11'),
	(7, 87, 1, '2018-10-29 17:13:49', '2018-10-29 17:20:11'),
	(7, 88, 1, '2018-10-29 17:13:49', '2018-10-29 17:20:11'),
	(7, 89, 1, '2018-10-29 17:13:49', '2018-10-29 17:20:11'),
	(7, 90, 1, '2018-10-29 17:13:49', '2018-10-29 17:20:11'),
	(7, 91, 1, '2018-10-29 17:13:49', '2018-10-29 17:20:11'),
	(7, 92, 1, '2018-10-29 17:13:49', '2018-10-29 17:20:11'),
	(7, 93, 1, '2018-10-29 17:13:49', '2018-10-29 17:20:11'),
	(7, 94, 1, '2018-10-29 17:13:49', '2018-10-29 17:20:11'),
	(7, 95, 1, '2018-10-29 17:13:49', '2018-10-29 17:20:11'),
	(7, 96, 1, '2018-10-29 17:13:49', '2018-10-29 17:20:11'),
	(7, 97, 1, '2018-10-29 17:13:49', '2018-10-29 17:20:11'),
	(7, 98, 1, '2018-10-29 17:13:49', '2018-10-29 17:20:11'),
	(7, 99, 1, '2018-10-29 17:13:49', '2018-10-29 17:20:11'),
	(7, 100, 1, '2018-10-29 17:13:49', '2018-10-29 17:20:11'),
	(7, 101, 1, '2018-10-29 17:13:49', '2018-10-29 17:20:11'),
	(7, 102, 1, '2018-10-29 17:13:49', '2018-10-29 17:20:11'),
	(7, 103, 1, '2018-10-29 17:13:49', '2018-10-29 17:20:11'),
	(7, 104, 1, '2018-10-29 17:13:49', '2018-10-29 17:20:11'),
	(7, 105, 1, '2018-10-29 17:13:49', '2018-10-29 17:20:11'),
	(7, 106, 1, '2018-10-29 17:13:49', '2018-10-29 17:20:11'),
	(7, 107, 1, '2018-10-29 17:13:49', '2018-10-29 17:20:11'),
	(7, 108, 1, '2018-10-29 17:13:49', '2018-10-29 17:20:11'),
	(7, 109, 1, '2018-10-29 17:13:49', '2018-10-29 17:20:11'),
	(7, 110, 1, '2018-10-29 17:13:49', '2018-10-29 17:20:11'),
	(7, 111, 1, '2018-10-29 17:13:49', '2018-10-29 17:20:11'),
	(18, 1, 1, '2018-11-01 10:56:13', NULL),
	(18, 2, 1, '2018-11-01 10:56:13', NULL),
	(18, 3, 1, '2018-11-01 10:56:13', NULL),
	(18, 4, 1, '2018-11-01 10:56:13', NULL),
	(18, 5, 1, '2018-11-01 10:56:13', NULL),
	(18, 6, 1, '2018-11-01 10:56:13', NULL),
	(18, 7, 1, '2018-11-01 10:56:13', NULL),
	(18, 8, 1, '2018-11-01 10:56:13', NULL),
	(18, 9, 1, '2018-11-01 10:56:13', NULL),
	(18, 10, 1, '2018-11-01 10:56:13', NULL),
	(18, 11, 1, '2018-11-01 10:56:13', NULL),
	(18, 12, 1, '2018-11-01 10:56:13', NULL),
	(18, 13, 1, '2018-11-01 10:56:13', NULL),
	(18, 14, 1, '2018-11-01 10:56:13', NULL),
	(18, 15, 1, '2018-11-01 10:56:13', NULL),
	(18, 16, 1, '2018-11-01 10:56:13', NULL),
	(18, 17, 1, '2018-11-01 10:56:13', NULL),
	(18, 18, 1, '2018-11-01 10:56:13', NULL),
	(18, 19, 1, '2018-11-01 10:56:13', NULL),
	(18, 20, 1, '2018-11-01 10:56:13', NULL),
	(18, 21, 1, '2018-11-01 10:56:13', NULL),
	(18, 22, 1, '2018-11-01 10:56:13', NULL),
	(18, 23, 1, '2018-11-01 10:56:13', NULL),
	(18, 24, 1, '2018-11-01 10:56:13', NULL),
	(18, 25, 1, '2018-11-01 10:56:13', NULL),
	(18, 26, 1, '2018-11-01 10:56:13', NULL),
	(18, 27, 1, '2018-11-01 10:56:13', NULL),
	(18, 28, 1, '2018-11-01 10:56:13', NULL),
	(18, 29, 1, '2018-11-01 10:56:13', NULL),
	(18, 30, 1, '2018-11-01 10:56:13', NULL),
	(18, 31, 1, '2018-11-01 10:56:13', NULL),
	(18, 32, 1, '2018-11-01 10:56:13', NULL),
	(18, 33, 1, '2018-11-01 10:56:13', NULL),
	(18, 34, 1, '2018-11-01 10:56:13', NULL),
	(18, 35, 1, '2018-11-01 10:56:13', NULL),
	(18, 36, 1, '2018-11-01 10:56:13', NULL),
	(18, 37, 1, '2018-11-01 10:56:13', NULL),
	(18, 38, 1, '2018-11-01 10:56:13', NULL),
	(18, 39, 1, '2018-11-01 10:56:13', NULL),
	(18, 40, 1, '2018-11-01 10:56:13', NULL),
	(18, 41, 1, '2018-11-01 10:56:13', NULL),
	(18, 42, 1, '2018-11-01 10:56:13', NULL),
	(18, 43, 1, '2018-11-01 10:56:13', NULL),
	(18, 44, 1, '2018-11-01 10:56:13', NULL),
	(18, 45, 1, '2018-11-01 10:56:13', NULL),
	(18, 46, 1, '2018-11-01 10:56:13', NULL),
	(18, 47, 1, '2018-11-01 10:56:13', NULL),
	(18, 48, 1, '2018-11-01 10:56:13', NULL),
	(18, 49, 1, '2018-11-01 10:56:13', NULL),
	(18, 50, 1, '2018-11-01 10:56:13', NULL),
	(18, 51, 1, '2018-11-01 10:56:13', NULL),
	(18, 52, 1, '2018-11-01 10:56:13', NULL),
	(18, 53, 1, '2018-11-01 10:56:13', NULL),
	(18, 54, 1, '2018-11-01 10:56:13', NULL),
	(18, 55, 1, '2018-11-01 10:56:13', NULL),
	(18, 56, 1, '2018-11-01 10:56:13', NULL),
	(18, 57, 1, '2018-11-01 10:56:13', NULL),
	(18, 58, 1, '2018-11-01 10:56:13', NULL),
	(18, 59, 1, '2018-11-01 10:56:13', NULL),
	(18, 60, 1, '2018-11-01 10:56:13', NULL),
	(18, 61, 1, '2018-11-01 10:56:13', NULL),
	(18, 62, 1, '2018-11-01 10:56:13', NULL),
	(18, 63, 1, '2018-11-01 10:56:13', NULL),
	(18, 64, 1, '2018-11-01 10:56:13', NULL),
	(18, 65, 1, '2018-11-01 10:56:13', NULL),
	(18, 66, 1, '2018-11-01 10:56:13', NULL),
	(18, 67, 1, '2018-11-01 10:56:13', NULL),
	(18, 68, 1, '2018-11-01 10:56:13', NULL),
	(18, 69, 1, '2018-11-01 10:56:13', NULL),
	(18, 70, 1, '2018-11-01 10:56:13', NULL),
	(18, 71, 1, '2018-11-01 10:56:13', NULL),
	(18, 72, 1, '2018-11-01 10:56:13', NULL),
	(18, 73, 1, '2018-11-01 10:56:13', NULL),
	(18, 74, 1, '2018-11-01 10:56:13', NULL),
	(18, 75, 1, '2018-11-01 10:56:13', NULL),
	(18, 76, 1, '2018-11-01 10:56:13', NULL),
	(18, 77, 1, '2018-11-01 10:56:13', NULL),
	(18, 78, 1, '2018-11-01 10:56:13', NULL),
	(18, 79, 1, '2018-11-01 10:56:13', NULL),
	(18, 80, 1, '2018-11-01 10:56:13', NULL),
	(18, 81, 1, '2018-11-01 10:56:13', NULL),
	(18, 82, 1, '2018-11-01 10:56:13', NULL),
	(18, 83, 1, '2018-11-01 10:56:13', NULL),
	(18, 84, 1, '2018-11-01 10:56:13', NULL),
	(18, 85, 1, '2018-11-01 10:56:13', NULL),
	(18, 86, 1, '2018-11-01 10:56:13', NULL),
	(18, 87, 1, '2018-11-01 10:56:13', NULL),
	(18, 88, 1, '2018-11-01 10:56:13', NULL),
	(18, 89, 1, '2018-11-01 10:56:13', NULL),
	(18, 90, 1, '2018-11-01 10:56:13', NULL),
	(18, 91, 1, '2018-11-01 10:56:13', NULL),
	(18, 92, 1, '2018-11-01 10:56:13', NULL),
	(18, 93, 1, '2018-11-01 10:56:13', NULL),
	(18, 94, 1, '2018-11-01 10:56:13', NULL),
	(18, 95, 1, '2018-11-01 10:56:13', NULL),
	(18, 96, 1, '2018-11-01 10:56:13', NULL),
	(18, 97, 1, '2018-11-01 10:56:13', NULL),
	(18, 98, 1, '2018-11-01 10:56:13', NULL),
	(18, 99, 1, '2018-11-01 10:56:13', NULL),
	(18, 100, 1, '2018-11-01 10:56:13', NULL),
	(18, 101, 1, '2018-11-01 10:56:13', NULL),
	(18, 102, 1, '2018-11-01 10:56:13', NULL),
	(18, 103, 1, '2018-11-01 10:56:13', NULL),
	(18, 104, 1, '2018-11-01 10:56:13', NULL),
	(18, 105, 1, '2018-11-01 10:56:13', NULL),
	(18, 106, 1, '2018-11-01 10:56:13', NULL),
	(18, 107, 1, '2018-11-01 10:56:13', NULL),
	(18, 108, 1, '2018-11-01 10:56:13', NULL),
	(18, 109, 1, '2018-11-01 10:56:13', NULL),
	(18, 110, 1, '2018-11-01 10:56:13', NULL),
	(18, 111, 1, '2018-11-01 10:56:13', NULL),
	(19, 1, 1, '2018-10-29 17:23:38', NULL),
	(19, 2, 1, '2018-10-29 17:23:38', NULL),
	(19, 3, 1, '2018-10-29 17:23:38', NULL),
	(19, 4, 1, '2018-10-29 17:23:38', NULL),
	(19, 5, 1, '2018-10-29 17:23:38', NULL),
	(19, 6, 1, '2018-10-29 17:23:38', NULL),
	(19, 7, 1, '2018-10-29 17:23:38', NULL),
	(19, 8, 1, '2018-10-29 17:23:38', NULL),
	(19, 9, 1, '2018-10-29 17:23:38', NULL),
	(19, 10, 1, '2018-10-29 17:23:38', NULL),
	(19, 11, 1, '2018-10-29 17:23:38', NULL),
	(19, 12, 1, '2018-10-29 17:23:38', NULL),
	(19, 13, 1, '2018-10-29 17:23:38', NULL),
	(19, 14, 1, '2018-10-29 17:23:38', NULL),
	(19, 15, 1, '2018-10-29 17:23:38', NULL),
	(19, 16, 1, '2018-10-29 17:23:38', NULL),
	(19, 17, 1, '2018-10-29 17:23:38', NULL),
	(19, 18, 1, '2018-10-29 17:23:38', NULL),
	(19, 19, 1, '2018-10-29 17:23:38', NULL),
	(19, 20, 1, '2018-10-29 17:23:38', NULL),
	(19, 21, 1, '2018-10-29 17:23:38', NULL),
	(19, 22, 1, '2018-10-29 17:23:38', NULL),
	(19, 23, 1, '2018-10-29 17:23:38', NULL),
	(19, 24, 1, '2018-10-29 17:23:38', NULL),
	(19, 25, 1, '2018-10-29 17:23:38', NULL),
	(19, 26, 1, '2018-10-29 17:23:38', NULL),
	(19, 27, 1, '2018-10-29 17:23:38', NULL),
	(19, 28, 1, '2018-10-29 17:23:38', NULL),
	(19, 29, 1, '2018-10-29 17:23:38', NULL),
	(19, 30, 1, '2018-10-29 17:23:38', NULL),
	(19, 31, 1, '2018-10-29 17:23:38', NULL),
	(19, 32, 1, '2018-10-29 17:23:38', NULL),
	(19, 33, 1, '2018-10-29 17:23:38', NULL),
	(19, 34, 1, '2018-10-29 17:23:38', NULL),
	(19, 35, 1, '2018-10-29 17:23:38', NULL),
	(19, 36, 1, '2018-10-29 17:23:38', NULL),
	(19, 37, 1, '2018-10-29 17:23:38', NULL),
	(19, 38, 1, '2018-10-29 17:23:38', NULL),
	(19, 39, 1, '2018-10-29 17:23:38', NULL),
	(19, 40, 1, '2018-10-29 17:23:38', NULL),
	(19, 41, 1, '2018-10-29 17:23:38', NULL),
	(19, 42, 1, '2018-10-29 17:23:38', NULL),
	(19, 43, 1, '2018-10-29 17:23:38', NULL),
	(19, 44, 1, '2018-10-29 17:23:38', NULL),
	(19, 45, 1, '2018-10-29 17:23:38', NULL),
	(19, 46, 1, '2018-10-29 17:23:38', NULL),
	(19, 47, 1, '2018-10-29 17:23:38', NULL),
	(19, 48, 1, '2018-10-29 17:23:38', NULL),
	(19, 49, 1, '2018-10-29 17:23:38', NULL),
	(19, 50, 1, '2018-10-29 17:23:38', NULL),
	(19, 51, 1, '2018-10-29 17:23:38', NULL),
	(19, 52, 1, '2018-10-29 17:23:38', NULL),
	(19, 53, 1, '2018-10-29 17:23:38', NULL),
	(19, 54, 1, '2018-10-29 17:23:38', NULL),
	(19, 55, 1, '2018-10-29 17:23:38', NULL),
	(19, 56, 1, '2018-10-29 17:23:38', NULL),
	(19, 57, 1, '2018-10-29 17:23:38', NULL),
	(19, 58, 1, '2018-10-29 17:23:38', NULL),
	(19, 59, 1, '2018-10-29 17:23:38', NULL),
	(19, 60, 1, '2018-10-29 17:23:38', NULL),
	(19, 61, 1, '2018-10-29 17:23:38', NULL),
	(19, 62, 1, '2018-10-29 17:23:38', NULL),
	(19, 63, 1, '2018-10-29 17:23:38', NULL),
	(19, 64, 1, '2018-10-29 17:23:38', NULL),
	(19, 65, 1, '2018-10-29 17:23:38', NULL),
	(19, 66, 1, '2018-10-29 17:23:38', NULL),
	(19, 67, 1, '2018-10-29 17:23:38', NULL),
	(19, 68, 1, '2018-10-29 17:23:38', NULL),
	(19, 69, 1, '2018-10-29 17:23:38', NULL),
	(19, 70, 1, '2018-10-29 17:23:38', NULL),
	(19, 71, 1, '2018-10-29 17:23:38', NULL),
	(19, 72, 1, '2018-10-29 17:23:38', NULL),
	(19, 73, 1, '2018-10-29 17:23:38', NULL),
	(19, 74, 1, '2018-10-29 17:23:38', NULL),
	(19, 75, 1, '2018-10-29 17:23:38', NULL),
	(19, 76, 1, '2018-10-29 17:23:38', NULL),
	(19, 77, 1, '2018-10-29 17:23:38', NULL),
	(19, 78, 1, '2018-10-29 17:23:38', NULL),
	(19, 79, 1, '2018-10-29 17:23:38', NULL),
	(19, 80, 1, '2018-10-29 17:23:38', NULL),
	(19, 81, 1, '2018-10-29 17:23:38', NULL),
	(19, 82, 1, '2018-10-29 17:23:38', NULL),
	(19, 83, 1, '2018-10-29 17:23:38', NULL),
	(19, 84, 1, '2018-10-29 17:23:38', NULL),
	(19, 85, 1, '2018-10-29 17:23:38', NULL),
	(19, 86, 1, '2018-10-29 17:23:38', NULL),
	(19, 87, 1, '2018-10-29 17:23:38', NULL),
	(19, 88, 1, '2018-10-29 17:23:38', NULL),
	(19, 89, 1, '2018-10-29 17:23:38', NULL),
	(19, 90, 1, '2018-10-29 17:23:38', NULL),
	(19, 91, 1, '2018-10-29 17:23:38', NULL),
	(19, 92, 1, '2018-10-29 17:23:38', NULL),
	(19, 93, 1, '2018-10-29 17:23:38', NULL),
	(19, 94, 1, '2018-10-29 17:23:38', NULL),
	(19, 95, 1, '2018-10-29 17:23:38', NULL),
	(19, 96, 1, '2018-10-29 17:23:38', NULL),
	(19, 97, 1, '2018-10-29 17:23:38', NULL),
	(19, 98, 1, '2018-10-29 17:23:38', NULL),
	(19, 99, 1, '2018-10-29 17:23:38', NULL),
	(19, 100, 1, '2018-10-29 17:23:38', NULL),
	(19, 101, 1, '2018-10-29 17:23:38', NULL),
	(19, 102, 1, '2018-10-29 17:23:38', NULL),
	(19, 103, 1, '2018-10-29 17:23:38', NULL),
	(19, 104, 1, '2018-10-29 17:23:38', NULL),
	(19, 105, 1, '2018-10-29 17:23:38', NULL),
	(19, 106, 1, '2018-10-29 17:23:38', NULL),
	(19, 107, 1, '2018-10-29 17:23:38', NULL),
	(19, 108, 1, '2018-10-29 17:23:38', NULL),
	(19, 109, 1, '2018-10-29 17:23:38', NULL),
	(19, 110, 1, '2018-10-29 17:23:38', NULL),
	(19, 111, 1, '2018-10-29 17:23:38', NULL),
	(48, 1, 1, '2018-10-29 17:18:08', NULL),
	(48, 2, 1, '2018-10-29 17:18:08', NULL),
	(48, 3, 1, '2018-10-29 17:18:08', NULL),
	(48, 4, 1, '2018-10-29 17:18:08', NULL),
	(48, 5, 1, '2018-10-29 17:18:08', NULL),
	(48, 6, 1, '2018-10-29 17:18:08', NULL),
	(48, 7, 1, '2018-10-29 17:18:08', NULL),
	(48, 8, 1, '2018-10-29 17:18:08', NULL),
	(48, 9, 1, '2018-10-29 17:18:08', NULL),
	(48, 10, 1, '2018-10-29 17:18:08', NULL),
	(48, 11, 1, '2018-10-29 17:18:08', NULL),
	(48, 12, 1, '2018-10-29 17:18:08', NULL),
	(48, 13, 1, '2018-10-29 17:18:08', NULL),
	(48, 14, 1, '2018-10-29 17:18:08', NULL),
	(48, 15, 1, '2018-10-29 17:18:08', NULL),
	(48, 16, 1, '2018-10-29 17:18:08', NULL),
	(48, 17, 1, '2018-10-29 17:18:08', NULL),
	(48, 18, 1, '2018-10-29 17:18:08', NULL),
	(48, 19, 1, '2018-10-29 17:18:08', NULL),
	(48, 20, 1, '2018-10-29 17:18:08', NULL),
	(48, 21, 1, '2018-10-29 17:18:08', NULL),
	(48, 22, 1, '2018-10-29 17:18:08', NULL),
	(48, 23, 1, '2018-10-29 17:18:08', NULL),
	(48, 24, 1, '2018-10-29 17:18:08', NULL),
	(48, 25, 1, '2018-10-29 17:18:08', NULL),
	(48, 26, 1, '2018-10-29 17:18:08', NULL),
	(48, 27, 1, '2018-10-29 17:18:08', NULL),
	(48, 28, 1, '2018-10-29 17:18:08', NULL),
	(48, 29, 1, '2018-10-29 17:18:08', NULL),
	(48, 30, 1, '2018-10-29 17:18:08', NULL),
	(48, 31, 1, '2018-10-29 17:18:08', NULL),
	(48, 32, 1, '2018-10-29 17:18:08', NULL),
	(48, 33, 1, '2018-10-29 17:18:08', NULL),
	(48, 34, 1, '2018-10-29 17:18:08', NULL),
	(48, 35, 1, '2018-10-29 17:18:08', NULL),
	(48, 36, 1, '2018-10-29 17:18:08', NULL),
	(48, 37, 1, '2018-10-29 17:18:08', NULL),
	(48, 38, 1, '2018-10-29 17:18:08', NULL),
	(48, 39, 1, '2018-10-29 17:18:08', NULL),
	(48, 40, 1, '2018-10-29 17:18:08', NULL),
	(48, 41, 1, '2018-10-29 17:18:08', NULL),
	(48, 42, 1, '2018-10-29 17:18:08', NULL),
	(48, 43, 1, '2018-10-29 17:18:08', NULL),
	(48, 44, 1, '2018-10-29 17:18:08', NULL),
	(48, 45, 1, '2018-10-29 17:18:08', NULL),
	(48, 46, 1, '2018-10-29 17:18:08', NULL),
	(48, 47, 1, '2018-10-29 17:18:08', NULL),
	(48, 48, 1, '2018-10-29 17:18:08', NULL),
	(48, 49, 1, '2018-10-29 17:18:08', NULL),
	(48, 50, 1, '2018-10-29 17:18:08', NULL),
	(48, 51, 1, '2018-10-29 17:18:08', NULL),
	(48, 52, 1, '2018-10-29 17:18:08', NULL),
	(48, 53, 1, '2018-10-29 17:18:08', NULL),
	(48, 54, 1, '2018-10-29 17:18:08', NULL),
	(48, 55, 1, '2018-10-29 17:18:08', NULL),
	(48, 56, 1, '2018-10-29 17:18:08', NULL),
	(48, 57, 1, '2018-10-29 17:18:08', NULL),
	(48, 58, 1, '2018-10-29 17:18:08', NULL),
	(48, 59, 1, '2018-10-29 17:18:08', NULL),
	(48, 60, 1, '2018-10-29 17:18:08', NULL),
	(48, 61, 1, '2018-10-29 17:18:08', NULL),
	(48, 62, 1, '2018-10-29 17:18:08', NULL),
	(48, 63, 1, '2018-10-29 17:18:08', NULL),
	(48, 64, 1, '2018-10-29 17:18:08', NULL),
	(48, 65, 1, '2018-10-29 17:18:08', NULL),
	(48, 66, 1, '2018-10-29 17:18:08', NULL),
	(48, 67, 1, '2018-10-29 17:18:08', NULL),
	(48, 68, 1, '2018-10-29 17:18:08', NULL),
	(48, 69, 1, '2018-10-29 17:18:08', NULL),
	(48, 70, 1, '2018-10-29 17:18:08', NULL),
	(48, 71, 1, '2018-10-29 17:18:08', NULL),
	(48, 72, 1, '2018-10-29 17:18:08', NULL),
	(48, 73, 1, '2018-10-29 17:18:08', NULL),
	(48, 74, 1, '2018-10-29 17:18:08', NULL),
	(48, 75, 1, '2018-10-29 17:18:08', NULL),
	(48, 76, 1, '2018-10-29 17:18:08', NULL),
	(48, 77, 1, '2018-10-29 17:18:08', NULL),
	(48, 78, 1, '2018-10-29 17:18:08', NULL),
	(48, 79, 1, '2018-10-29 17:18:08', NULL),
	(48, 80, 1, '2018-10-29 17:18:08', NULL),
	(48, 81, 1, '2018-10-29 17:18:08', NULL),
	(48, 82, 1, '2018-10-29 17:18:08', NULL),
	(48, 83, 1, '2018-10-29 17:18:08', NULL),
	(48, 84, 1, '2018-10-29 17:18:08', NULL),
	(48, 85, 1, '2018-10-29 17:18:08', NULL),
	(48, 86, 1, '2018-10-29 17:18:08', NULL),
	(48, 87, 1, '2018-10-29 17:18:08', NULL),
	(48, 88, 1, '2018-10-29 17:18:08', NULL),
	(48, 89, 1, '2018-10-29 17:18:08', NULL),
	(48, 90, 1, '2018-10-29 17:18:08', NULL),
	(48, 91, 1, '2018-10-29 17:18:08', NULL),
	(48, 92, 1, '2018-10-29 17:18:08', NULL),
	(48, 93, 1, '2018-10-29 17:18:08', NULL),
	(48, 94, 1, '2018-10-29 17:18:08', NULL),
	(48, 95, 1, '2018-10-29 17:18:08', NULL),
	(48, 96, 1, '2018-10-29 17:18:08', NULL),
	(48, 97, 1, '2018-10-29 17:18:08', NULL),
	(48, 98, 1, '2018-10-29 17:18:08', NULL),
	(48, 99, 1, '2018-10-29 17:18:08', NULL),
	(48, 100, 1, '2018-10-29 17:18:08', NULL),
	(48, 101, 1, '2018-10-29 17:18:08', NULL),
	(48, 102, 1, '2018-10-29 17:18:08', NULL),
	(48, 103, 1, '2018-10-29 17:18:08', NULL),
	(48, 104, 1, '2018-10-29 17:18:08', NULL),
	(48, 105, 1, '2018-10-29 17:18:08', NULL),
	(48, 106, 1, '2018-10-29 17:18:08', NULL),
	(48, 107, 1, '2018-10-29 17:18:08', NULL),
	(48, 108, 1, '2018-10-29 17:18:08', NULL),
	(48, 109, 1, '2018-10-29 17:18:08', NULL),
	(48, 110, 1, '2018-10-29 17:18:08', NULL),
	(48, 111, 1, '2018-10-29 17:18:08', NULL),
	(49, 1, 1, '2018-10-29 17:17:55', NULL),
	(49, 2, 1, '2018-10-29 17:17:55', NULL),
	(49, 3, 1, '2018-10-29 17:17:55', NULL),
	(49, 4, 1, '2018-10-29 17:17:55', NULL),
	(49, 5, 1, '2018-10-29 17:17:55', NULL),
	(49, 6, 1, '2018-10-29 17:17:55', NULL),
	(49, 7, 1, '2018-10-29 17:17:55', NULL),
	(49, 8, 1, '2018-10-29 17:17:55', NULL),
	(49, 9, 1, '2018-10-29 17:17:55', NULL),
	(49, 10, 1, '2018-10-29 17:17:55', NULL),
	(49, 11, 1, '2018-10-29 17:17:55', NULL),
	(49, 12, 1, '2018-10-29 17:17:55', NULL),
	(49, 13, 1, '2018-10-29 17:17:55', NULL),
	(49, 14, 1, '2018-10-29 17:17:55', NULL),
	(49, 15, 1, '2018-10-29 17:17:55', NULL),
	(49, 16, 1, '2018-10-29 17:17:55', NULL),
	(49, 17, 1, '2018-10-29 17:17:55', NULL),
	(49, 18, 1, '2018-10-29 17:17:55', NULL),
	(49, 19, 1, '2018-10-29 17:17:55', NULL),
	(49, 20, 1, '2018-10-29 17:17:55', NULL),
	(49, 21, 1, '2018-10-29 17:17:55', NULL),
	(49, 22, 1, '2018-10-29 17:17:55', NULL),
	(49, 23, 1, '2018-10-29 17:17:55', NULL),
	(49, 24, 1, '2018-10-29 17:17:55', NULL),
	(49, 25, 1, '2018-10-29 17:17:55', NULL),
	(49, 26, 1, '2018-10-29 17:17:55', NULL),
	(49, 27, 1, '2018-10-29 17:17:55', NULL),
	(49, 28, 1, '2018-10-29 17:17:55', NULL),
	(49, 29, 1, '2018-10-29 17:17:55', NULL),
	(49, 30, 1, '2018-10-29 17:17:55', NULL),
	(49, 31, 1, '2018-10-29 17:17:55', NULL),
	(49, 32, 1, '2018-10-29 17:17:55', NULL),
	(49, 33, 1, '2018-10-29 17:17:55', NULL),
	(49, 34, 1, '2018-10-29 17:17:55', NULL),
	(49, 35, 1, '2018-10-29 17:17:55', NULL),
	(49, 36, 1, '2018-10-29 17:17:55', NULL),
	(49, 37, 1, '2018-10-29 17:17:55', NULL),
	(49, 38, 1, '2018-10-29 17:17:55', NULL),
	(49, 39, 1, '2018-10-29 17:17:55', NULL),
	(49, 40, 1, '2018-10-29 17:17:55', NULL),
	(49, 41, 1, '2018-10-29 17:17:55', NULL),
	(49, 42, 1, '2018-10-29 17:17:55', NULL),
	(49, 43, 1, '2018-10-29 17:17:55', NULL),
	(49, 44, 1, '2018-10-29 17:17:55', NULL),
	(49, 45, 1, '2018-10-29 17:17:55', NULL),
	(49, 46, 1, '2018-10-29 17:17:55', NULL),
	(49, 47, 1, '2018-10-29 17:17:55', NULL),
	(49, 48, 1, '2018-10-29 17:17:55', NULL),
	(49, 49, 1, '2018-10-29 17:17:55', NULL),
	(49, 50, 1, '2018-10-29 17:17:55', NULL),
	(49, 51, 1, '2018-10-29 17:17:55', NULL),
	(49, 52, 1, '2018-10-29 17:17:55', NULL),
	(49, 53, 1, '2018-10-29 17:17:55', NULL),
	(49, 54, 1, '2018-10-29 17:17:55', NULL),
	(49, 55, 1, '2018-10-29 17:17:55', NULL),
	(49, 56, 1, '2018-10-29 17:17:55', NULL),
	(49, 57, 1, '2018-10-29 17:17:55', NULL),
	(49, 58, 1, '2018-10-29 17:17:55', NULL),
	(49, 59, 1, '2018-10-29 17:17:55', NULL),
	(49, 60, 1, '2018-10-29 17:17:55', NULL),
	(49, 61, 1, '2018-10-29 17:17:55', NULL),
	(49, 62, 1, '2018-10-29 17:17:55', NULL),
	(49, 63, 1, '2018-10-29 17:17:55', NULL),
	(49, 64, 1, '2018-10-29 17:17:55', NULL),
	(49, 65, 1, '2018-10-29 17:17:55', NULL),
	(49, 66, 1, '2018-10-29 17:17:55', NULL),
	(49, 67, 1, '2018-10-29 17:17:55', NULL),
	(49, 68, 1, '2018-10-29 17:17:55', NULL),
	(49, 69, 1, '2018-10-29 17:17:55', NULL),
	(49, 70, 1, '2018-10-29 17:17:55', NULL),
	(49, 71, 1, '2018-10-29 17:17:55', NULL),
	(49, 72, 1, '2018-10-29 17:17:55', NULL),
	(49, 73, 1, '2018-10-29 17:17:55', NULL),
	(49, 74, 1, '2018-10-29 17:17:55', NULL),
	(49, 75, 1, '2018-10-29 17:17:55', NULL),
	(49, 76, 1, '2018-10-29 17:17:55', NULL),
	(49, 77, 1, '2018-10-29 17:17:55', NULL),
	(49, 78, 1, '2018-10-29 17:17:55', NULL),
	(49, 79, 1, '2018-10-29 17:17:55', NULL),
	(49, 80, 1, '2018-10-29 17:17:55', NULL),
	(49, 81, 1, '2018-10-29 17:17:55', NULL),
	(49, 82, 1, '2018-10-29 17:17:55', NULL),
	(49, 83, 1, '2018-10-29 17:17:55', NULL),
	(49, 84, 1, '2018-10-29 17:17:55', NULL),
	(49, 85, 1, '2018-10-29 17:17:55', NULL),
	(49, 86, 1, '2018-10-29 17:17:55', NULL),
	(49, 87, 1, '2018-10-29 17:17:55', NULL),
	(49, 88, 1, '2018-10-29 17:17:55', NULL),
	(49, 89, 1, '2018-10-29 17:17:55', NULL),
	(49, 90, 1, '2018-10-29 17:17:55', NULL),
	(49, 91, 1, '2018-10-29 17:17:55', NULL),
	(49, 92, 1, '2018-10-29 17:17:55', NULL),
	(49, 93, 1, '2018-10-29 17:17:55', NULL),
	(49, 94, 1, '2018-10-29 17:17:55', NULL),
	(49, 95, 1, '2018-10-29 17:17:55', NULL),
	(49, 96, 1, '2018-10-29 17:17:55', NULL),
	(49, 97, 1, '2018-10-29 17:17:55', NULL),
	(49, 98, 1, '2018-10-29 17:17:55', NULL),
	(49, 99, 1, '2018-10-29 17:17:55', NULL),
	(49, 100, 1, '2018-10-29 17:17:55', NULL),
	(49, 101, 1, '2018-10-29 17:17:55', NULL),
	(49, 102, 1, '2018-10-29 17:17:55', NULL),
	(49, 103, 1, '2018-10-29 17:17:55', NULL),
	(49, 104, 1, '2018-10-29 17:17:55', NULL),
	(49, 105, 1, '2018-10-29 17:17:55', NULL),
	(49, 106, 1, '2018-10-29 17:17:55', NULL),
	(49, 107, 1, '2018-10-29 17:17:55', NULL),
	(49, 108, 1, '2018-10-29 17:17:55', NULL),
	(49, 109, 1, '2018-10-29 17:17:55', NULL),
	(49, 110, 1, '2018-10-29 17:17:55', NULL),
	(49, 111, 1, '2018-10-29 17:17:55', NULL),
	(54, 1, 1, '2018-11-01 10:56:31', NULL),
	(54, 2, 1, '2018-11-01 10:56:31', NULL),
	(54, 3, 1, '2018-11-01 10:56:31', NULL),
	(54, 4, 1, '2018-11-01 10:56:31', NULL),
	(54, 5, 1, '2018-11-01 10:56:31', NULL),
	(54, 6, 1, '2018-11-01 10:56:31', NULL),
	(54, 7, 1, '2018-11-01 10:56:31', NULL),
	(54, 8, 1, '2018-11-01 10:56:31', NULL),
	(54, 9, 1, '2018-11-01 10:56:31', NULL),
	(54, 10, 1, '2018-11-01 10:56:31', NULL),
	(54, 11, 1, '2018-11-01 10:56:31', NULL),
	(54, 12, 1, '2018-11-01 10:56:31', NULL),
	(54, 13, 1, '2018-11-01 10:56:31', NULL),
	(54, 14, 1, '2018-11-01 10:56:31', NULL),
	(54, 15, 1, '2018-11-01 10:56:31', NULL),
	(54, 16, 1, '2018-11-01 10:56:31', NULL),
	(54, 17, 1, '2018-11-01 10:56:31', NULL),
	(54, 18, 1, '2018-11-01 10:56:31', NULL),
	(54, 19, 1, '2018-11-01 10:56:31', NULL),
	(54, 20, 1, '2018-11-01 10:56:31', NULL),
	(54, 21, 1, '2018-11-01 10:56:31', NULL),
	(54, 22, 1, '2018-11-01 10:56:31', NULL),
	(54, 23, 1, '2018-11-01 10:56:31', NULL),
	(54, 24, 1, '2018-11-01 10:56:31', NULL),
	(54, 25, 1, '2018-11-01 10:56:31', NULL),
	(54, 26, 1, '2018-11-01 10:56:31', NULL),
	(54, 27, 1, '2018-11-01 10:56:31', NULL),
	(54, 28, 1, '2018-11-01 10:56:31', NULL),
	(54, 29, 1, '2018-11-01 10:56:31', NULL),
	(54, 30, 1, '2018-11-01 10:56:31', NULL),
	(54, 31, 1, '2018-11-01 10:56:31', NULL),
	(54, 32, 1, '2018-11-01 10:56:31', NULL),
	(54, 33, 1, '2018-11-01 10:56:31', NULL),
	(54, 34, 1, '2018-11-01 10:56:31', NULL),
	(54, 35, 1, '2018-11-01 10:56:31', NULL),
	(54, 36, 1, '2018-11-01 10:56:31', NULL),
	(54, 37, 1, '2018-11-01 10:56:31', NULL),
	(54, 38, 1, '2018-11-01 10:56:31', NULL),
	(54, 39, 1, '2018-11-01 10:56:31', NULL),
	(54, 40, 1, '2018-11-01 10:56:31', NULL),
	(54, 41, 1, '2018-11-01 10:56:31', NULL),
	(54, 42, 1, '2018-11-01 10:56:31', NULL),
	(54, 43, 1, '2018-11-01 10:56:31', NULL),
	(54, 44, 1, '2018-11-01 10:56:31', NULL),
	(54, 45, 1, '2018-11-01 10:56:31', NULL),
	(54, 46, 1, '2018-11-01 10:56:31', NULL),
	(54, 47, 1, '2018-11-01 10:56:31', NULL),
	(54, 48, 1, '2018-11-01 10:56:31', NULL),
	(54, 49, 1, '2018-11-01 10:56:31', NULL),
	(54, 50, 1, '2018-11-01 10:56:31', NULL),
	(54, 51, 1, '2018-11-01 10:56:31', NULL),
	(54, 52, 1, '2018-11-01 10:56:31', NULL),
	(54, 53, 1, '2018-11-01 10:56:31', NULL),
	(54, 54, 1, '2018-11-01 10:56:31', NULL),
	(54, 55, 1, '2018-11-01 10:56:31', NULL),
	(54, 56, 1, '2018-11-01 10:56:31', NULL),
	(54, 57, 1, '2018-11-01 10:56:31', NULL),
	(54, 58, 1, '2018-11-01 10:56:31', NULL),
	(54, 59, 1, '2018-11-01 10:56:31', NULL),
	(54, 60, 1, '2018-11-01 10:56:31', NULL),
	(54, 61, 1, '2018-11-01 10:56:31', NULL),
	(54, 62, 1, '2018-11-01 10:56:31', NULL),
	(54, 63, 1, '2018-11-01 10:56:31', NULL),
	(54, 64, 1, '2018-11-01 10:56:31', NULL),
	(54, 65, 1, '2018-11-01 10:56:31', NULL),
	(54, 66, 1, '2018-11-01 10:56:31', NULL),
	(54, 67, 1, '2018-11-01 10:56:31', NULL),
	(54, 68, 1, '2018-11-01 10:56:31', NULL),
	(54, 69, 1, '2018-11-01 10:56:31', NULL),
	(54, 70, 1, '2018-11-01 10:56:31', NULL),
	(54, 71, 1, '2018-11-01 10:56:31', NULL),
	(54, 72, 1, '2018-11-01 10:56:31', NULL),
	(54, 73, 1, '2018-11-01 10:56:31', NULL),
	(54, 74, 1, '2018-11-01 10:56:31', NULL),
	(54, 75, 1, '2018-11-01 10:56:31', NULL),
	(54, 76, 1, '2018-11-01 10:56:31', NULL),
	(54, 77, 1, '2018-11-01 10:56:31', NULL),
	(54, 78, 1, '2018-11-01 10:56:31', NULL),
	(54, 79, 1, '2018-11-01 10:56:31', NULL),
	(54, 80, 1, '2018-11-01 10:56:31', NULL),
	(54, 81, 1, '2018-11-01 10:56:31', NULL),
	(54, 82, 1, '2018-11-01 10:56:31', NULL),
	(54, 83, 1, '2018-11-01 10:56:31', NULL),
	(54, 84, 1, '2018-11-01 10:56:31', NULL),
	(54, 85, 1, '2018-11-01 10:56:31', NULL),
	(54, 86, 1, '2018-11-01 10:56:31', NULL),
	(54, 87, 1, '2018-11-01 10:56:31', NULL),
	(54, 88, 1, '2018-11-01 10:56:31', NULL),
	(54, 89, 1, '2018-11-01 10:56:31', NULL),
	(54, 90, 1, '2018-11-01 10:56:31', NULL),
	(54, 91, 1, '2018-11-01 10:56:31', NULL),
	(54, 92, 1, '2018-11-01 10:56:31', NULL),
	(54, 93, 1, '2018-11-01 10:56:31', NULL),
	(54, 94, 1, '2018-11-01 10:56:31', NULL),
	(54, 95, 1, '2018-11-01 10:56:31', NULL),
	(54, 96, 1, '2018-11-01 10:56:31', NULL),
	(54, 97, 1, '2018-11-01 10:56:31', NULL),
	(54, 98, 1, '2018-11-01 10:56:31', NULL),
	(54, 99, 1, '2018-11-01 10:56:31', NULL),
	(54, 100, 1, '2018-11-01 10:56:31', NULL),
	(54, 101, 1, '2018-11-01 10:56:31', NULL),
	(54, 102, 1, '2018-11-01 10:56:31', NULL),
	(54, 103, 1, '2018-11-01 10:56:31', NULL),
	(54, 104, 1, '2018-11-01 10:56:31', NULL),
	(54, 105, 1, '2018-11-01 10:56:31', NULL),
	(54, 106, 1, '2018-11-01 10:56:31', NULL),
	(54, 107, 1, '2018-11-01 10:56:31', NULL),
	(54, 108, 1, '2018-11-01 10:56:31', NULL),
	(54, 109, 1, '2018-11-01 10:56:31', NULL),
	(54, 110, 1, '2018-11-01 10:56:31', NULL),
	(54, 111, 1, '2018-11-01 10:56:31', NULL),
	(57, 1, 1, '2018-11-01 10:54:44', NULL),
	(57, 2, 1, '2018-11-01 10:54:44', NULL),
	(57, 3, 1, '2018-11-01 10:54:44', NULL),
	(57, 4, 1, '2018-11-01 10:54:44', NULL),
	(57, 5, 1, '2018-11-01 10:54:44', NULL),
	(57, 6, 1, '2018-11-01 10:54:44', NULL),
	(57, 7, 1, '2018-11-01 10:54:44', NULL),
	(57, 8, 1, '2018-11-01 10:54:44', NULL),
	(57, 9, 1, '2018-11-01 10:54:44', NULL),
	(57, 10, 1, '2018-11-01 10:54:44', NULL),
	(57, 11, 1, '2018-11-01 10:54:44', NULL),
	(57, 12, 1, '2018-11-01 10:54:44', NULL),
	(57, 13, 1, '2018-11-01 10:54:44', NULL),
	(57, 14, 1, '2018-11-01 10:54:44', NULL),
	(57, 15, 1, '2018-11-01 10:54:44', NULL),
	(57, 16, 1, '2018-11-01 10:54:44', NULL),
	(57, 17, 1, '2018-11-01 10:54:44', NULL),
	(57, 18, 1, '2018-11-01 10:54:44', NULL),
	(57, 19, 1, '2018-11-01 10:54:44', NULL),
	(57, 20, 1, '2018-11-01 10:54:44', NULL),
	(57, 21, 1, '2018-11-01 10:54:44', NULL),
	(57, 22, 1, '2018-11-01 10:54:44', NULL),
	(57, 23, 1, '2018-11-01 10:54:44', NULL),
	(57, 24, 1, '2018-11-01 10:54:44', NULL),
	(57, 25, 1, '2018-11-01 10:54:44', NULL),
	(57, 26, 1, '2018-11-01 10:54:44', NULL),
	(57, 27, 1, '2018-11-01 10:54:44', NULL),
	(57, 28, 1, '2018-11-01 10:54:44', NULL),
	(57, 29, 1, '2018-11-01 10:54:44', NULL),
	(57, 30, 1, '2018-11-01 10:54:44', NULL),
	(57, 31, 1, '2018-11-01 10:54:44', NULL),
	(57, 32, 1, '2018-11-01 10:54:44', NULL),
	(57, 33, 1, '2018-11-01 10:54:44', NULL),
	(57, 34, 1, '2018-11-01 10:54:44', NULL),
	(57, 35, 1, '2018-11-01 10:54:44', NULL),
	(57, 36, 1, '2018-11-01 10:54:44', NULL),
	(57, 37, 1, '2018-11-01 10:54:44', NULL),
	(57, 38, 1, '2018-11-01 10:54:44', NULL),
	(57, 39, 1, '2018-11-01 10:54:44', NULL),
	(57, 40, 1, '2018-11-01 10:54:44', NULL),
	(57, 41, 1, '2018-11-01 10:54:44', NULL),
	(57, 42, 1, '2018-11-01 10:54:44', NULL),
	(57, 43, 1, '2018-11-01 10:54:44', NULL),
	(57, 44, 1, '2018-11-01 10:54:44', NULL),
	(57, 45, 1, '2018-11-01 10:54:44', NULL),
	(57, 46, 1, '2018-11-01 10:54:44', NULL),
	(57, 47, 1, '2018-11-01 10:54:44', NULL),
	(57, 48, 1, '2018-11-01 10:54:44', NULL),
	(57, 49, 1, '2018-11-01 10:54:44', NULL),
	(57, 50, 1, '2018-11-01 10:54:44', NULL),
	(57, 51, 1, '2018-11-01 10:54:44', NULL),
	(57, 52, 1, '2018-11-01 10:54:44', NULL),
	(57, 53, 1, '2018-11-01 10:54:44', NULL),
	(57, 54, 1, '2018-11-01 10:54:44', NULL),
	(57, 55, 1, '2018-11-01 10:54:44', NULL),
	(57, 56, 1, '2018-11-01 10:54:44', NULL),
	(57, 57, 1, '2018-11-01 10:54:44', NULL),
	(57, 58, 1, '2018-11-01 10:54:44', NULL),
	(57, 59, 1, '2018-11-01 10:54:44', NULL),
	(57, 60, 1, '2018-11-01 10:54:44', NULL),
	(57, 61, 1, '2018-11-01 10:54:44', NULL),
	(57, 62, 1, '2018-11-01 10:54:44', NULL),
	(57, 63, 1, '2018-11-01 10:54:44', NULL),
	(57, 64, 1, '2018-11-01 10:54:44', NULL),
	(57, 65, 1, '2018-11-01 10:54:44', NULL),
	(57, 66, 1, '2018-11-01 10:54:44', NULL),
	(57, 67, 1, '2018-11-01 10:54:44', NULL),
	(57, 68, 1, '2018-11-01 10:54:44', NULL),
	(57, 69, 1, '2018-11-01 10:54:44', NULL),
	(57, 70, 1, '2018-11-01 10:54:44', NULL),
	(57, 71, 1, '2018-11-01 10:54:44', NULL),
	(57, 72, 1, '2018-11-01 10:54:44', NULL),
	(57, 73, 1, '2018-11-01 10:54:44', NULL),
	(57, 74, 1, '2018-11-01 10:54:44', NULL),
	(57, 75, 1, '2018-11-01 10:54:44', NULL),
	(57, 76, 1, '2018-11-01 10:54:44', NULL),
	(57, 77, 1, '2018-11-01 10:54:44', NULL),
	(57, 78, 1, '2018-11-01 10:54:44', NULL),
	(57, 79, 1, '2018-11-01 10:54:44', NULL),
	(57, 80, 1, '2018-11-01 10:54:44', NULL),
	(57, 81, 1, '2018-11-01 10:54:44', NULL),
	(57, 82, 1, '2018-11-01 10:54:44', NULL),
	(57, 83, 1, '2018-11-01 10:54:44', NULL),
	(57, 84, 1, '2018-11-01 10:54:44', NULL),
	(57, 85, 1, '2018-11-01 10:54:44', NULL),
	(57, 86, 1, '2018-11-01 10:54:44', NULL),
	(57, 87, 1, '2018-11-01 10:54:44', NULL),
	(57, 88, 1, '2018-11-01 10:54:44', NULL),
	(57, 89, 1, '2018-11-01 10:54:44', NULL),
	(57, 90, 1, '2018-11-01 10:54:44', NULL),
	(57, 91, 1, '2018-11-01 10:54:44', NULL),
	(57, 92, 1, '2018-11-01 10:54:44', NULL),
	(57, 93, 1, '2018-11-01 10:54:44', NULL),
	(57, 94, 1, '2018-11-01 10:54:44', NULL),
	(57, 95, 1, '2018-11-01 10:54:44', NULL),
	(57, 96, 1, '2018-11-01 10:54:44', NULL),
	(57, 97, 1, '2018-11-01 10:54:44', NULL),
	(57, 98, 1, '2018-11-01 10:54:44', NULL),
	(57, 99, 1, '2018-11-01 10:54:44', NULL),
	(57, 100, 1, '2018-11-01 10:54:44', NULL),
	(57, 101, 1, '2018-11-01 10:54:44', NULL),
	(57, 102, 1, '2018-11-01 10:54:44', NULL),
	(57, 103, 1, '2018-11-01 10:54:44', NULL),
	(57, 104, 1, '2018-11-01 10:54:44', NULL),
	(57, 105, 1, '2018-11-01 10:54:44', NULL),
	(57, 106, 1, '2018-11-01 10:54:44', NULL),
	(57, 107, 1, '2018-11-01 10:54:44', NULL),
	(57, 108, 1, '2018-11-01 10:54:44', NULL),
	(57, 109, 1, '2018-11-01 10:54:44', NULL),
	(57, 110, 1, '2018-11-01 10:54:44', NULL),
	(57, 111, 1, '2018-11-01 10:54:44', NULL),
	(60, 27, 1, '2018-10-29 17:13:49', '2018-10-29 17:20:11'),
	(70, 1, 1, '2018-10-29 17:15:25', NULL),
	(70, 2, 1, '2018-10-29 17:15:25', NULL),
	(70, 3, 1, '2018-10-29 17:15:25', NULL),
	(70, 4, 1, '2018-10-29 17:15:25', NULL),
	(70, 5, 1, '2018-10-29 17:15:25', NULL),
	(70, 6, 1, '2018-10-29 17:15:25', NULL),
	(70, 7, 1, '2018-10-29 17:15:25', NULL),
	(70, 8, 1, '2018-10-29 17:15:25', NULL),
	(70, 9, 1, '2018-10-29 17:15:25', NULL),
	(70, 10, 1, '2018-10-29 17:15:25', NULL),
	(70, 11, 1, '2018-10-29 17:15:25', NULL),
	(70, 12, 1, '2018-10-29 17:15:25', NULL),
	(70, 13, 1, '2018-10-29 17:15:25', NULL),
	(70, 14, 1, '2018-10-29 17:15:25', NULL),
	(70, 15, 1, '2018-10-29 17:15:25', NULL),
	(70, 16, 1, '2018-10-29 17:15:25', NULL),
	(70, 17, 1, '2018-10-29 17:15:25', NULL),
	(70, 18, 1, '2018-10-29 17:15:25', NULL),
	(70, 19, 1, '2018-10-29 17:15:25', NULL),
	(70, 20, 1, '2018-10-29 17:15:25', NULL),
	(70, 21, 1, '2018-10-29 17:15:25', NULL),
	(70, 22, 1, '2018-10-29 17:15:25', NULL),
	(70, 23, 1, '2018-10-29 17:15:25', NULL),
	(70, 24, 1, '2018-10-29 17:15:25', NULL),
	(70, 25, 1, '2018-10-29 17:15:25', NULL),
	(70, 26, 1, '2018-10-29 17:15:25', NULL),
	(70, 27, 1, '2018-10-29 17:15:25', NULL),
	(70, 28, 1, '2018-10-29 17:15:25', NULL),
	(70, 29, 1, '2018-10-29 17:15:25', NULL),
	(70, 30, 1, '2018-10-29 17:15:25', NULL),
	(70, 31, 1, '2018-10-29 17:15:25', NULL),
	(70, 32, 1, '2018-10-29 17:15:25', NULL),
	(70, 33, 1, '2018-10-29 17:15:25', NULL),
	(70, 34, 1, '2018-10-29 17:15:25', NULL),
	(70, 35, 1, '2018-10-29 17:15:25', NULL),
	(70, 36, 1, '2018-10-29 17:15:25', NULL),
	(70, 37, 1, '2018-10-29 17:15:25', NULL),
	(70, 38, 1, '2018-10-29 17:15:25', NULL),
	(70, 39, 1, '2018-10-29 17:15:25', NULL),
	(70, 40, 1, '2018-10-29 17:15:25', NULL),
	(70, 41, 1, '2018-10-29 17:15:25', NULL),
	(70, 42, 1, '2018-10-29 17:15:25', NULL),
	(70, 43, 1, '2018-10-29 17:15:25', NULL),
	(70, 44, 1, '2018-10-29 17:15:25', NULL),
	(70, 45, 1, '2018-10-29 17:15:25', NULL),
	(70, 46, 1, '2018-10-29 17:15:25', NULL),
	(70, 47, 1, '2018-10-29 17:15:25', NULL),
	(70, 48, 1, '2018-10-29 17:15:25', NULL),
	(70, 49, 1, '2018-10-29 17:15:25', NULL),
	(70, 50, 1, '2018-10-29 17:15:25', NULL),
	(70, 51, 1, '2018-10-29 17:15:25', NULL),
	(70, 52, 1, '2018-10-29 17:15:25', NULL),
	(70, 53, 1, '2018-10-29 17:15:25', NULL),
	(70, 54, 1, '2018-10-29 17:15:25', NULL),
	(70, 55, 1, '2018-10-29 17:15:25', NULL),
	(70, 56, 1, '2018-10-29 17:15:25', NULL),
	(70, 57, 1, '2018-10-29 17:15:25', NULL),
	(70, 58, 1, '2018-10-29 17:15:25', NULL),
	(70, 59, 1, '2018-10-29 17:15:25', NULL),
	(70, 60, 1, '2018-10-29 17:15:25', NULL),
	(70, 61, 1, '2018-10-29 17:15:25', NULL),
	(70, 62, 1, '2018-10-29 17:15:25', NULL),
	(70, 63, 1, '2018-10-29 17:15:25', NULL),
	(70, 64, 1, '2018-10-29 17:15:25', NULL),
	(70, 65, 1, '2018-10-29 17:15:25', NULL),
	(70, 66, 1, '2018-10-29 17:15:25', NULL),
	(70, 67, 1, '2018-10-29 17:15:25', NULL),
	(70, 68, 1, '2018-10-29 17:15:25', NULL),
	(70, 69, 1, '2018-10-29 17:15:25', NULL),
	(70, 70, 1, '2018-10-29 17:15:25', NULL),
	(70, 71, 1, '2018-10-29 17:15:25', NULL),
	(70, 72, 1, '2018-10-29 17:15:25', NULL),
	(70, 73, 1, '2018-10-29 17:15:25', NULL),
	(70, 74, 1, '2018-10-29 17:15:25', NULL),
	(70, 75, 1, '2018-10-29 17:15:25', NULL),
	(70, 76, 1, '2018-10-29 17:15:25', NULL),
	(70, 77, 1, '2018-10-29 17:15:25', NULL),
	(70, 78, 1, '2018-10-29 17:15:25', NULL),
	(70, 79, 1, '2018-10-29 17:15:25', NULL),
	(70, 80, 1, '2018-10-29 17:15:25', NULL),
	(70, 81, 1, '2018-10-29 17:15:25', NULL),
	(70, 82, 1, '2018-10-29 17:15:25', NULL),
	(70, 83, 1, '2018-10-29 17:15:25', NULL),
	(70, 84, 1, '2018-10-29 17:15:25', NULL),
	(70, 85, 1, '2018-10-29 17:15:25', NULL),
	(70, 86, 1, '2018-10-29 17:15:25', NULL),
	(70, 87, 1, '2018-10-29 17:15:25', NULL),
	(70, 88, 1, '2018-10-29 17:15:25', NULL),
	(70, 89, 1, '2018-10-29 17:15:25', NULL),
	(70, 90, 1, '2018-10-29 17:15:25', NULL),
	(70, 91, 1, '2018-10-29 17:15:25', NULL),
	(70, 92, 1, '2018-10-29 17:15:25', NULL),
	(70, 93, 1, '2018-10-29 17:15:25', NULL),
	(70, 94, 1, '2018-10-29 17:15:25', NULL),
	(70, 95, 1, '2018-10-29 17:15:25', NULL),
	(70, 96, 1, '2018-10-29 17:15:25', NULL),
	(70, 97, 1, '2018-10-29 17:15:25', NULL),
	(70, 98, 1, '2018-10-29 17:15:25', NULL),
	(70, 99, 1, '2018-10-29 17:15:25', NULL),
	(70, 100, 1, '2018-10-29 17:15:25', NULL),
	(70, 101, 1, '2018-10-29 17:15:25', NULL),
	(70, 102, 1, '2018-10-29 17:15:25', NULL),
	(70, 103, 1, '2018-10-29 17:15:25', NULL),
	(70, 104, 1, '2018-10-29 17:15:25', NULL),
	(70, 105, 1, '2018-10-29 17:15:25', NULL),
	(70, 106, 1, '2018-10-29 17:15:25', NULL),
	(70, 107, 1, '2018-10-29 17:15:25', NULL),
	(70, 108, 1, '2018-10-29 17:15:25', NULL),
	(70, 109, 1, '2018-10-29 17:15:25', NULL),
	(70, 110, 1, '2018-10-29 17:15:25', NULL),
	(70, 111, 1, '2018-10-29 17:15:25', NULL),
	(71, 1, 1, '2018-10-29 17:15:40', NULL),
	(71, 2, 1, '2018-10-29 17:15:40', NULL),
	(71, 3, 1, '2018-10-29 17:15:40', NULL),
	(71, 4, 1, '2018-10-29 17:15:40', NULL),
	(71, 5, 1, '2018-10-29 17:15:40', NULL),
	(71, 6, 1, '2018-10-29 17:15:40', NULL),
	(71, 7, 1, '2018-10-29 17:15:40', NULL),
	(71, 8, 1, '2018-10-29 17:15:40', NULL),
	(71, 9, 1, '2018-10-29 17:15:40', NULL),
	(71, 10, 1, '2018-10-29 17:15:40', NULL),
	(71, 11, 1, '2018-10-29 17:15:40', NULL),
	(71, 12, 1, '2018-10-29 17:15:40', NULL),
	(71, 13, 1, '2018-10-29 17:15:40', NULL),
	(71, 14, 1, '2018-10-29 17:15:40', NULL),
	(71, 15, 1, '2018-10-29 17:15:40', NULL),
	(71, 16, 1, '2018-10-29 17:15:40', NULL),
	(71, 17, 1, '2018-10-29 17:15:40', NULL),
	(71, 18, 1, '2018-10-29 17:15:40', NULL),
	(71, 19, 1, '2018-10-29 17:15:40', NULL),
	(71, 20, 1, '2018-10-29 17:15:40', NULL),
	(71, 21, 1, '2018-10-29 17:15:40', NULL),
	(71, 22, 1, '2018-10-29 17:15:40', NULL),
	(71, 23, 1, '2018-10-29 17:15:40', NULL),
	(71, 24, 1, '2018-10-29 17:15:40', NULL),
	(71, 25, 1, '2018-10-29 17:15:40', NULL),
	(71, 26, 1, '2018-10-29 17:15:40', NULL),
	(71, 27, 1, '2018-10-29 17:15:40', NULL),
	(71, 28, 1, '2018-10-29 17:15:40', NULL),
	(71, 29, 1, '2018-10-29 17:15:40', NULL),
	(71, 30, 1, '2018-10-29 17:15:40', NULL),
	(71, 31, 1, '2018-10-29 17:15:40', NULL),
	(71, 32, 1, '2018-10-29 17:15:40', NULL),
	(71, 33, 1, '2018-10-29 17:15:40', NULL),
	(71, 34, 1, '2018-10-29 17:15:40', NULL),
	(71, 35, 1, '2018-10-29 17:15:40', NULL),
	(71, 36, 1, '2018-10-29 17:15:40', NULL),
	(71, 37, 1, '2018-10-29 17:15:40', NULL),
	(71, 38, 1, '2018-10-29 17:15:40', NULL),
	(71, 39, 1, '2018-10-29 17:15:40', NULL),
	(71, 40, 1, '2018-10-29 17:15:40', NULL),
	(71, 41, 1, '2018-10-29 17:15:40', NULL),
	(71, 42, 1, '2018-10-29 17:15:40', NULL),
	(71, 43, 1, '2018-10-29 17:15:40', NULL),
	(71, 44, 1, '2018-10-29 17:15:40', NULL),
	(71, 45, 1, '2018-10-29 17:15:40', NULL),
	(71, 46, 1, '2018-10-29 17:15:40', NULL),
	(71, 47, 1, '2018-10-29 17:15:40', NULL),
	(71, 48, 1, '2018-10-29 17:15:40', NULL),
	(71, 49, 1, '2018-10-29 17:15:40', NULL),
	(71, 50, 1, '2018-10-29 17:15:40', NULL),
	(71, 51, 1, '2018-10-29 17:15:40', NULL),
	(71, 52, 1, '2018-10-29 17:15:40', NULL),
	(71, 53, 1, '2018-10-29 17:15:40', NULL),
	(71, 54, 1, '2018-10-29 17:15:40', NULL),
	(71, 55, 1, '2018-10-29 17:15:40', NULL),
	(71, 56, 1, '2018-10-29 17:15:40', NULL),
	(71, 57, 1, '2018-10-29 17:15:40', NULL),
	(71, 58, 1, '2018-10-29 17:15:40', NULL),
	(71, 59, 1, '2018-10-29 17:15:40', NULL),
	(71, 60, 1, '2018-10-29 17:15:40', NULL),
	(71, 61, 1, '2018-10-29 17:15:40', NULL),
	(71, 62, 1, '2018-10-29 17:15:40', NULL),
	(71, 63, 1, '2018-10-29 17:15:40', NULL),
	(71, 64, 1, '2018-10-29 17:15:40', NULL),
	(71, 65, 1, '2018-10-29 17:15:40', NULL),
	(71, 66, 1, '2018-10-29 17:15:40', NULL),
	(71, 67, 1, '2018-10-29 17:15:40', NULL),
	(71, 68, 1, '2018-10-29 17:15:40', NULL),
	(71, 69, 1, '2018-10-29 17:15:40', NULL),
	(71, 70, 1, '2018-10-29 17:15:40', NULL),
	(71, 71, 1, '2018-10-29 17:15:40', NULL),
	(71, 72, 1, '2018-10-29 17:15:40', NULL),
	(71, 73, 1, '2018-10-29 17:15:40', NULL),
	(71, 74, 1, '2018-10-29 17:15:40', NULL),
	(71, 75, 1, '2018-10-29 17:15:40', NULL),
	(71, 76, 1, '2018-10-29 17:15:40', NULL),
	(71, 77, 1, '2018-10-29 17:15:40', NULL),
	(71, 78, 1, '2018-10-29 17:15:40', NULL),
	(71, 79, 1, '2018-10-29 17:15:40', NULL),
	(71, 80, 1, '2018-10-29 17:15:40', NULL),
	(71, 81, 1, '2018-10-29 17:15:40', NULL),
	(71, 82, 1, '2018-10-29 17:15:40', NULL),
	(71, 83, 1, '2018-10-29 17:15:40', NULL),
	(71, 84, 1, '2018-10-29 17:15:40', NULL),
	(71, 85, 1, '2018-10-29 17:15:40', NULL),
	(71, 86, 1, '2018-10-29 17:15:40', NULL),
	(71, 87, 1, '2018-10-29 17:15:40', NULL),
	(71, 88, 1, '2018-10-29 17:15:40', NULL),
	(71, 89, 1, '2018-10-29 17:15:40', NULL),
	(71, 90, 1, '2018-10-29 17:15:40', NULL),
	(71, 91, 1, '2018-10-29 17:15:40', NULL),
	(71, 92, 1, '2018-10-29 17:15:40', NULL),
	(71, 93, 1, '2018-10-29 17:15:40', NULL),
	(71, 94, 1, '2018-10-29 17:15:40', NULL),
	(71, 95, 1, '2018-10-29 17:15:40', NULL),
	(71, 96, 1, '2018-10-29 17:15:40', NULL),
	(71, 97, 1, '2018-10-29 17:15:40', NULL),
	(71, 98, 1, '2018-10-29 17:15:40', NULL),
	(71, 99, 1, '2018-10-29 17:15:40', NULL),
	(71, 100, 1, '2018-10-29 17:15:40', NULL),
	(71, 101, 1, '2018-10-29 17:15:40', NULL),
	(71, 102, 1, '2018-10-29 17:15:40', NULL),
	(71, 103, 1, '2018-10-29 17:15:40', NULL),
	(71, 104, 1, '2018-10-29 17:15:40', NULL),
	(71, 105, 1, '2018-10-29 17:15:40', NULL),
	(71, 106, 1, '2018-10-29 17:15:40', NULL),
	(71, 107, 1, '2018-10-29 17:15:40', NULL),
	(71, 108, 1, '2018-10-29 17:15:40', NULL),
	(71, 109, 1, '2018-10-29 17:15:40', NULL),
	(71, 110, 1, '2018-10-29 17:15:40', NULL),
	(71, 111, 1, '2018-10-29 17:15:40', NULL),
	(73, 1, 1, '2018-11-01 10:55:54', NULL),
	(73, 2, 1, '2018-11-01 10:55:54', NULL),
	(73, 3, 1, '2018-11-01 10:55:54', NULL),
	(73, 4, 1, '2018-11-01 10:55:54', NULL),
	(73, 5, 1, '2018-11-01 10:55:54', NULL),
	(73, 6, 1, '2018-11-01 10:55:54', NULL),
	(73, 7, 1, '2018-11-01 10:55:54', NULL),
	(73, 8, 1, '2018-11-01 10:55:54', NULL),
	(73, 9, 1, '2018-11-01 10:55:54', NULL),
	(73, 10, 1, '2018-11-01 10:55:54', NULL),
	(73, 11, 1, '2018-11-01 10:55:54', NULL),
	(73, 12, 1, '2018-11-01 10:55:54', NULL),
	(73, 13, 1, '2018-11-01 10:55:54', NULL),
	(73, 14, 1, '2018-11-01 10:55:54', NULL),
	(73, 15, 1, '2018-11-01 10:55:54', NULL),
	(73, 16, 1, '2018-11-01 10:55:54', NULL),
	(73, 17, 1, '2018-11-01 10:55:54', NULL),
	(73, 18, 1, '2018-11-01 10:55:54', NULL),
	(73, 19, 1, '2018-11-01 10:55:54', NULL),
	(73, 20, 1, '2018-11-01 10:55:54', NULL),
	(73, 21, 1, '2018-11-01 10:55:54', NULL),
	(73, 22, 1, '2018-11-01 10:55:54', NULL),
	(73, 23, 1, '2018-11-01 10:55:54', NULL),
	(73, 24, 1, '2018-11-01 10:55:54', NULL),
	(73, 25, 1, '2018-11-01 10:55:54', NULL),
	(73, 26, 1, '2018-11-01 10:55:54', NULL),
	(73, 27, 1, '2018-11-01 10:55:54', NULL),
	(73, 28, 1, '2018-11-01 10:55:54', NULL),
	(73, 29, 1, '2018-11-01 10:55:54', NULL),
	(73, 30, 1, '2018-11-01 10:55:54', NULL),
	(73, 31, 1, '2018-11-01 10:55:54', NULL),
	(73, 32, 1, '2018-11-01 10:55:54', NULL),
	(73, 33, 1, '2018-11-01 10:55:54', NULL),
	(73, 34, 1, '2018-11-01 10:55:54', NULL),
	(73, 35, 1, '2018-11-01 10:55:54', NULL),
	(73, 36, 1, '2018-11-01 10:55:54', NULL),
	(73, 37, 1, '2018-11-01 10:55:54', NULL),
	(73, 38, 1, '2018-11-01 10:55:54', NULL),
	(73, 39, 1, '2018-11-01 10:55:54', NULL),
	(73, 40, 1, '2018-11-01 10:55:54', NULL),
	(73, 41, 1, '2018-11-01 10:55:54', NULL),
	(73, 42, 1, '2018-11-01 10:55:54', NULL),
	(73, 43, 1, '2018-11-01 10:55:54', NULL),
	(73, 44, 1, '2018-11-01 10:55:54', NULL),
	(73, 45, 1, '2018-11-01 10:55:54', NULL),
	(73, 46, 1, '2018-11-01 10:55:54', NULL),
	(73, 47, 1, '2018-11-01 10:55:54', NULL),
	(73, 48, 1, '2018-11-01 10:55:54', NULL),
	(73, 49, 1, '2018-11-01 10:55:54', NULL),
	(73, 50, 1, '2018-11-01 10:55:54', NULL),
	(73, 51, 1, '2018-11-01 10:55:54', NULL),
	(73, 52, 1, '2018-11-01 10:55:54', NULL),
	(73, 53, 1, '2018-11-01 10:55:54', NULL),
	(73, 54, 1, '2018-11-01 10:55:54', NULL),
	(73, 55, 1, '2018-11-01 10:55:54', NULL),
	(73, 56, 1, '2018-11-01 10:55:54', NULL),
	(73, 57, 1, '2018-11-01 10:55:54', NULL),
	(73, 58, 1, '2018-11-01 10:55:54', NULL),
	(73, 59, 1, '2018-11-01 10:55:54', NULL),
	(73, 60, 1, '2018-11-01 10:55:54', NULL),
	(73, 61, 1, '2018-11-01 10:55:54', NULL),
	(73, 62, 1, '2018-11-01 10:55:54', NULL),
	(73, 63, 1, '2018-11-01 10:55:54', NULL),
	(73, 64, 1, '2018-11-01 10:55:54', NULL),
	(73, 65, 1, '2018-11-01 10:55:54', NULL),
	(73, 66, 1, '2018-11-01 10:55:54', NULL),
	(73, 67, 1, '2018-11-01 10:55:54', NULL),
	(73, 68, 1, '2018-11-01 10:55:54', NULL),
	(73, 69, 1, '2018-11-01 10:55:54', NULL),
	(73, 70, 1, '2018-11-01 10:55:54', NULL),
	(73, 71, 1, '2018-11-01 10:55:54', NULL),
	(73, 72, 1, '2018-11-01 10:55:54', NULL),
	(73, 73, 1, '2018-11-01 10:55:54', NULL),
	(73, 74, 1, '2018-11-01 10:55:54', NULL),
	(73, 75, 1, '2018-11-01 10:55:54', NULL),
	(73, 76, 1, '2018-11-01 10:55:54', NULL),
	(73, 77, 1, '2018-11-01 10:55:54', NULL),
	(73, 78, 1, '2018-11-01 10:55:54', NULL),
	(73, 79, 1, '2018-11-01 10:55:54', NULL),
	(73, 80, 1, '2018-11-01 10:55:54', NULL),
	(73, 81, 1, '2018-11-01 10:55:54', NULL),
	(73, 82, 1, '2018-11-01 10:55:54', NULL),
	(73, 83, 1, '2018-11-01 10:55:54', NULL),
	(73, 84, 1, '2018-11-01 10:55:54', NULL),
	(73, 85, 1, '2018-11-01 10:55:54', NULL),
	(73, 86, 1, '2018-11-01 10:55:54', NULL),
	(73, 87, 1, '2018-11-01 10:55:54', NULL),
	(73, 88, 1, '2018-11-01 10:55:54', NULL),
	(73, 89, 1, '2018-11-01 10:55:54', NULL),
	(73, 90, 1, '2018-11-01 10:55:54', NULL),
	(73, 91, 1, '2018-11-01 10:55:54', NULL),
	(73, 92, 1, '2018-11-01 10:55:54', NULL),
	(73, 93, 1, '2018-11-01 10:55:54', NULL),
	(73, 94, 1, '2018-11-01 10:55:54', NULL),
	(73, 95, 1, '2018-11-01 10:55:54', NULL),
	(73, 96, 1, '2018-11-01 10:55:54', NULL),
	(73, 97, 1, '2018-11-01 10:55:54', NULL),
	(73, 98, 1, '2018-11-01 10:55:54', NULL),
	(73, 99, 1, '2018-11-01 10:55:54', NULL),
	(73, 100, 1, '2018-11-01 10:55:54', NULL),
	(73, 101, 1, '2018-11-01 10:55:54', NULL),
	(73, 102, 1, '2018-11-01 10:55:54', NULL),
	(73, 103, 1, '2018-11-01 10:55:54', NULL),
	(73, 104, 1, '2018-11-01 10:55:54', NULL),
	(73, 105, 1, '2018-11-01 10:55:54', NULL),
	(73, 106, 1, '2018-11-01 10:55:54', NULL),
	(73, 107, 1, '2018-11-01 10:55:54', NULL),
	(73, 108, 1, '2018-11-01 10:55:54', NULL),
	(73, 109, 1, '2018-11-01 10:55:54', NULL),
	(73, 110, 1, '2018-11-01 10:55:54', NULL),
	(73, 111, 1, '2018-11-01 10:55:54', NULL),
	(75, 1, 1, '2018-11-01 10:55:30', NULL),
	(75, 2, 1, '2018-11-01 10:55:30', NULL),
	(75, 3, 1, '2018-11-01 10:55:30', NULL),
	(75, 4, 1, '2018-11-01 10:55:30', NULL),
	(75, 5, 1, '2018-11-01 10:55:30', NULL),
	(75, 6, 1, '2018-11-01 10:55:30', NULL),
	(75, 7, 1, '2018-11-01 10:55:30', NULL),
	(75, 8, 1, '2018-11-01 10:55:30', NULL),
	(75, 9, 1, '2018-11-01 10:55:30', NULL),
	(75, 10, 1, '2018-11-01 10:55:30', NULL),
	(75, 11, 1, '2018-11-01 10:55:30', NULL),
	(75, 12, 1, '2018-11-01 10:55:30', NULL),
	(75, 13, 1, '2018-11-01 10:55:30', NULL),
	(75, 14, 1, '2018-11-01 10:55:30', NULL),
	(75, 15, 1, '2018-11-01 10:55:30', NULL),
	(75, 16, 1, '2018-11-01 10:55:30', NULL),
	(75, 17, 1, '2018-11-01 10:55:30', NULL),
	(75, 18, 1, '2018-11-01 10:55:30', NULL),
	(75, 19, 1, '2018-11-01 10:55:30', NULL),
	(75, 20, 1, '2018-11-01 10:55:30', NULL),
	(75, 21, 1, '2018-11-01 10:55:30', NULL),
	(75, 22, 1, '2018-11-01 10:55:30', NULL),
	(75, 23, 1, '2018-11-01 10:55:30', NULL),
	(75, 24, 1, '2018-11-01 10:55:30', NULL),
	(75, 25, 1, '2018-11-01 10:55:30', NULL),
	(75, 26, 1, '2018-11-01 10:55:30', NULL),
	(75, 27, 1, '2018-11-01 10:55:30', NULL),
	(75, 28, 1, '2018-11-01 10:55:30', NULL),
	(75, 29, 1, '2018-11-01 10:55:30', NULL),
	(75, 30, 1, '2018-11-01 10:55:30', NULL),
	(75, 31, 1, '2018-11-01 10:55:30', NULL),
	(75, 32, 1, '2018-11-01 10:55:30', NULL),
	(75, 33, 1, '2018-11-01 10:55:30', NULL),
	(75, 34, 1, '2018-11-01 10:55:30', NULL),
	(75, 35, 1, '2018-11-01 10:55:30', NULL),
	(75, 36, 1, '2018-11-01 10:55:30', NULL),
	(75, 37, 1, '2018-11-01 10:55:30', NULL),
	(75, 38, 1, '2018-11-01 10:55:30', NULL),
	(75, 39, 1, '2018-11-01 10:55:30', NULL),
	(75, 40, 1, '2018-11-01 10:55:30', NULL),
	(75, 41, 1, '2018-11-01 10:55:30', NULL),
	(75, 42, 1, '2018-11-01 10:55:30', NULL),
	(75, 43, 1, '2018-11-01 10:55:30', NULL),
	(75, 44, 1, '2018-11-01 10:55:30', NULL),
	(75, 45, 1, '2018-11-01 10:55:30', NULL),
	(75, 46, 1, '2018-11-01 10:55:30', NULL),
	(75, 47, 1, '2018-11-01 10:55:30', NULL),
	(75, 48, 1, '2018-11-01 10:55:30', NULL),
	(75, 49, 1, '2018-11-01 10:55:30', NULL),
	(75, 50, 1, '2018-11-01 10:55:30', NULL),
	(75, 51, 1, '2018-11-01 10:55:30', NULL),
	(75, 52, 1, '2018-11-01 10:55:30', NULL),
	(75, 53, 1, '2018-11-01 10:55:30', NULL),
	(75, 54, 1, '2018-11-01 10:55:30', NULL),
	(75, 55, 1, '2018-11-01 10:55:30', NULL),
	(75, 56, 1, '2018-11-01 10:55:30', NULL),
	(75, 57, 1, '2018-11-01 10:55:30', NULL),
	(75, 58, 1, '2018-11-01 10:55:30', NULL),
	(75, 59, 1, '2018-11-01 10:55:30', NULL),
	(75, 60, 1, '2018-11-01 10:55:30', NULL),
	(75, 61, 1, '2018-11-01 10:55:30', NULL),
	(75, 62, 1, '2018-11-01 10:55:30', NULL),
	(75, 63, 1, '2018-11-01 10:55:30', NULL),
	(75, 64, 1, '2018-11-01 10:55:30', NULL),
	(75, 65, 1, '2018-11-01 10:55:30', NULL),
	(75, 66, 1, '2018-11-01 10:55:30', NULL),
	(75, 67, 1, '2018-11-01 10:55:30', NULL),
	(75, 68, 1, '2018-11-01 10:55:30', NULL),
	(75, 69, 1, '2018-11-01 10:55:30', NULL),
	(75, 70, 1, '2018-11-01 10:55:30', NULL),
	(75, 71, 1, '2018-11-01 10:55:30', NULL),
	(75, 72, 1, '2018-11-01 10:55:30', NULL),
	(75, 73, 1, '2018-11-01 10:55:30', NULL),
	(75, 74, 1, '2018-11-01 10:55:30', NULL),
	(75, 75, 1, '2018-11-01 10:55:30', NULL),
	(75, 76, 1, '2018-11-01 10:55:30', NULL),
	(75, 77, 1, '2018-11-01 10:55:30', NULL),
	(75, 78, 1, '2018-11-01 10:55:30', NULL),
	(75, 79, 1, '2018-11-01 10:55:30', NULL),
	(75, 80, 1, '2018-11-01 10:55:30', NULL),
	(75, 81, 1, '2018-11-01 10:55:30', NULL),
	(75, 82, 1, '2018-11-01 10:55:30', NULL),
	(75, 83, 1, '2018-11-01 10:55:30', NULL),
	(75, 84, 1, '2018-11-01 10:55:30', NULL),
	(75, 85, 1, '2018-11-01 10:55:30', NULL),
	(75, 86, 1, '2018-11-01 10:55:30', NULL),
	(75, 87, 1, '2018-11-01 10:55:30', NULL),
	(75, 88, 1, '2018-11-01 10:55:30', NULL),
	(75, 89, 1, '2018-11-01 10:55:30', NULL),
	(75, 90, 1, '2018-11-01 10:55:30', NULL),
	(75, 91, 1, '2018-11-01 10:55:30', NULL),
	(75, 92, 1, '2018-11-01 10:55:30', NULL),
	(75, 93, 1, '2018-11-01 10:55:30', NULL),
	(75, 94, 1, '2018-11-01 10:55:30', NULL),
	(75, 95, 1, '2018-11-01 10:55:30', NULL),
	(75, 96, 1, '2018-11-01 10:55:30', NULL),
	(75, 97, 1, '2018-11-01 10:55:30', NULL),
	(75, 98, 1, '2018-11-01 10:55:30', NULL),
	(75, 99, 1, '2018-11-01 10:55:30', NULL),
	(75, 100, 1, '2018-11-01 10:55:30', NULL),
	(75, 101, 1, '2018-11-01 10:55:30', NULL),
	(75, 102, 1, '2018-11-01 10:55:30', NULL),
	(75, 103, 1, '2018-11-01 10:55:30', NULL),
	(75, 104, 1, '2018-11-01 10:55:30', NULL),
	(75, 105, 1, '2018-11-01 10:55:30', NULL),
	(75, 106, 1, '2018-11-01 10:55:30', NULL),
	(75, 107, 1, '2018-11-01 10:55:30', NULL),
	(75, 108, 1, '2018-11-01 10:55:30', NULL),
	(75, 109, 1, '2018-11-01 10:55:30', NULL),
	(75, 110, 1, '2018-11-01 10:55:30', NULL),
	(75, 111, 1, '2018-11-01 10:55:30', NULL),
	(646, 1, 1, '2018-10-29 17:15:10', '2018-10-29 17:20:21'),
	(646, 2, 1, '2018-10-29 17:15:10', '2018-10-29 17:20:21'),
	(646, 3, 1, '2018-10-29 17:15:10', '2018-10-29 17:20:21'),
	(646, 4, 1, '2018-10-29 17:15:10', '2018-10-29 17:20:21'),
	(646, 5, 1, '2018-10-29 17:15:10', '2018-10-29 17:20:21'),
	(646, 6, 1, '2018-10-29 17:15:10', '2018-10-29 17:20:21'),
	(646, 7, 1, '2018-10-29 17:15:10', '2018-10-29 17:20:21'),
	(646, 8, 1, '2018-10-29 17:15:10', '2018-10-29 17:20:21'),
	(646, 9, 1, '2018-10-29 17:15:10', '2018-10-29 17:20:21'),
	(646, 10, 1, '2018-10-29 17:15:10', '2018-10-29 17:20:21'),
	(646, 11, 1, '2018-10-29 17:15:10', '2018-10-29 17:20:21'),
	(646, 12, 1, '2018-10-29 17:15:10', '2018-10-29 17:20:21'),
	(646, 13, 1, '2018-10-29 17:15:10', '2018-10-29 17:20:21'),
	(646, 14, 1, '2018-10-29 17:15:10', '2018-10-29 17:20:21'),
	(646, 15, 1, '2018-10-29 17:15:10', '2018-10-29 17:20:21'),
	(646, 16, 1, '2018-10-29 17:15:10', '2018-10-29 17:20:21'),
	(646, 17, 1, '2018-10-29 17:15:10', '2018-10-29 17:20:21'),
	(646, 18, 1, '2018-10-29 17:15:10', '2018-10-29 17:20:21'),
	(646, 19, 1, '2018-10-29 17:15:10', '2018-10-29 17:20:21'),
	(646, 20, 1, '2018-10-29 17:15:10', '2018-10-29 17:20:21'),
	(646, 21, 1, '2018-10-29 17:15:10', '2018-10-29 17:20:21'),
	(646, 22, 1, '2018-10-29 17:15:10', '2018-10-29 17:20:21'),
	(646, 23, 1, '2018-10-29 17:15:10', '2018-10-29 17:20:21'),
	(646, 24, 1, '2018-10-29 17:15:10', '2018-10-29 17:20:21'),
	(646, 25, 1, '2018-10-29 17:15:10', '2018-10-29 17:20:21'),
	(646, 26, 1, '2018-10-29 17:15:10', '2018-10-29 17:20:21'),
	(646, 27, 1, '2018-10-29 17:15:10', '2018-10-29 17:20:21'),
	(646, 28, 1, '2018-10-29 17:15:10', '2018-10-29 17:20:21'),
	(646, 29, 1, '2018-10-29 17:15:10', '2018-10-29 17:20:21'),
	(646, 30, 1, '2018-10-29 17:15:10', '2018-10-29 17:20:21'),
	(646, 31, 1, '2018-10-29 17:15:10', '2018-10-29 17:20:21'),
	(646, 32, 1, '2018-10-29 17:15:10', '2018-10-29 17:20:21'),
	(646, 33, 1, '2018-10-29 17:15:10', '2018-10-29 17:20:21'),
	(646, 34, 1, '2018-10-29 17:15:10', '2018-10-29 17:20:21'),
	(646, 35, 1, '2018-10-29 17:15:10', '2018-10-29 17:20:21'),
	(646, 36, 1, '2018-10-29 17:15:10', '2018-10-29 17:20:21'),
	(646, 37, 1, '2018-10-29 17:15:10', '2018-10-29 17:20:21'),
	(646, 38, 1, '2018-10-29 17:15:10', '2018-10-29 17:20:21'),
	(646, 39, 1, '2018-10-29 17:15:10', '2018-10-29 17:20:21'),
	(646, 40, 1, '2018-10-29 17:15:10', '2018-10-29 17:20:21'),
	(646, 41, 1, '2018-10-29 17:15:10', '2018-10-29 17:20:21'),
	(646, 42, 1, '2018-10-29 17:15:10', '2018-10-29 17:20:21'),
	(646, 43, 1, '2018-10-29 17:15:10', '2018-10-29 17:20:21'),
	(646, 44, 1, '2018-10-29 17:15:10', '2018-10-29 17:20:21'),
	(646, 45, 1, '2018-10-29 17:15:10', '2018-10-29 17:20:21'),
	(646, 46, 1, '2018-10-29 17:15:10', '2018-10-29 17:20:21'),
	(646, 47, 1, '2018-10-29 17:15:10', '2018-10-29 17:20:21'),
	(646, 48, 1, '2018-10-29 17:15:10', '2018-10-29 17:20:21'),
	(646, 49, 1, '2018-10-29 17:15:10', '2018-10-29 17:20:21'),
	(646, 50, 1, '2018-10-29 17:15:10', '2018-10-29 17:20:21'),
	(646, 51, 1, '2018-10-29 17:15:10', '2018-10-29 17:20:21'),
	(646, 52, 1, '2018-10-29 17:15:10', '2018-10-29 17:20:21'),
	(646, 53, 1, '2018-10-29 17:15:10', '2018-10-29 17:20:21'),
	(646, 54, 1, '2018-10-29 17:15:10', '2018-10-29 17:20:21'),
	(646, 55, 1, '2018-10-29 17:15:10', '2018-10-29 17:20:21'),
	(646, 56, 1, '2018-10-29 17:15:10', '2018-10-29 17:20:21'),
	(646, 57, 1, '2018-10-29 17:15:10', '2018-10-29 17:20:21'),
	(646, 58, 1, '2018-10-29 17:15:10', '2018-10-29 17:20:21'),
	(646, 59, 1, '2018-10-29 17:15:10', '2018-10-29 17:20:21'),
	(646, 60, 1, '2018-10-29 17:15:10', '2018-10-29 17:20:21'),
	(646, 61, 1, '2018-10-29 17:15:10', '2018-10-29 17:20:21'),
	(646, 62, 1, '2018-10-29 17:15:10', '2018-10-29 17:20:21'),
	(646, 63, 1, '2018-10-29 17:15:10', '2018-10-29 17:20:21'),
	(646, 64, 1, '2018-10-29 17:15:10', '2018-10-29 17:20:21'),
	(646, 65, 1, '2018-10-29 17:15:10', '2018-10-29 17:20:21'),
	(646, 66, 1, '2018-10-29 17:15:10', '2018-10-29 17:20:21'),
	(646, 67, 1, '2018-10-29 17:15:10', '2018-10-29 17:20:21'),
	(646, 68, 1, '2018-10-29 17:15:10', '2018-10-29 17:20:21'),
	(646, 69, 1, '2018-10-29 17:15:10', '2018-10-29 17:20:21'),
	(646, 70, 1, '2018-10-29 17:15:10', '2018-10-29 17:20:21'),
	(646, 71, 1, '2018-10-29 17:15:10', '2018-10-29 17:20:21'),
	(646, 72, 1, '2018-10-29 17:15:10', '2018-10-29 17:20:21'),
	(646, 73, 1, '2018-10-29 17:15:10', '2018-10-29 17:20:21'),
	(646, 74, 1, '2018-10-29 17:15:10', '2018-10-29 17:20:21'),
	(646, 75, 1, '2018-10-29 17:15:10', '2018-10-29 17:20:21'),
	(646, 76, 1, '2018-10-29 17:15:10', '2018-10-29 17:20:21'),
	(646, 77, 1, '2018-10-29 17:15:10', '2018-10-29 17:20:21'),
	(646, 78, 1, '2018-10-29 17:15:10', '2018-10-29 17:20:21'),
	(646, 79, 1, '2018-10-29 17:15:10', '2018-10-29 17:20:21'),
	(646, 80, 1, '2018-10-29 17:15:10', '2018-10-29 17:20:21'),
	(646, 81, 1, '2018-10-29 17:15:10', '2018-10-29 17:20:21'),
	(646, 82, 1, '2018-10-29 17:15:10', '2018-10-29 17:20:21'),
	(646, 83, 1, '2018-10-29 17:15:10', '2018-10-29 17:20:21'),
	(646, 84, 1, '2018-10-29 17:15:10', '2018-10-29 17:20:21'),
	(646, 85, 1, '2018-10-29 17:15:10', '2018-10-29 17:20:21'),
	(646, 86, 1, '2018-10-29 17:15:10', '2018-10-29 17:20:21'),
	(646, 87, 1, '2018-10-29 17:15:10', '2018-10-29 17:20:21'),
	(646, 88, 1, '2018-10-29 17:15:10', '2018-10-29 17:20:21'),
	(646, 89, 1, '2018-10-29 17:15:10', '2018-10-29 17:20:21'),
	(646, 90, 1, '2018-10-29 17:15:10', '2018-10-29 17:20:21'),
	(646, 91, 1, '2018-10-29 17:15:10', '2018-10-29 17:20:21'),
	(646, 92, 1, '2018-10-29 17:15:10', '2018-10-29 17:20:21'),
	(646, 93, 1, '2018-10-29 17:15:10', '2018-10-29 17:20:21'),
	(646, 94, 1, '2018-10-29 17:15:10', '2018-10-29 17:20:21'),
	(646, 95, 1, '2018-10-29 17:15:10', '2018-10-29 17:20:21'),
	(646, 96, 1, '2018-10-29 17:15:10', '2018-10-29 17:20:21'),
	(646, 97, 1, '2018-10-29 17:15:10', '2018-10-29 17:20:21'),
	(646, 98, 1, '2018-10-29 17:15:10', '2018-10-29 17:20:21'),
	(646, 99, 1, '2018-10-29 17:15:10', '2018-10-29 17:20:21'),
	(646, 100, 1, '2018-10-29 17:15:10', '2018-10-29 17:20:21'),
	(646, 101, 1, '2018-10-29 17:15:10', '2018-10-29 17:20:21'),
	(646, 102, 1, '2018-10-29 17:15:10', '2018-10-29 17:20:21'),
	(646, 103, 1, '2018-10-29 17:15:10', '2018-10-29 17:20:21'),
	(646, 104, 1, '2018-10-29 17:15:10', '2018-10-29 17:20:21'),
	(646, 105, 1, '2018-10-29 17:15:10', '2018-10-29 17:20:21'),
	(646, 106, 1, '2018-10-29 17:15:10', '2018-10-29 17:20:21'),
	(646, 107, 1, '2018-10-29 17:15:10', '2018-10-29 17:20:21'),
	(646, 108, 1, '2018-10-29 17:15:10', '2018-10-29 17:20:21'),
	(646, 109, 1, '2018-10-29 17:15:10', '2018-10-29 17:20:21'),
	(646, 110, 1, '2018-10-29 17:15:10', '2018-10-29 17:20:21'),
	(646, 111, 1, '2018-10-29 17:15:10', '2018-10-29 17:20:21'),
	(1412, 5, 1, '2018-10-29 17:13:49', '2018-10-29 17:20:11');
/*!40000 ALTER TABLE `d_barang_sup` ENABLE KEYS */;


-- Dumping structure for table alamrayasite_nabila.d_delivery_order
CREATE TABLE IF NOT EXISTS `d_delivery_order` (
  `do_id` int(11) NOT NULL AUTO_INCREMENT,
  `do_comp` int(11) DEFAULT NULL,
  `do_send` int(11) DEFAULT NULL,
  `do_sendcomp` int(11) DEFAULT NULL,
  `do_nota` varchar(50) DEFAULT NULL,
  `do_date_send` date DEFAULT NULL,
  `do_time` time DEFAULT NULL,
  `do_date_received` time DEFAULT NULL,
  `do_insert` timestamp NULL DEFAULT NULL,
  `do_update` datetime DEFAULT NULL,
  PRIMARY KEY (`do_id`)
) ENGINE=InnoDB AUTO_INCREMENT=6 DEFAULT CHARSET=latin1;

-- Dumping data for table alamrayasite_nabila.d_delivery_order: ~5 rows (approximately)
DELETE FROM `d_delivery_order`;
/*!40000 ALTER TABLE `d_delivery_order` DISABLE KEYS */;
INSERT INTO `d_delivery_order` (`do_id`, `do_comp`, `do_send`, `do_sendcomp`, `do_nota`, `do_date_send`, `do_time`, `do_date_received`, `do_insert`, `do_update`) VALUES
	(1, 1, 1, 1, 'DO181203-000-1', '2018-12-03', '09:31:35', NULL, '2018-12-03 09:31:35', NULL),
	(2, 1, 4, 2, 'DO181203-000-2', '2018-12-03', '09:35:46', NULL, '2018-12-03 09:35:46', NULL),
	(3, 1, 4, 2, 'DO181213-000-3', '2018-12-13', '03:28:50', NULL, '2018-12-13 03:28:50', NULL),
	(4, 1, 4, 2, 'DO181217-000-4', '2018-12-17', '06:33:25', NULL, '2018-12-17 06:33:25', NULL),
	(5, 1, 4, 2, 'DO181217-000-5', '2018-12-17', '06:33:53', NULL, '2018-12-17 06:33:53', NULL);
/*!40000 ALTER TABLE `d_delivery_order` ENABLE KEYS */;


-- Dumping structure for table alamrayasite_nabila.d_delivery_orderdt
CREATE TABLE IF NOT EXISTS `d_delivery_orderdt` (
  `dod_do` int(11) NOT NULL,
  `dod_detailid` tinyint(4) NOT NULL,
  `dod_prdt_productresult` tinyint(4) NOT NULL,
  `dod_prdt_detail` tinyint(4) NOT NULL,
  `dod_item` int(11) DEFAULT NULL,
  `dod_qty_send` int(11) DEFAULT NULL,
  `dod_date_send` date DEFAULT NULL,
  `dod_time_send` time DEFAULT NULL,
  `dod_qty_received` int(11) DEFAULT '0',
  `dod_date_received` date DEFAULT NULL,
  `dod_time_received` time DEFAULT NULL,
  `dod_status` varchar(2) DEFAULT 'WT' COMMENT 'WT : Waiting | FN : Finish',
  `dod_insert` timestamp NULL DEFAULT NULL,
  `dod_update` datetime DEFAULT NULL,
  PRIMARY KEY (`dod_do`,`dod_detailid`),
  CONSTRAINT `FK_d_delivery_orderdt_d_delivery_order` FOREIGN KEY (`dod_do`) REFERENCES `d_delivery_order` (`do_id`) ON DELETE CASCADE ON UPDATE CASCADE
) ENGINE=InnoDB DEFAULT CHARSET=latin1;

-- Dumping data for table alamrayasite_nabila.d_delivery_orderdt: ~5 rows (approximately)
DELETE FROM `d_delivery_orderdt`;
/*!40000 ALTER TABLE `d_delivery_orderdt` DISABLE KEYS */;
INSERT INTO `d_delivery_orderdt` (`dod_do`, `dod_detailid`, `dod_prdt_productresult`, `dod_prdt_detail`, `dod_item`, `dod_qty_send`, `dod_date_send`, `dod_time_send`, `dod_qty_received`, `dod_date_received`, `dod_time_received`, `dod_status`, `dod_insert`, `dod_update`) VALUES
	(1, 1, 1, 1, 3, 3, '2018-12-03', '09:31:35', 3, '2018-12-03', '00:00:00', 'FN', NULL, '2018-12-03 09:35:07'),
	(2, 1, 1, 1, 3, 4, '2018-12-03', '09:35:46', 4, '2018-12-03', '00:00:00', 'FN', NULL, '2018-12-03 09:37:14'),
	(3, 1, 1, 1, 3, 1, '2018-12-13', '03:28:50', 1, '2018-12-13', '00:00:00', 'FN', NULL, '2018-12-13 03:30:13'),
	(4, 1, 2, 2, 3, 1, '2018-12-17', '06:33:25', 1, '2018-12-17', '00:00:00', 'FN', NULL, '2018-12-17 06:36:40'),
	(5, 1, 2, 2, 3, 2, '2018-12-17', '06:33:53', 1, '2018-12-17', '00:00:00', 'FN', NULL, '2018-12-17 06:37:16');
/*!40000 ALTER TABLE `d_delivery_orderdt` ENABLE KEYS */;


-- Dumping structure for table alamrayasite_nabila.d_formula
CREATE TABLE IF NOT EXISTS `d_formula` (
  `f_id` int(11) DEFAULT NULL,
  `f_detailid` int(11) DEFAULT NULL,
  `f_bb` int(11) DEFAULT NULL,
  `f_value` decimal(11,2) DEFAULT NULL,
  `f_scale` varchar(20) DEFAULT NULL,
  KEY `FK_d_formula_d_formula_result` (`f_id`),
  KEY `FK_d_formula_m_item` (`f_bb`),
  CONSTRAINT `FK_d_formula_d_formula_result` FOREIGN KEY (`f_id`) REFERENCES `d_formula_result` (`fr_id`),
  CONSTRAINT `FK_d_formula_m_item` FOREIGN KEY (`f_bb`) REFERENCES `m_item` (`i_id`)
) ENGINE=InnoDB DEFAULT CHARSET=latin1;

-- Dumping data for table alamrayasite_nabila.d_formula: ~1 rows (approximately)
DELETE FROM `d_formula`;
/*!40000 ALTER TABLE `d_formula` DISABLE KEYS */;
INSERT INTO `d_formula` (`f_id`, `f_detailid`, `f_bb`, `f_value`, `f_scale`) VALUES
	(1, 1, 1412, 10.00, '4');
/*!40000 ALTER TABLE `d_formula` ENABLE KEYS */;


-- Dumping structure for table alamrayasite_nabila.d_formula_result
CREATE TABLE IF NOT EXISTS `d_formula_result` (
  `fr_id` int(11) NOT NULL AUTO_INCREMENT,
  `fr_adonan` int(11) NOT NULL,
  `fr_result` decimal(10,2) NOT NULL,
  `fr_scale` varchar(10) DEFAULT NULL,
  `fr_updated` timestamp NULL DEFAULT NULL,
  `fr_created` timestamp NULL DEFAULT NULL,
  PRIMARY KEY (`fr_id`,`fr_adonan`),
  UNIQUE KEY `fr_adonan` (`fr_adonan`),
  CONSTRAINT `FK_d_formula_result_m_item` FOREIGN KEY (`fr_adonan`) REFERENCES `m_item` (`i_id`)
) ENGINE=InnoDB AUTO_INCREMENT=2 DEFAULT CHARSET=latin1;

-- Dumping data for table alamrayasite_nabila.d_formula_result: ~1 rows (approximately)
DELETE FROM `d_formula_result`;
/*!40000 ALTER TABLE `d_formula_result` DISABLE KEYS */;
INSERT INTO `d_formula_result` (`fr_id`, `fr_adonan`, `fr_result`, `fr_scale`, `fr_updated`, `fr_created`) VALUES
	(1, 3, 5.00, '3', NULL, '2018-12-03 08:46:56');
/*!40000 ALTER TABLE `d_formula_result` ENABLE KEYS */;


-- Dumping structure for table alamrayasite_nabila.d_group
CREATE TABLE IF NOT EXISTS `d_group` (
  `g_id` int(11) NOT NULL,
  `g_name` varchar(30) DEFAULT NULL,
  PRIMARY KEY (`g_id`),
  UNIQUE KEY `g_name` (`g_name`)
) ENGINE=InnoDB DEFAULT CHARSET=latin1 COMMENT='nama group';

-- Dumping data for table alamrayasite_nabila.d_group: ~1 rows (approximately)
DELETE FROM `d_group`;
/*!40000 ALTER TABLE `d_group` DISABLE KEYS */;
INSERT INTO `d_group` (`g_id`, `g_name`) VALUES
	(1, 'ke');
/*!40000 ALTER TABLE `d_group` ENABLE KEYS */;


-- Dumping structure for table alamrayasite_nabila.d_group_access
CREATE TABLE IF NOT EXISTS `d_group_access` (
  `ga_access` int(11) NOT NULL,
  `ga_group` int(11) NOT NULL,
  `ga_read` enum('Y','N') DEFAULT 'N',
  `ga_insert` enum('Y','N') DEFAULT 'N',
  `ga_update` enum('Y','N') DEFAULT 'N',
  `ga_delete` enum('Y','N') DEFAULT 'N',
  PRIMARY KEY (`ga_access`,`ga_group`),
  KEY `FK_d_group_access_d_group` (`ga_group`),
  CONSTRAINT `FK_d_group_access_d_access` FOREIGN KEY (`ga_access`) REFERENCES `d_access` (`a_id`) ON DELETE CASCADE ON UPDATE CASCADE,
  CONSTRAINT `FK_d_group_access_d_group` FOREIGN KEY (`ga_group`) REFERENCES `d_group` (`g_id`) ON DELETE CASCADE ON UPDATE CASCADE
) ENGINE=InnoDB DEFAULT CHARSET=latin1;

-- Dumping data for table alamrayasite_nabila.d_group_access: ~67 rows (approximately)
DELETE FROM `d_group_access`;
/*!40000 ALTER TABLE `d_group_access` DISABLE KEYS */;
INSERT INTO `d_group_access` (`ga_access`, `ga_group`, `ga_read`, `ga_insert`, `ga_update`, `ga_delete`) VALUES
	(1, 1, 'N', 'N', 'N', 'N'),
	(2, 1, 'Y', 'N', 'N', 'N'),
	(3, 1, 'Y', 'N', 'N', 'N'),
	(4, 1, 'N', 'N', 'N', 'N'),
	(5, 1, 'N', 'N', 'N', 'N'),
	(6, 1, 'N', 'N', 'N', 'N'),
	(7, 1, 'N', 'N', 'N', 'N'),
	(8, 1, 'N', 'N', 'N', 'N'),
	(9, 1, 'N', 'N', 'N', 'N'),
	(10, 1, 'N', 'N', 'N', 'N'),
	(11, 1, 'N', 'N', 'N', 'N'),
	(12, 1, 'N', 'N', 'N', 'N'),
	(13, 1, 'N', 'N', 'N', 'N'),
	(14, 1, 'N', 'N', 'N', 'N'),
	(15, 1, 'N', 'N', 'N', 'N'),
	(16, 1, 'N', 'N', 'N', 'N'),
	(17, 1, 'N', 'N', 'N', 'N'),
	(18, 1, 'N', 'N', 'N', 'N'),
	(19, 1, 'N', 'N', 'N', 'N'),
	(20, 1, 'N', 'N', 'N', 'N'),
	(21, 1, 'N', 'N', 'N', 'N'),
	(22, 1, 'N', 'N', 'N', 'N'),
	(23, 1, 'N', 'N', 'N', 'N'),
	(24, 1, 'N', 'N', 'N', 'N'),
	(25, 1, 'N', 'N', 'N', 'N'),
	(26, 1, 'N', 'N', 'N', 'N'),
	(27, 1, 'N', 'N', 'N', 'N'),
	(28, 1, 'N', 'N', 'N', 'N'),
	(29, 1, 'N', 'N', 'N', 'N'),
	(30, 1, 'N', 'N', 'N', 'N'),
	(31, 1, 'N', 'N', 'N', 'N'),
	(32, 1, 'N', 'N', 'N', 'N'),
	(33, 1, 'N', 'N', 'N', 'N'),
	(34, 1, 'N', 'N', 'N', 'N'),
	(35, 1, 'N', 'N', 'N', 'N'),
	(36, 1, 'N', 'N', 'N', 'N'),
	(37, 1, 'N', 'N', 'N', 'N'),
	(38, 1, 'N', 'N', 'N', 'N'),
	(39, 1, 'N', 'N', 'N', 'N'),
	(40, 1, 'N', 'N', 'N', 'N'),
	(41, 1, 'N', 'N', 'N', 'N'),
	(42, 1, 'N', 'N', 'N', 'N'),
	(43, 1, 'N', 'N', 'N', 'N'),
	(44, 1, 'N', 'N', 'N', 'N'),
	(45, 1, 'N', 'N', 'N', 'N'),
	(46, 1, 'N', 'N', 'N', 'N'),
	(47, 1, 'N', 'N', 'N', 'N'),
	(48, 1, 'N', 'N', 'N', 'N'),
	(49, 1, 'N', 'N', 'N', 'N'),
	(50, 1, 'N', 'N', 'N', 'N'),
	(51, 1, 'N', 'N', 'N', 'N'),
	(52, 1, 'N', 'N', 'N', 'N'),
	(53, 1, 'N', 'N', 'N', 'N'),
	(54, 1, 'N', 'N', 'N', 'N'),
	(55, 1, 'N', 'N', 'N', 'N'),
	(56, 1, 'N', 'N', 'N', 'N'),
	(57, 1, 'N', 'N', 'N', 'N'),
	(58, 1, 'N', 'N', 'N', 'N'),
	(59, 1, 'N', 'N', 'N', 'N'),
	(60, 1, 'N', 'N', 'N', 'N'),
	(61, 1, 'N', 'N', 'N', 'N'),
	(62, 1, 'N', 'N', 'N', 'N'),
	(63, 1, 'N', 'N', 'N', 'N'),
	(64, 1, 'N', 'N', 'N', 'N'),
	(65, 1, 'N', 'N', 'N', 'N'),
	(66, 1, 'N', 'N', 'N', 'N'),
	(67, 1, 'N', 'N', 'N', 'N');
/*!40000 ALTER TABLE `d_group_access` ENABLE KEYS */;


-- Dumping structure for table alamrayasite_nabila.d_gudangcabang
CREATE TABLE IF NOT EXISTS `d_gudangcabang` (
  `gc_id` int(11) NOT NULL AUTO_INCREMENT,
  `gc_gudang` varchar(30) NOT NULL COMMENT 'GC : GUDANG CUSTOMER | GG : GUDANG GROSIR | GR : GUDANG RETAIL | GS : GUDANG SENDING | GP : GUDANG PRODUKSI | GB : GUDANG BAHAN BAKU',
  `gc_comp` int(11) NOT NULL COMMENT 'GC : GUDANG CUSTOMER | GG : GUDANG GROSIR | GR : GUDANG RETAIL | GS : GUDANG SENDING | GP : GUDANG PRODUKSI | GB : GUDANG BAHAN BAKU',
  `gc_insert` datetime DEFAULT NULL,
  `gc_update` datetime DEFAULT NULL,
  PRIMARY KEY (`gc_id`),
  KEY `FK_d_gudangcabang_m_cabang` (`gc_comp`),
  KEY `FK_d_gudangcabang_m_gudang` (`gc_gudang`),
  CONSTRAINT `FK_d_gudangcabang_m_comp` FOREIGN KEY (`gc_comp`) REFERENCES `m_comp` (`c_id`) ON UPDATE CASCADE,
  CONSTRAINT `FK_d_gudangcabang_m_gudang` FOREIGN KEY (`gc_gudang`) REFERENCES `m_gudang` (`g_name`) ON DELETE CASCADE ON UPDATE CASCADE
) ENGINE=InnoDB AUTO_INCREMENT=10 DEFAULT CHARSET=latin1;

-- Dumping data for table alamrayasite_nabila.d_gudangcabang: ~9 rows (approximately)
DELETE FROM `d_gudangcabang`;
/*!40000 ALTER TABLE `d_gudangcabang` DISABLE KEYS */;
INSERT INTO `d_gudangcabang` (`gc_id`, `gc_gudang`, `gc_comp`, `gc_insert`, `gc_update`) VALUES
	(1, 'GUDANG PENJUALAN', 1, NULL, NULL),
	(2, 'GUDANG TITIP', 1, NULL, NULL),
	(3, 'GUDANG TITIPAN', 1, NULL, NULL),
	(4, 'GUDANG PENJUALAN', 2, NULL, NULL),
	(5, 'GUDANG PRODUKSI', 1, NULL, NULL),
	(6, 'GUDANG PEMBELIAN', 1, NULL, NULL),
	(7, 'GUDANG BAHAN BAKU', 1, NULL, NULL),
	(8, 'GUDANG BAHAN BAKU', 2, NULL, NULL),
	(9, 'GUDANG SENDING', 1, NULL, NULL);
/*!40000 ALTER TABLE `d_gudangcabang` ENABLE KEYS */;


-- Dumping structure for table alamrayasite_nabila.d_itemtitipan_dt
CREATE TABLE IF NOT EXISTS `d_itemtitipan_dt` (
  `idt_itemtitipan` int(11) NOT NULL,
  `idt_detailid` int(11) NOT NULL,
  `idt_date` date NOT NULL,
  `idt_comp` int(11) NOT NULL,
  `idt_position` int(11) NOT NULL,
  `idt_item` int(11) DEFAULT NULL,
  `idt_qty` decimal(6,2) DEFAULT NULL,
  `idt_sisa` decimal(6,2) DEFAULT NULL,
  `idt_terjual` decimal(6,2) DEFAULT NULL,
  `idt_return_qty` decimal(6,2) DEFAULT NULL COMMENT 'menyimpan return sisa kemarin',
  `idt_return_titip` decimal(6,2) DEFAULT NULL COMMENT 'menyimpan return baru',
  `idt_price` decimal(10,2) DEFAULT NULL,
  `idt_action` varchar(50) DEFAULT NULL,
  `idt_status` enum('Y','N') DEFAULT 'N' COMMENT 'Y: selesai N:proses',
  `idt_created` datetime DEFAULT NULL,
  `idt_updated` datetime DEFAULT NULL,
  PRIMARY KEY (`idt_itemtitipan`,`idt_detailid`),
  CONSTRAINT `FK_d_itemtitipan_dt_d_item_titipan` FOREIGN KEY (`idt_itemtitipan`) REFERENCES `d_item_titipan` (`it_id`) ON DELETE CASCADE ON UPDATE CASCADE
) ENGINE=InnoDB DEFAULT CHARSET=latin1;

-- Dumping data for table alamrayasite_nabila.d_itemtitipan_dt: ~1 rows (approximately)
DELETE FROM `d_itemtitipan_dt`;
/*!40000 ALTER TABLE `d_itemtitipan_dt` DISABLE KEYS */;
INSERT INTO `d_itemtitipan_dt` (`idt_itemtitipan`, `idt_detailid`, `idt_date`, `idt_comp`, `idt_position`, `idt_item`, `idt_qty`, `idt_sisa`, `idt_terjual`, `idt_return_qty`, `idt_return_titip`, `idt_price`, `idt_action`, `idt_status`, `idt_created`, `idt_updated`) VALUES
	(1, 1, '2018-12-21', 1, 1, 468, 100.00, 100.00, 0.00, 0.00, 100.00, 0.00, 'Diambil', 'N', '2018-12-21 03:42:07', '2018-12-27 02:28:06');
/*!40000 ALTER TABLE `d_itemtitipan_dt` ENABLE KEYS */;


-- Dumping structure for table alamrayasite_nabila.d_itemtitip_dt
CREATE TABLE IF NOT EXISTS `d_itemtitip_dt` (
  `idt_itemtitip` int(11) NOT NULL,
  `idt_detailid` int(11) NOT NULL,
  `idt_date` date NOT NULL,
  `idt_item` int(11) DEFAULT NULL,
  `idt_qty` decimal(6,2) DEFAULT NULL,
  `idt_terjual` decimal(6,2) DEFAULT NULL,
  `idt_return` decimal(6,2) DEFAULT NULL,
  `idt_comp` int(11) DEFAULT NULL,
  `idt_position` int(11) DEFAULT NULL,
  `idt_price` decimal(10,2) DEFAULT NULL,
  `idt_created` datetime DEFAULT NULL,
  `idt_updated` datetime DEFAULT NULL,
  PRIMARY KEY (`idt_itemtitip`,`idt_detailid`),
  CONSTRAINT `FK_d_itemtitip_dt_d_item_titip` FOREIGN KEY (`idt_itemtitip`) REFERENCES `d_item_titip` (`it_id`) ON DELETE CASCADE ON UPDATE CASCADE
) ENGINE=InnoDB DEFAULT CHARSET=latin1;

-- Dumping data for table alamrayasite_nabila.d_itemtitip_dt: ~2 rows (approximately)
DELETE FROM `d_itemtitip_dt`;
/*!40000 ALTER TABLE `d_itemtitip_dt` DISABLE KEYS */;
INSERT INTO `d_itemtitip_dt` (`idt_itemtitip`, `idt_detailid`, `idt_date`, `idt_item`, `idt_qty`, `idt_terjual`, `idt_return`, `idt_comp`, `idt_position`, `idt_price`, `idt_created`, `idt_updated`) VALUES
	(1, 1, '2018-12-21', 2, 5.00, 5.00, 0.00, 1, 1, 19000.00, '2018-12-21 03:14:11', '2018-12-21 03:15:07'),
	(2, 1, '2018-12-21', 2, 90.00, 80.00, 10.00, 1, 1, 19000.00, '2018-12-21 03:16:01', '2018-12-21 03:16:38');
/*!40000 ALTER TABLE `d_itemtitip_dt` ENABLE KEYS */;


-- Dumping structure for table alamrayasite_nabila.d_item_supplier
CREATE TABLE IF NOT EXISTS `d_item_supplier` (
  `is_id` int(11) NOT NULL AUTO_INCREMENT,
  `is_item` int(11) DEFAULT NULL,
  `is_supplier` int(11) DEFAULT NULL,
  `is_price1` decimal(10,2) DEFAULT NULL,
  `is_price2` decimal(10,2) DEFAULT NULL,
  `is_price3` decimal(10,2) DEFAULT NULL,
  `is_active` enum('Y','N') DEFAULT 'Y',
  `is_created` timestamp NULL DEFAULT NULL,
  `is_updated` datetime DEFAULT NULL,
  PRIMARY KEY (`is_id`)
) ENGINE=InnoDB AUTO_INCREMENT=12 DEFAULT CHARSET=latin1;

-- Dumping data for table alamrayasite_nabila.d_item_supplier: ~11 rows (approximately)
DELETE FROM `d_item_supplier`;
/*!40000 ALTER TABLE `d_item_supplier` DISABLE KEYS */;
INSERT INTO `d_item_supplier` (`is_id`, `is_item`, `is_supplier`, `is_price1`, `is_price2`, `is_price3`, `is_active`, `is_created`, `is_updated`) VALUES
	(1, 1412, 2, 5003.00, NULL, NULL, 'Y', NULL, '2018-12-17 07:17:44'),
	(2, 9, 20, 6002.00, NULL, NULL, 'Y', NULL, NULL),
	(3, 10, 20, 7001.00, NULL, NULL, 'Y', NULL, NULL),
	(4, 11, 21, 5000.00, NULL, NULL, 'Y', NULL, NULL),
	(5, 1412, 1, 5100.00, NULL, NULL, 'Y', NULL, '2018-12-27 07:07:51'),
	(6, 3, 1, 3.00, NULL, NULL, 'Y', '2018-12-03 04:05:45', '2018-12-04 02:08:19'),
	(7, 1419, 1, 5000.00, NULL, NULL, 'Y', '2018-12-03 04:26:34', '2018-12-03 04:32:47'),
	(8, 396, 1, 1.00, NULL, NULL, 'Y', '2018-12-04 02:08:19', '2018-12-04 02:08:19'),
	(9, 1415, 1, 2.00, NULL, NULL, 'Y', '2018-12-10 09:11:08', '2018-12-20 03:14:13'),
	(10, 1413, 1, 0.00, NULL, NULL, 'Y', '2018-12-21 03:23:16', '2018-12-21 03:23:16'),
	(11, 1414, 1, 0.00, NULL, NULL, 'Y', '2018-12-21 11:29:10', '2018-12-21 11:29:10');
/*!40000 ALTER TABLE `d_item_supplier` ENABLE KEYS */;


-- Dumping structure for table alamrayasite_nabila.d_item_titip
CREATE TABLE IF NOT EXISTS `d_item_titip` (
  `it_id` int(11) NOT NULL AUTO_INCREMENT,
  `it_code` varchar(50) NOT NULL DEFAULT '0',
  `it_comp` int(11) NOT NULL DEFAULT '0',
  `it_date` date DEFAULT NULL,
  `it_toko` varchar(50) DEFAULT NULL,
  `it_status` varchar(50) DEFAULT NULL,
  `it_total` decimal(10,2) DEFAULT NULL,
  `it_bayar` decimal(10,2) DEFAULT NULL,
  `it_keterangan` varchar(50) DEFAULT NULL,
  `it_created` datetime DEFAULT NULL,
  `it_updated` datetime DEFAULT NULL,
  PRIMARY KEY (`it_id`)
) ENGINE=InnoDB AUTO_INCREMENT=3 DEFAULT CHARSET=latin1;

-- Dumping data for table alamrayasite_nabila.d_item_titip: ~2 rows (approximately)
DELETE FROM `d_item_titip`;
/*!40000 ALTER TABLE `d_item_titip` DISABLE KEYS */;
INSERT INTO `d_item_titip` (`it_id`, `it_code`, `it_comp`, `it_date`, `it_toko`, `it_status`, `it_total`, `it_bayar`, `it_keterangan`, `it_created`, `it_updated`) VALUES
	(1, 'TTN-1812-00001', 1, '2018-12-21', NULL, 'terima', 95000.00, NULL, NULL, '2018-12-21 03:14:10', '2018-12-21 03:15:07'),
	(2, 'TTN-1812-00002', 1, '2018-12-21', NULL, 'terima', 1710000.00, NULL, NULL, '2018-12-21 03:16:01', '2018-12-21 03:16:37');
/*!40000 ALTER TABLE `d_item_titip` ENABLE KEYS */;


-- Dumping structure for table alamrayasite_nabila.d_item_titipan
CREATE TABLE IF NOT EXISTS `d_item_titipan` (
  `it_id` int(11) NOT NULL AUTO_INCREMENT,
  `it_comp` int(11) NOT NULL DEFAULT '0',
  `it_code` varchar(50) NOT NULL DEFAULT '0',
  `it_status` varchar(50) NOT NULL DEFAULT '0' COMMENT 'lunas, dibayar,kosong',
  `it_supplier` int(11) NOT NULL DEFAULT '0',
  `it_date` date DEFAULT NULL,
  `it_toko` varchar(50) DEFAULT NULL,
  `it_note` varchar(50) DEFAULT NULL,
  `it_total` decimal(15,2) DEFAULT NULL,
  `it_disc` decimal(15,2) DEFAULT NULL,
  `it_bayar` decimal(15,2) DEFAULT NULL,
  `it_jurnal` decimal(15,2) DEFAULT NULL,
  `it_keterangan` varchar(50) DEFAULT '0',
  `it_created` datetime DEFAULT NULL,
  `it_updated` datetime DEFAULT NULL,
  PRIMARY KEY (`it_id`),
  UNIQUE KEY `it_code` (`it_code`),
  KEY `FK_d_item_titipan_m_comp` (`it_comp`),
  KEY `FK_d_item_titipan_m_supplier` (`it_supplier`),
  CONSTRAINT `FK_d_item_titipan_m_comp` FOREIGN KEY (`it_comp`) REFERENCES `m_comp` (`c_id`),
  CONSTRAINT `FK_d_item_titipan_m_supplier` FOREIGN KEY (`it_supplier`) REFERENCES `m_supplier` (`s_id`)
) ENGINE=InnoDB AUTO_INCREMENT=2 DEFAULT CHARSET=latin1;

-- Dumping data for table alamrayasite_nabila.d_item_titipan: ~1 rows (approximately)
DELETE FROM `d_item_titipan`;
/*!40000 ALTER TABLE `d_item_titipan` DISABLE KEYS */;
INSERT INTO `d_item_titipan` (`it_id`, `it_comp`, `it_code`, `it_status`, `it_supplier`, `it_date`, `it_toko`, `it_note`, `it_total`, `it_disc`, `it_bayar`, `it_jurnal`, `it_keterangan`, `it_created`, `it_updated`) VALUES
	(1, 1, 'IT-1812-00001', 'lunas', 1, '2018-12-21', NULL, NULL, 0.00, NULL, NULL, NULL, 'sd', '2018-12-21 03:42:07', '2018-12-27 02:28:05');
/*!40000 ALTER TABLE `d_item_titipan` ENABLE KEYS */;


-- Dumping structure for table alamrayasite_nabila.d_konversi_satuan
CREATE TABLE IF NOT EXISTS `d_konversi_satuan` (
  `ks_id` int(11) NOT NULL AUTO_INCREMENT,
  `ks_primary` int(11) DEFAULT NULL,
  `ks_name` varchar(50) DEFAULT NULL,
  `ks_volume` int(11) DEFAULT NULL,
  `ks_scond` int(11) DEFAULT NULL,
  `ks_name2` varchar(50) DEFAULT NULL,
  `ks_volume2` int(11) DEFAULT NULL,
  PRIMARY KEY (`ks_id`)
) ENGINE=InnoDB DEFAULT CHARSET=latin1;

-- Dumping data for table alamrayasite_nabila.d_konversi_satuan: ~0 rows (approximately)
DELETE FROM `d_konversi_satuan`;
/*!40000 ALTER TABLE `d_konversi_satuan` DISABLE KEYS */;
/*!40000 ALTER TABLE `d_konversi_satuan` ENABLE KEYS */;


-- Dumping structure for table alamrayasite_nabila.d_mem
CREATE TABLE IF NOT EXISTS `d_mem` (
  `m_id` varchar(10) NOT NULL,
  `m_username` varchar(20) DEFAULT NULL,
  `m_passwd` varchar(40) DEFAULT NULL,
  `m_name` varchar(100) DEFAULT NULL,
  `m_birth_tgl` date DEFAULT NULL,
  `m_addr` varchar(100) DEFAULT NULL,
  `m_reff` varchar(10) DEFAULT NULL,
  `m_lastlogin` timestamp NULL DEFAULT NULL,
  `m_lastlogout` timestamp NULL DEFAULT NULL,
  `m_insert` timestamp NULL DEFAULT NULL,
  `m_update` timestamp NOT NULL DEFAULT CURRENT_TIMESTAMP ON UPDATE CURRENT_TIMESTAMP,
  PRIMARY KEY (`m_id`)
) ENGINE=InnoDB DEFAULT CHARSET=latin1;

-- Dumping data for table alamrayasite_nabila.d_mem: ~4 rows (approximately)
DELETE FROM `d_mem`;
/*!40000 ALTER TABLE `d_mem` DISABLE KEYS */;
INSERT INTO `d_mem` (`m_id`, `m_username`, `m_passwd`, `m_name`, `m_birth_tgl`, `m_addr`, `m_reff`, `m_lastlogin`, `m_lastlogout`, `m_insert`, `m_update`) VALUES
	('1', 'Nabila', '47e3896af5f3d18dbce321283dd9af0197f8c0e4', 'Nabila', '2018-03-28', NULL, NULL, '2018-03-28 08:24:54', '2018-03-28 08:24:53', '2018-03-28 08:24:50', '2018-12-03 14:47:59'),
	('2', 'shitta', '47e3896af5f3d18dbce321283dd9af0197f8c0e4', 'dfd', '2018-05-02', NULL, NULL, '2018-05-02 16:22:44', '2018-05-02 16:22:53', '2018-04-10 07:24:47', '2018-05-02 16:22:54'),
	('3', 'APRIL', '47e3896af5f3d18dbce321283dd9af0197f8c0e4', 'APRIL', '2018-03-28', NULL, NULL, '2018-03-28 08:24:54', '2018-03-28 08:24:53', '2018-03-28 08:24:50', '2018-10-25 09:55:13'),
	('4', 'mahmud', '47e3896af5f3d18dbce321283dd9af0197f8c0e4', 'sds', '2018-05-02', NULL, NULL, '2018-05-02 16:22:45', '2018-05-02 16:22:47', '2018-04-10 07:31:19', '2018-05-02 16:22:50');
/*!40000 ALTER TABLE `d_mem` ENABLE KEYS */;


-- Dumping structure for table alamrayasite_nabila.d_mem_access
CREATE TABLE IF NOT EXISTS `d_mem_access` (
  `ma_id` int(11) NOT NULL AUTO_INCREMENT,
  `ma_mem` varchar(10) DEFAULT NULL,
  `ma_access` int(11) DEFAULT NULL,
  `ma_group` int(11) DEFAULT NULL,
  `ma_type` enum('M','G') DEFAULT NULL COMMENT 'M: langsung dari member, G: harus melalui group akses',
  `ma_read` enum('N','Y') DEFAULT 'N',
  `ma_insert` enum('N','Y') DEFAULT 'N',
  `ma_update` enum('N','Y') DEFAULT 'N',
  `ma_delete` enum('N','Y') DEFAULT 'N',
  PRIMARY KEY (`ma_id`),
  KEY `FK_d_mem_acces_d_mem` (`ma_mem`),
  KEY `FK_d_mem_acces_d_access` (`ma_access`),
  CONSTRAINT `FK_d_mem_acces_d_access` FOREIGN KEY (`ma_access`) REFERENCES `d_access` (`a_id`),
  CONSTRAINT `FK_d_mem_acces_d_mem` FOREIGN KEY (`ma_mem`) REFERENCES `d_mem` (`m_id`)
) ENGINE=InnoDB DEFAULT CHARSET=latin1 COMMENT='menampung akses user';

-- Dumping data for table alamrayasite_nabila.d_mem_access: ~0 rows (approximately)
DELETE FROM `d_mem_access`;
/*!40000 ALTER TABLE `d_mem_access` DISABLE KEYS */;
/*!40000 ALTER TABLE `d_mem_access` ENABLE KEYS */;


-- Dumping structure for table alamrayasite_nabila.d_mem_comp
CREATE TABLE IF NOT EXISTS `d_mem_comp` (
  `mc_mem` varchar(10) NOT NULL,
  `mc_comp` int(11) NOT NULL,
  `mc_lvl` tinyint(4) DEFAULT NULL,
  `mc_active` varchar(1) DEFAULT '0',
  `mc_insert` timestamp NULL DEFAULT NULL,
  `mc_update` timestamp NOT NULL DEFAULT CURRENT_TIMESTAMP ON UPDATE CURRENT_TIMESTAMP,
  PRIMARY KEY (`mc_mem`,`mc_comp`),
  KEY `FK_d_mem_comp_m_comp` (`mc_comp`),
  CONSTRAINT `FK_d_mem_comp_d_mem` FOREIGN KEY (`mc_mem`) REFERENCES `d_mem` (`m_id`) ON UPDATE CASCADE,
  CONSTRAINT `FK_d_mem_comp_m_comp` FOREIGN KEY (`mc_comp`) REFERENCES `m_comp` (`c_id`) ON UPDATE CASCADE
) ENGINE=InnoDB DEFAULT CHARSET=latin1;

-- Dumping data for table alamrayasite_nabila.d_mem_comp: ~3 rows (approximately)
DELETE FROM `d_mem_comp`;
/*!40000 ALTER TABLE `d_mem_comp` DISABLE KEYS */;
INSERT INTO `d_mem_comp` (`mc_mem`, `mc_comp`, `mc_lvl`, `mc_active`, `mc_insert`, `mc_update`) VALUES
	('1', 1, NULL, 'Y', NULL, '2018-09-06 16:08:01'),
	('1', 2, NULL, 'y', NULL, '2018-09-06 18:43:13'),
	('3', 1, NULL, 'Y', NULL, '2018-09-06 16:08:01');
/*!40000 ALTER TABLE `d_mem_comp` ENABLE KEYS */;


-- Dumping structure for table alamrayasite_nabila.d_mem_gudangcomp
CREATE TABLE IF NOT EXISTS `d_mem_gudangcomp` (
  `mg_mem` varchar(50) NOT NULL,
  `mg_gudangcomp` int(11) NOT NULL,
  `mg_created` datetime DEFAULT NULL,
  `mg_updated` datetime DEFAULT NULL,
  PRIMARY KEY (`mg_mem`,`mg_gudangcomp`),
  KEY `FK_d_mem_gudangcomp_d_gudangcabang` (`mg_gudangcomp`),
  CONSTRAINT `FK_d_mem_gudangcomp_d_gudangcabang` FOREIGN KEY (`mg_gudangcomp`) REFERENCES `d_gudangcabang` (`gc_id`),
  CONSTRAINT `FK_d_mem_gudangcomp_d_mem` FOREIGN KEY (`mg_mem`) REFERENCES `d_mem` (`m_id`)
) ENGINE=InnoDB DEFAULT CHARSET=latin1;

-- Dumping data for table alamrayasite_nabila.d_mem_gudangcomp: ~0 rows (approximately)
DELETE FROM `d_mem_gudangcomp`;
/*!40000 ALTER TABLE `d_mem_gudangcomp` DISABLE KEYS */;
/*!40000 ALTER TABLE `d_mem_gudangcomp` ENABLE KEYS */;


-- Dumping structure for table alamrayasite_nabila.d_mutasi_item
CREATE TABLE IF NOT EXISTS `d_mutasi_item` (
  `mi_id` int(11) NOT NULL AUTO_INCREMENT,
  `mi_comp` int(11) NOT NULL DEFAULT '0',
  `mi_date` date NOT NULL COMMENT 'RT: Retail | GR: Grosir',
  `mi_code` varchar(50) NOT NULL DEFAULT '0000-00-00 00:00:00',
  `mi_keterangan` varchar(50) DEFAULT '0000-00-00 00:00:00',
  `mi_created` timestamp NULL DEFAULT NULL,
  `mi_updated` datetime DEFAULT NULL,
  PRIMARY KEY (`mi_id`),
  KEY `FK_d_mutasi_item_m_comp` (`mi_comp`),
  CONSTRAINT `FK_d_mutasi_item_m_comp` FOREIGN KEY (`mi_comp`) REFERENCES `m_comp` (`c_id`) ON UPDATE CASCADE
) ENGINE=InnoDB AUTO_INCREMENT=2 DEFAULT CHARSET=latin1;

-- Dumping data for table alamrayasite_nabila.d_mutasi_item: ~1 rows (approximately)
DELETE FROM `d_mutasi_item`;
/*!40000 ALTER TABLE `d_mutasi_item` DISABLE KEYS */;
INSERT INTO `d_mutasi_item` (`mi_id`, `mi_comp`, `mi_date`, `mi_code`, `mi_keterangan`, `mi_created`, `mi_updated`) VALUES
	(1, 1, '2018-12-20', 'MI-1812-00001', NULL, '2018-12-20 08:48:09', '2018-12-20 08:48:09');
/*!40000 ALTER TABLE `d_mutasi_item` ENABLE KEYS */;


-- Dumping structure for table alamrayasite_nabila.d_mutationitem_material
CREATE TABLE IF NOT EXISTS `d_mutationitem_material` (
  `mm_mutationitem` int(11) NOT NULL,
  `mm_detailid` int(11) NOT NULL,
  `mm_comp` int(11) NOT NULL,
  `mm_position` int(11) NOT NULL,
  `mm_item` int(11) DEFAULT NULL,
  `mm_qty` decimal(10,2) DEFAULT NULL,
  `mm_hpp` decimal(10,2) DEFAULT NULL,
  `mm_create` datetime DEFAULT NULL,
  `mm_update` datetime DEFAULT NULL,
  PRIMARY KEY (`mm_mutationitem`,`mm_detailid`),
  KEY `FK_d_mutationitem_material_m_comp` (`mm_comp`),
  CONSTRAINT `FK_d_mutationitem_material_d_mutasi_item` FOREIGN KEY (`mm_mutationitem`) REFERENCES `d_mutasi_item` (`mi_id`) ON DELETE CASCADE ON UPDATE CASCADE
) ENGINE=InnoDB DEFAULT CHARSET=latin1;

-- Dumping data for table alamrayasite_nabila.d_mutationitem_material: ~2 rows (approximately)
DELETE FROM `d_mutationitem_material`;
/*!40000 ALTER TABLE `d_mutationitem_material` DISABLE KEYS */;
INSERT INTO `d_mutationitem_material` (`mm_mutationitem`, `mm_detailid`, `mm_comp`, `mm_position`, `mm_item`, `mm_qty`, `mm_hpp`, `mm_create`, `mm_update`) VALUES
	(1, 1, 1, 1, 1, 5.00, NULL, '2018-12-20 08:48:10', '2018-12-20 08:54:38'),
	(1, 2, 1, 1, 2, 5.00, NULL, '2018-12-20 08:48:10', '2018-12-20 08:54:38');
/*!40000 ALTER TABLE `d_mutationitem_material` ENABLE KEYS */;


-- Dumping structure for table alamrayasite_nabila.d_mutationitem_product
CREATE TABLE IF NOT EXISTS `d_mutationitem_product` (
  `mp_mutationitem` int(11) NOT NULL,
  `mp_detailid` int(11) NOT NULL,
  `mp_comp` int(11) NOT NULL,
  `mp_position` int(11) NOT NULL,
  `mp_item` int(11) DEFAULT NULL,
  `mp_qty` decimal(10,2) DEFAULT NULL,
  `mp_hpp` decimal(10,2) DEFAULT NULL,
  `mp_create` datetime DEFAULT NULL,
  `mp_update` datetime DEFAULT NULL,
  PRIMARY KEY (`mp_mutationitem`,`mp_detailid`),
  KEY `FK_d_mutationitem_product_m_comp` (`mp_comp`),
  CONSTRAINT `FK_d_mutationitem_product_d_mutasi_item` FOREIGN KEY (`mp_mutationitem`) REFERENCES `d_mutasi_item` (`mi_id`) ON DELETE CASCADE ON UPDATE CASCADE
) ENGINE=InnoDB DEFAULT CHARSET=latin1;

-- Dumping data for table alamrayasite_nabila.d_mutationitem_product: ~1 rows (approximately)
DELETE FROM `d_mutationitem_product`;
/*!40000 ALTER TABLE `d_mutationitem_product` DISABLE KEYS */;
INSERT INTO `d_mutationitem_product` (`mp_mutationitem`, `mp_detailid`, `mp_comp`, `mp_position`, `mp_item`, `mp_qty`, `mp_hpp`, `mp_create`, `mp_update`) VALUES
	(1, 1, 1, 1, 75, 5.00, 300.00, '2018-12-20 08:48:10', '2018-12-20 08:54:38');
/*!40000 ALTER TABLE `d_mutationitem_product` ENABLE KEYS */;


-- Dumping structure for table alamrayasite_nabila.d_opname
CREATE TABLE IF NOT EXISTS `d_opname` (
  `o_id` int(11) NOT NULL AUTO_INCREMENT,
  `o_nota` varchar(15) COLLATE utf8_unicode_ci NOT NULL,
  `o_staff` int(11) DEFAULT NULL,
  `o_comp` int(11) NOT NULL,
  `o_position` int(11) NOT NULL,
  `o_insert` timestamp NULL DEFAULT NULL,
  `o_update` timestamp NULL DEFAULT NULL,
  PRIMARY KEY (`o_id`)
) ENGINE=InnoDB AUTO_INCREMENT=3 DEFAULT CHARSET=utf8 COLLATE=utf8_unicode_ci;

-- Dumping data for table alamrayasite_nabila.d_opname: ~2 rows (approximately)
DELETE FROM `d_opname`;
/*!40000 ALTER TABLE `d_opname` DISABLE KEYS */;
INSERT INTO `d_opname` (`o_id`, `o_nota`, `o_staff`, `o_comp`, `o_position`, `o_insert`, `o_update`) VALUES
	(1, 'OD1812031', NULL, 7, 7, '2018-12-03 08:52:41', NULL),
	(2, 'OD1812132', NULL, 7, 7, '2018-12-13 03:19:56', NULL);
/*!40000 ALTER TABLE `d_opname` ENABLE KEYS */;


-- Dumping structure for table alamrayasite_nabila.d_opnamedt
CREATE TABLE IF NOT EXISTS `d_opnamedt` (
  `od_ido` int(11) NOT NULL,
  `od_idodt` int(11) NOT NULL,
  `od_item` int(11) NOT NULL,
  `od_opname` decimal(10,2) NOT NULL,
  PRIMARY KEY (`od_ido`,`od_idodt`),
  CONSTRAINT `FK_d_opnamedt_d_opname` FOREIGN KEY (`od_ido`) REFERENCES `d_opname` (`o_id`) ON DELETE CASCADE ON UPDATE CASCADE
) ENGINE=InnoDB DEFAULT CHARSET=utf8 COLLATE=utf8_unicode_ci;

-- Dumping data for table alamrayasite_nabila.d_opnamedt: ~2 rows (approximately)
DELETE FROM `d_opnamedt`;
/*!40000 ALTER TABLE `d_opnamedt` DISABLE KEYS */;
INSERT INTO `d_opnamedt` (`od_ido`, `od_idodt`, `od_item`, `od_opname`) VALUES
	(1, 1, 1412, 50.00),
	(2, 1, 1412, 50.00);
/*!40000 ALTER TABLE `d_opnamedt` ENABLE KEYS */;


-- Dumping structure for table alamrayasite_nabila.d_pakai_barang
CREATE TABLE IF NOT EXISTS `d_pakai_barang` (
  `d_pb_id` int(11) NOT NULL AUTO_INCREMENT,
  `d_pb_code` varchar(15) COLLATE utf8_unicode_ci NOT NULL,
  `d_pb_date` date NOT NULL,
  `d_pb_peminta` varchar(50) COLLATE utf8_unicode_ci NOT NULL,
  `d_pb_keperluan` varchar(50) COLLATE utf8_unicode_ci NOT NULL,
  `d_pb_staff` varchar(15) COLLATE utf8_unicode_ci NOT NULL COMMENT 'd_mem (m_id)',
  `d_pb_gdg` int(11) NOT NULL COMMENT 'd_gudangcabang (id)',
  `d_pb_created` datetime NOT NULL,
  `d_pb_updated` datetime DEFAULT NULL,
  PRIMARY KEY (`d_pb_id`),
  KEY `FK_d_pakai_barang_d_gudangcabang` (`d_pb_gdg`)
) ENGINE=InnoDB AUTO_INCREMENT=14 DEFAULT CHARSET=utf8 COLLATE=utf8_unicode_ci COMMENT='tabel untuk menyimpan data pemakaian barang digunakan';

-- Dumping data for table alamrayasite_nabila.d_pakai_barang: ~2 rows (approximately)
DELETE FROM `d_pakai_barang`;
/*!40000 ALTER TABLE `d_pakai_barang` DISABLE KEYS */;
INSERT INTO `d_pakai_barang` (`d_pb_id`, `d_pb_code`, `d_pb_date`, `d_pb_peminta`, `d_pb_keperluan`, `d_pb_staff`, `d_pb_gdg`, `d_pb_created`, `d_pb_updated`) VALUES
	(12, 'PBG-1811-00001', '2018-11-03', 'OM TONI', 'CUMAN TEST', '15', 2, '2018-11-03 01:33:12', '2018-11-03 01:33:12'),
	(13, 'PBG-1811-00002', '2018-11-14', 'JOKO', 'SHODAKOH', '26', 1, '2018-11-14 22:18:41', '2018-11-14 22:18:41');
/*!40000 ALTER TABLE `d_pakai_barang` ENABLE KEYS */;


-- Dumping structure for table alamrayasite_nabila.d_pakai_barangdt
CREATE TABLE IF NOT EXISTS `d_pakai_barangdt` (
  `d_pbdt_id` int(11) NOT NULL AUTO_INCREMENT,
  `d_pbdt_pbid` int(11) NOT NULL COMMENT 'd_pakai_barang (id)',
  `d_pbdt_item` int(11) NOT NULL COMMENT 'm_item (id)',
  `d_pbdt_sat` int(11) NOT NULL COMMENT 'm_satuan (id)',
  `d_pbdt_qty` int(11) NOT NULL DEFAULT '0',
  `d_pbdt_price` decimal(12,2) NOT NULL DEFAULT '0.00',
  `d_pbdt_pricetotal` decimal(12,2) NOT NULL DEFAULT '0.00',
  `d_pbdt_keterangan` varchar(50) COLLATE utf8_unicode_ci DEFAULT NULL,
  `d_pbdt_created` datetime NOT NULL,
  `d_pbdt_updated` datetime DEFAULT NULL,
  PRIMARY KEY (`d_pbdt_id`),
  KEY `FK_d_pakai_barangdt_d_pakai_barang` (`d_pbdt_pbid`),
  KEY `FK_d_pakai_barangdt_m_item` (`d_pbdt_item`),
  KEY `FK_d_pakai_barangdt_m_satuan` (`d_pbdt_sat`)
) ENGINE=InnoDB AUTO_INCREMENT=14 DEFAULT CHARSET=utf8 COLLATE=utf8_unicode_ci COMMENT='u/ pemakaian barang detail';

-- Dumping data for table alamrayasite_nabila.d_pakai_barangdt: ~2 rows (approximately)
DELETE FROM `d_pakai_barangdt`;
/*!40000 ALTER TABLE `d_pakai_barangdt` DISABLE KEYS */;
INSERT INTO `d_pakai_barangdt` (`d_pbdt_id`, `d_pbdt_pbid`, `d_pbdt_item`, `d_pbdt_sat`, `d_pbdt_qty`, `d_pbdt_price`, `d_pbdt_pricetotal`, `d_pbdt_keterangan`, `d_pbdt_created`, `d_pbdt_updated`) VALUES
	(12, 12, 297, 1, 10, 0.00, 0.00, '', '2018-11-03 01:33:12', '2018-11-03 01:33:12'),
	(13, 13, 162, 1, 2, 0.00, 0.00, '', '2018-11-14 22:18:41', '2018-11-14 22:18:41');
/*!40000 ALTER TABLE `d_pakai_barangdt` ENABLE KEYS */;


-- Dumping structure for table alamrayasite_nabila.d_payable
CREATE TABLE IF NOT EXISTS `d_payable` (
  `p_id` int(11) NOT NULL AUTO_INCREMENT,
  `p_comp` int(11) NOT NULL,
  `p_chanel` char(15) NOT NULL,
  `p_code` char(15) NOT NULL,
  `p_ref` int(11) NOT NULL,
  `p_supplier` int(11) DEFAULT NULL,
  `p_date` datetime DEFAULT NULL,
  `p_value` decimal(10,2) DEFAULT NULL,
  `p_duedate` datetime DEFAULT NULL,
  `p_outstanding` decimal(10,2) DEFAULT NULL,
  `p_updated` datetime DEFAULT NULL,
  PRIMARY KEY (`p_id`),
  KEY `p_supplier` (`p_supplier`)
) ENGINE=InnoDB AUTO_INCREMENT=8 DEFAULT CHARSET=latin1;

-- Dumping data for table alamrayasite_nabila.d_payable: ~7 rows (approximately)
DELETE FROM `d_payable`;
/*!40000 ALTER TABLE `d_payable` DISABLE KEYS */;
INSERT INTO `d_payable` (`p_id`, `p_comp`, `p_chanel`, `p_code`, `p_ref`, `p_supplier`, `p_date`, `p_value`, `p_duedate`, `p_outstanding`, `p_updated`) VALUES
	(1, 1, 'Pembelian', '', 1, 1, '2018-12-19 00:00:00', 330000.00, '2017-10-04 11:37:48', 330000.00, NULL),
	(2, 2, 'Pembelian', '', 1, 2, '2018-12-19 00:00:00', 330000.00, '2017-10-04 11:38:33', 0.00, '2018-12-19 10:04:45'),
	(3, 2, 'Pembelian', '', 1, 1, '2018-12-19 00:00:00', 330000.00, '2017-10-04 11:39:09', 330000.00, NULL),
	(4, 1, 'Pembelian', '', 1, 2, '2018-12-19 00:00:00', 5974408.00, '2017-08-08 10:00:40', -3025592.00, '2018-12-19 10:03:36'),
	(5, 1, 'Pembelian', '', 1, 3, '2018-12-19 00:00:00', 330000.00, '2017-10-04 11:39:43', 0.00, '2018-12-26 02:58:08'),
	(6, 2, 'Pembelian', '', 1, 2, '2018-12-19 00:00:00', 5559420.00, '2017-08-29 10:03:27', 5559420.00, NULL),
	(7, 1, 'Pembelian', '', 1, 3, '2018-12-19 00:00:00', 660000.00, '2017-10-04 01:04:44', 660000.00, NULL);
/*!40000 ALTER TABLE `d_payable` ENABLE KEYS */;


-- Dumping structure for table alamrayasite_nabila.d_payable_dt
CREATE TABLE IF NOT EXISTS `d_payable_dt` (
  `pd_payable` int(11) NOT NULL,
  `pd_detailid` tinyint(4) NOT NULL,
  `pd_value` decimal(10,2) DEFAULT NULL,
  `pd_datepay` datetime DEFAULT NULL,
  `pd_created` datetime DEFAULT NULL,
  `pd_updated` datetime DEFAULT NULL,
  PRIMARY KEY (`pd_payable`,`pd_detailid`)
) ENGINE=InnoDB DEFAULT CHARSET=latin1;

-- Dumping data for table alamrayasite_nabila.d_payable_dt: ~4 rows (approximately)
DELETE FROM `d_payable_dt`;
/*!40000 ALTER TABLE `d_payable_dt` DISABLE KEYS */;
INSERT INTO `d_payable_dt` (`pd_payable`, `pd_detailid`, `pd_value`, `pd_datepay`, `pd_created`, `pd_updated`) VALUES
	(2, 1, 30000.00, '1970-01-01 00:00:00', '2018-12-19 10:04:10', '2018-12-19 10:04:10'),
	(2, 2, 300000.00, '1970-01-01 00:00:00', '2018-12-19 10:04:45', '2018-12-19 10:04:45'),
	(4, 1, 9000000.00, '1970-01-01 00:00:00', '2018-12-19 10:03:36', '2018-12-19 10:03:36'),
	(5, 1, 330000.00, '2018-12-12 00:00:00', '2018-12-26 02:58:08', '2018-12-26 02:58:08');
/*!40000 ALTER TABLE `d_payable_dt` ENABLE KEYS */;


-- Dumping structure for table alamrayasite_nabila.d_pengiriman
CREATE TABLE IF NOT EXISTS `d_pengiriman` (
  `p_id` int(11) NOT NULL,
  `p_pr` varchar(100) DEFAULT NULL,
  `p_code` varchar(100) DEFAULT NULL,
  `p_tanggal_produksi` date DEFAULT NULL,
  `p_tanggal_transfer` date DEFAULT NULL,
  `p_keterangan` varchar(100) DEFAULT NULL,
  `p_insert` datetime DEFAULT NULL,
  `p_update` datetime DEFAULT NULL,
  `p_status_diterima` enum('Y','N','T') DEFAULT 'Y' COMMENT 'N=''Belum di kirim , Y=Kirim'' ,T=''Terima''',
  PRIMARY KEY (`p_id`)
) ENGINE=InnoDB DEFAULT CHARSET=latin1;

-- Dumping data for table alamrayasite_nabila.d_pengiriman: ~0 rows (approximately)
DELETE FROM `d_pengiriman`;
/*!40000 ALTER TABLE `d_pengiriman` DISABLE KEYS */;
/*!40000 ALTER TABLE `d_pengiriman` ENABLE KEYS */;


-- Dumping structure for table alamrayasite_nabila.d_pengiriman_dt
CREATE TABLE IF NOT EXISTS `d_pengiriman_dt` (
  `pd_pengiriman` int(11) NOT NULL,
  `pd_detailid` int(11) NOT NULL,
  `pd_comp` int(11) DEFAULT NULL,
  `pd_position` int(11) DEFAULT NULL,
  `pd_item` int(11) DEFAULT NULL,
  `pd_qty` int(11) DEFAULT NULL,
  `pd_diterima` int(11) DEFAULT '0',
  `pd_penerima` varchar(50) DEFAULT '0',
  `pd_status_diterima` enum('Y','N') DEFAULT 'N',
  `pd_hpp` decimal(10,2) DEFAULT NULL,
  `pd_insert` datetime DEFAULT NULL,
  `pd_update` datetime DEFAULT NULL,
  PRIMARY KEY (`pd_pengiriman`,`pd_detailid`),
  CONSTRAINT `FK_d_pengiriman_dt_d_pengiriman` FOREIGN KEY (`pd_pengiriman`) REFERENCES `d_pengiriman` (`p_id`) ON DELETE CASCADE ON UPDATE CASCADE
) ENGINE=InnoDB DEFAULT CHARSET=latin1;

-- Dumping data for table alamrayasite_nabila.d_pengiriman_dt: ~0 rows (approximately)
DELETE FROM `d_pengiriman_dt`;
/*!40000 ALTER TABLE `d_pengiriman_dt` DISABLE KEYS */;
/*!40000 ALTER TABLE `d_pengiriman_dt` ENABLE KEYS */;


-- Dumping structure for table alamrayasite_nabila.d_productplan
CREATE TABLE IF NOT EXISTS `d_productplan` (
  `pp_id` int(11) NOT NULL AUTO_INCREMENT,
  `pp_comp` int(11) NOT NULL DEFAULT '0',
  `pp_date` date DEFAULT NULL,
  `pp_item` int(11) DEFAULT NULL,
  `pp_qty` decimal(10,0) DEFAULT NULL,
  `pp_isspk` enum('N','Y','P','C') DEFAULT 'N' COMMENT 'N : Rencana | Y : Spk | P : Produksi ',
  `pp_insert` timestamp NULL DEFAULT NULL,
  `pp_update` timestamp NOT NULL DEFAULT CURRENT_TIMESTAMP ON UPDATE CURRENT_TIMESTAMP,
  PRIMARY KEY (`pp_id`)
) ENGINE=InnoDB AUTO_INCREMENT=5 DEFAULT CHARSET=latin1;

-- Dumping data for table alamrayasite_nabila.d_productplan: ~4 rows (approximately)
DELETE FROM `d_productplan`;
/*!40000 ALTER TABLE `d_productplan` DISABLE KEYS */;
INSERT INTO `d_productplan` (`pp_id`, `pp_comp`, `pp_date`, `pp_item`, `pp_qty`, `pp_isspk`, `pp_insert`, `pp_update`) VALUES
	(1, 1, '2018-12-03', 3, 10, 'P', NULL, '2018-12-03 09:26:34'),
	(2, 1, '2018-12-13', 3, 1, 'C', NULL, '2018-12-13 03:25:25'),
	(3, 1, '2018-12-13', 398, 1, 'N', NULL, '2018-12-13 10:18:09'),
	(4, 1, '2018-12-17', 3, 4, 'P', NULL, '2018-12-17 06:31:10');
/*!40000 ALTER TABLE `d_productplan` ENABLE KEYS */;


-- Dumping structure for table alamrayasite_nabila.d_productresult
CREATE TABLE IF NOT EXISTS `d_productresult` (
  `pr_id` int(11) NOT NULL,
  `pr_spk` int(11) NOT NULL,
  `pr_date` date DEFAULT NULL,
  `pr_item` int(11) DEFAULT NULL,
  `pr_insert` datetime DEFAULT NULL,
  `pr_update` datetime DEFAULT NULL,
  PRIMARY KEY (`pr_id`),
  KEY `pr_spk` (`pr_spk`),
  CONSTRAINT `FK_d_productresult_d_spk` FOREIGN KEY (`pr_spk`) REFERENCES `d_spk` (`spk_id`)
) ENGINE=InnoDB DEFAULT CHARSET=latin1;

-- Dumping data for table alamrayasite_nabila.d_productresult: ~2 rows (approximately)
DELETE FROM `d_productresult`;
/*!40000 ALTER TABLE `d_productresult` DISABLE KEYS */;
INSERT INTO `d_productresult` (`pr_id`, `pr_spk`, `pr_date`, `pr_item`, `pr_insert`, `pr_update`) VALUES
	(1, 2, '2018-12-13', 3, NULL, NULL),
	(2, 3, '2018-12-17', 3, NULL, NULL);
/*!40000 ALTER TABLE `d_productresult` ENABLE KEYS */;


-- Dumping structure for table alamrayasite_nabila.d_productresult_dt
CREATE TABLE IF NOT EXISTS `d_productresult_dt` (
  `prdt_productresult` int(11) NOT NULL,
  `prdt_detail` int(11) NOT NULL,
  `prdt_item` int(11) DEFAULT NULL,
  `prdt_qty` decimal(10,0) NOT NULL,
  `prdt_kirim` decimal(10,0) NOT NULL,
  `prdt_sisa` decimal(10,0) NOT NULL,
  `prdt_produksi` int(11) DEFAULT NULL,
  `prdt_status` varchar(2) DEFAULT NULL COMMENT 'RD : Ready |  FN : Final | RC : Received',
  `prdt_date` date DEFAULT NULL,
  `prdt_time` time NOT NULL,
  PRIMARY KEY (`prdt_productresult`,`prdt_detail`),
  CONSTRAINT `FK_d_productresult_dt_d_productresult` FOREIGN KEY (`prdt_productresult`) REFERENCES `d_productresult` (`pr_id`) ON DELETE CASCADE ON UPDATE CASCADE
) ENGINE=InnoDB DEFAULT CHARSET=latin1;

-- Dumping data for table alamrayasite_nabila.d_productresult_dt: ~2 rows (approximately)
DELETE FROM `d_productresult_dt`;
/*!40000 ALTER TABLE `d_productresult_dt` DISABLE KEYS */;
INSERT INTO `d_productresult_dt` (`prdt_productresult`, `prdt_detail`, `prdt_item`, `prdt_qty`, `prdt_kirim`, `prdt_sisa`, `prdt_produksi`, `prdt_status`, `prdt_date`, `prdt_time`) VALUES
	(1, 1, 3, 1, 1, 0, NULL, 'FN', '2018-12-13', '03:25:25'),
	(2, 2, 3, 7, 3, 4, NULL, 'RD', '2018-12-17', '06:26:31');
/*!40000 ALTER TABLE `d_productresult_dt` ENABLE KEYS */;


-- Dumping structure for table alamrayasite_nabila.d_purchaseorder_dt
CREATE TABLE IF NOT EXISTS `d_purchaseorder_dt` (
  `podt_purchaseorder` int(11) NOT NULL,
  `podt_detailid` int(11) NOT NULL COMMENT 'ID PURCHASING (d_pcs_id)',
  `podt_item` int(11) NOT NULL COMMENT 'ID ITEM (m_item)',
  `podt_purchaseplandt` int(11) NOT NULL COMMENT 'ID PURCHASINGPLAN DETAIL (d_pcspdt_id)',
  `podt_satuan` int(11) NOT NULL,
  `podt_qty` int(11) NOT NULL DEFAULT '0',
  `podt_qtyconfirm` int(11) NOT NULL DEFAULT '0',
  `podt_price` decimal(20,2) NOT NULL DEFAULT '0.00' COMMENT 'HARGA SATUAN',
  `podt_prevcost` decimal(20,2) NOT NULL DEFAULT '0.00' COMMENT 'HARGA PEMBELIAN TERAKHIR',
  `podt_total` decimal(20,2) unsigned DEFAULT '0.00' COMMENT 'HARGA TOTAL',
  `podt_isconfirm` varchar(5) DEFAULT 'FALSE' COMMENT 'IS CONFIRM ?',
  `podt_created` timestamp NOT NULL DEFAULT CURRENT_TIMESTAMP,
  `podt_updated` datetime DEFAULT NULL,
  PRIMARY KEY (`podt_purchaseorder`,`podt_detailid`)
) ENGINE=InnoDB DEFAULT CHARSET=latin1;

-- Dumping data for table alamrayasite_nabila.d_purchaseorder_dt: ~4 rows (approximately)
DELETE FROM `d_purchaseorder_dt`;
/*!40000 ALTER TABLE `d_purchaseorder_dt` DISABLE KEYS */;
INSERT INTO `d_purchaseorder_dt` (`podt_purchaseorder`, `podt_detailid`, `podt_item`, `podt_purchaseplandt`, `podt_satuan`, `podt_qty`, `podt_qtyconfirm`, `podt_price`, `podt_prevcost`, `podt_total`, `podt_isconfirm`, `podt_created`, `podt_updated`) VALUES
	(1, 1, 1415, 1, 4, 20, 1, 2.00, 2.00, 0.00, 'TRUE', '2018-12-20 00:00:00', '2018-12-20 00:00:00'),
	(1, 2, 1412, 1, 4, 10, 2, 5.00, 5.10, 0.00, 'TRUE', '2018-12-20 00:00:00', '2018-12-20 00:00:00'),
	(2, 1, 1414, 3, 4, 10, 10, 2.00, 2.00, 0.00, 'TRUE', '2018-12-26 00:00:00', '2018-12-26 00:00:00'),
	(2, 2, 1412, 3, 4, 100, 100, 5.10, 5.10, 0.00, 'TRUE', '2018-12-26 00:00:00', '2018-12-26 00:00:00');
/*!40000 ALTER TABLE `d_purchaseorder_dt` ENABLE KEYS */;


-- Dumping structure for table alamrayasite_nabila.d_purchaseplan_dt
CREATE TABLE IF NOT EXISTS `d_purchaseplan_dt` (
  `ppdt_pruchaseplan` int(11) NOT NULL AUTO_INCREMENT,
  `ppdt_detailid` int(11) NOT NULL DEFAULT '0',
  `ppdt_item` int(11) NOT NULL DEFAULT '0',
  `ppdt_qty` int(11) NOT NULL DEFAULT '0',
  `ppdt_prevcost` decimal(10,2) NOT NULL DEFAULT '0.00',
  `ppdt_totalcost` decimal(10,2) DEFAULT NULL,
  `ppdt_satuan` int(11) DEFAULT NULL,
  `ppdt_qtyconfirm` int(11) NOT NULL DEFAULT '0',
  `ppdt_isconfirm` varchar(5) NOT NULL DEFAULT 'FALSE' COMMENT 'IS CONFIRM ?',
  `ppdt_ispo` varchar(5) NOT NULL DEFAULT 'FALSE' COMMENT 'IS PO ?',
  `ppdt_poid` int(11) NOT NULL DEFAULT '0' COMMENT 'ID PURCHASING',
  `ppdt_created` timestamp NOT NULL DEFAULT CURRENT_TIMESTAMP,
  `ppdt_updated` datetime DEFAULT NULL ON UPDATE CURRENT_TIMESTAMP,
  PRIMARY KEY (`ppdt_pruchaseplan`,`ppdt_detailid`),
  CONSTRAINT `FK_d_purchaseplan_dt_d_purchase_plan` FOREIGN KEY (`ppdt_pruchaseplan`) REFERENCES `d_purchase_plan` (`p_id`) ON DELETE CASCADE ON UPDATE CASCADE
) ENGINE=InnoDB AUTO_INCREMENT=6 DEFAULT CHARSET=latin1;

-- Dumping data for table alamrayasite_nabila.d_purchaseplan_dt: ~8 rows (approximately)
DELETE FROM `d_purchaseplan_dt`;
/*!40000 ALTER TABLE `d_purchaseplan_dt` DISABLE KEYS */;
INSERT INTO `d_purchaseplan_dt` (`ppdt_pruchaseplan`, `ppdt_detailid`, `ppdt_item`, `ppdt_qty`, `ppdt_prevcost`, `ppdt_totalcost`, `ppdt_satuan`, `ppdt_qtyconfirm`, `ppdt_isconfirm`, `ppdt_ispo`, `ppdt_poid`, `ppdt_created`, `ppdt_updated`) VALUES
	(1, 1, 1412, 10, 5100.00, 51000.00, 4, 0, 'TRUE', 'FALSE', 0, '2018-12-20 03:14:13', '2018-12-20 03:14:13'),
	(1, 2, 1415, 20, 2.00, 40.00, 4, 0, 'TRUE', 'FALSE', 0, '2018-12-20 03:14:13', '2018-12-20 03:14:13'),
	(2, 1, 1412, 100, 5100.00, 510000.00, 4, 0, 'TRUE', 'FALSE', 0, '2018-12-21 03:23:16', '2018-12-21 03:23:16'),
	(2, 2, 1413, 10, 0.00, 0.00, 4, 0, 'TRUE', 'FALSE', 0, '2018-12-21 03:23:16', '2018-12-21 03:23:16'),
	(3, 1, 1412, 100, 5100.00, 510000.00, 4, 0, 'TRUE', 'FALSE', 0, '2018-12-21 11:29:10', '2018-12-21 11:29:10'),
	(3, 2, 1414, 10, 0.00, 0.00, 5, 0, 'TRUE', 'FALSE', 0, '2018-12-21 11:29:10', '2018-12-21 11:29:10'),
	(4, 1, 1412, 10, 5100.00, 51000.00, 4, 0, 'TRUE', 'FALSE', 0, '2018-12-27 07:07:50', '2018-12-27 07:07:50'),
	(5, 1, 1412, 10, 5100.00, 51000.00, 4, 0, 'TRUE', 'FALSE', 0, '2018-12-27 07:07:51', '2018-12-27 07:07:51');
/*!40000 ALTER TABLE `d_purchaseplan_dt` ENABLE KEYS */;


-- Dumping structure for table alamrayasite_nabila.d_purchasereturn_dt
CREATE TABLE IF NOT EXISTS `d_purchasereturn_dt` (
  `prdt_purchasereturn` int(11) NOT NULL AUTO_INCREMENT,
  `prdt_detail` int(11) NOT NULL,
  `prdt_item` int(11) NOT NULL,
  `prdt_qty` int(11) NOT NULL,
  `prdt_qtyreturn` int(11) NOT NULL DEFAULT '0',
  `prdt_price` int(11) NOT NULL,
  `prdt_pricetotal` int(11) NOT NULL,
  `prdt_isconfirm` varchar(5) NOT NULL DEFAULT 'FALSE',
  `prdt_created` timestamp NOT NULL DEFAULT CURRENT_TIMESTAMP,
  `prdt_updated` datetime NOT NULL,
  PRIMARY KEY (`prdt_purchasereturn`)
) ENGINE=InnoDB DEFAULT CHARSET=latin1;

-- Dumping data for table alamrayasite_nabila.d_purchasereturn_dt: ~0 rows (approximately)
DELETE FROM `d_purchasereturn_dt`;
/*!40000 ALTER TABLE `d_purchasereturn_dt` DISABLE KEYS */;
/*!40000 ALTER TABLE `d_purchasereturn_dt` ENABLE KEYS */;


-- Dumping structure for table alamrayasite_nabila.d_purchase_order
CREATE TABLE IF NOT EXISTS `d_purchase_order` (
  `po_id` int(11) NOT NULL AUTO_INCREMENT,
  `po_comp` int(11) NOT NULL DEFAULT '0',
  `po_date` date DEFAULT NULL,
  `po_purchaseplan` int(11) NOT NULL COMMENT 'PURCHASING PLAN',
  `po_supplier` int(11) NOT NULL COMMENT 'SUPPLIER',
  `po_code` varchar(15) NOT NULL,
  `po_mem` varchar(15) NOT NULL COMMENT 'DIABAIKAN SEMENTARA',
  `po_method` varchar(7) NOT NULL COMMENT 'METODE BAYAR',
  `po_total_gross` decimal(20,2) DEFAULT '0.00',
  `po_discount` decimal(20,2) DEFAULT '0.00' COMMENT 'DISKON DALAM RUPIAH',
  `po_disc_percent` smallint(6) DEFAULT '0' COMMENT 'DISKON PRESENTASE',
  `po_disc_value` decimal(20,2) DEFAULT '0.00' COMMENT 'KONVERSI HASIL DISKON PRESENTASE',
  `po_tax_percent` smallint(6) DEFAULT '0' COMMENT 'PAJAK PERSENTASE',
  `po_tax_value` decimal(20,2) DEFAULT '0.00' COMMENT 'KONVERSI HASIL PAJAK PERSENTASE',
  `po_total_net` decimal(20,2) DEFAULT '0.00',
  `po_received` date DEFAULT NULL,
  `po_date_confirm` date DEFAULT NULL,
  `po_duedate` date DEFAULT NULL COMMENT 'TGL JATUH TEMPO PADA TOP, TGL TERAKHIR PENGIRIMAN PADA DEPOSIT',
  `po_status` varchar(2) NOT NULL DEFAULT 'WT' COMMENT 'WT: WAITING | CF: CONFIRMED | DE: DAPAT DIEDIT | RC: RECEIVED',
  `po_created` timestamp NOT NULL DEFAULT CURRENT_TIMESTAMP,
  `po_updated` datetime DEFAULT NULL,
  PRIMARY KEY (`po_id`)
) ENGINE=InnoDB AUTO_INCREMENT=3 DEFAULT CHARSET=latin1;

-- Dumping data for table alamrayasite_nabila.d_purchase_order: ~2 rows (approximately)
DELETE FROM `d_purchase_order`;
/*!40000 ALTER TABLE `d_purchase_order` DISABLE KEYS */;
INSERT INTO `d_purchase_order` (`po_id`, `po_comp`, `po_date`, `po_purchaseplan`, `po_supplier`, `po_code`, `po_mem`, `po_method`, `po_total_gross`, `po_discount`, `po_disc_percent`, `po_disc_value`, `po_tax_percent`, `po_tax_value`, `po_total_net`, `po_received`, `po_date_confirm`, `po_duedate`, `po_status`, `po_created`, `po_updated`) VALUES
	(1, 1, '2018-12-20', 1, 1, 'PO-1812-00001', '1', 'CASH', 91000.00, 0.00, 0, 0.00, 0, 0.00, 91000.00, '1991-00-00', '2018-12-20', '2018-12-20', 'FN', '2018-12-20 00:00:00', '2018-12-20 00:00:00'),
	(2, 1, '2018-12-26', 3, 1, 'PO-1812-00002', '1', 'CASH', 530000.00, 0.00, 0, 0.00, 0, 0.00, 530000.00, '2053-00-00', '2018-12-26', '2018-12-26', 'CF', '2018-12-26 00:00:00', '2018-12-26 00:00:00');
/*!40000 ALTER TABLE `d_purchase_order` ENABLE KEYS */;


-- Dumping structure for table alamrayasite_nabila.d_purchase_plan
CREATE TABLE IF NOT EXISTS `d_purchase_plan` (
  `p_id` int(11) NOT NULL AUTO_INCREMENT,
  `p_date` date NOT NULL,
  `p_comp` int(11) NOT NULL,
  `p_gudang` int(11) DEFAULT NULL,
  `p_code` varchar(15) NOT NULL,
  `p_supplier` int(11) NOT NULL,
  `p_mem` varchar(10) NOT NULL COMMENT 'd_mem (m_id)',
  `p_confirm` date DEFAULT NULL,
  `p_status` varchar(2) NOT NULL DEFAULT 'WT' COMMENT 'WT: waiting | PE: Pending  dapat diedit | AP: disetujui | NAP: tdk disetujui',
  `p_status_date` date DEFAULT NULL,
  `p_created` timestamp NULL DEFAULT CURRENT_TIMESTAMP,
  `p_updated` datetime DEFAULT NULL,
  PRIMARY KEY (`p_id`)
) ENGINE=InnoDB AUTO_INCREMENT=6 DEFAULT CHARSET=latin1;

-- Dumping data for table alamrayasite_nabila.d_purchase_plan: ~5 rows (approximately)
DELETE FROM `d_purchase_plan`;
/*!40000 ALTER TABLE `d_purchase_plan` DISABLE KEYS */;
INSERT INTO `d_purchase_plan` (`p_id`, `p_date`, `p_comp`, `p_gudang`, `p_code`, `p_supplier`, `p_mem`, `p_confirm`, `p_status`, `p_status_date`, `p_created`, `p_updated`) VALUES
	(1, '2018-12-19', 1, 1, 'PO-1812-00001', 1, '1', NULL, 'FN', NULL, '2018-12-20 03:14:13', '2018-12-20 03:14:13'),
	(2, '2018-12-21', 1, 1, 'PO-1812-00002', 1, '1', NULL, 'WT', NULL, '2018-12-21 03:23:15', '2018-12-21 03:23:15'),
	(3, '2018-12-19', 1, 1, 'PO-1812-00003', 1, '1', NULL, 'FN', NULL, '2018-12-21 11:29:10', '2018-12-21 11:29:10'),
	(4, '2018-12-27', 1, 1, 'PO-1812-00004', 1, '1', NULL, 'WT', NULL, '2018-12-27 07:07:49', '2018-12-27 07:07:49'),
	(5, '2018-12-27', 1, 1, 'PO-1812-00005', 1, '1', NULL, 'WT', NULL, '2018-12-27 07:07:51', '2018-12-27 07:07:51');
/*!40000 ALTER TABLE `d_purchase_plan` ENABLE KEYS */;


-- Dumping structure for table alamrayasite_nabila.d_purchase_return
CREATE TABLE IF NOT EXISTS `d_purchase_return` (
  `pr_id` int(11) NOT NULL AUTO_INCREMENT,
  `pr_purchase` int(11) NOT NULL COMMENT 'id_purchashing (d_purchasing)',
  `pr_supplier` int(11) NOT NULL COMMENT 'id_supplier (d_supplier)',
  `pr_code` varchar(15) NOT NULL,
  `pr_method` varchar(2) NOT NULL COMMENT 'TK : TUKAR BARANG | PN: POTONG NOTA',
  `pr_staff` varchar(50) NOT NULL COMMENT 'Sementara (blm ada data karyawan)',
  `pr_datecreated` date NOT NULL,
  `pr_dateupdated` date DEFAULT NULL,
  `pr_dateconfirm` date DEFAULT NULL,
  `pr_datereceived` date DEFAULT NULL,
  `pr_pricetotal` decimal(12,2) NOT NULL DEFAULT '0.00' COMMENT 'Nilai total dari barang yang diretur',
  `pr_priceresult` decimal(12,2) NOT NULL DEFAULT '0.00' COMMENT 'apablia method: PN maka nilai didapat dari total pembelian - nilai total retur | jika TK maka nilai ini akan sama dengan nilai total pembelian (nilai transaksi pembelian seteleh dikurangi return)',
  `pr_status` varchar(2) NOT NULL DEFAULT 'WT' COMMENT 'WT: Waiting | CF: Confirmed | DE: Dapat diedit | RC: RECEIVED',
  `pr_created` timestamp NOT NULL DEFAULT CURRENT_TIMESTAMP,
  `pr_updated` datetime DEFAULT NULL,
  PRIMARY KEY (`pr_id`)
) ENGINE=InnoDB DEFAULT CHARSET=latin1;

-- Dumping data for table alamrayasite_nabila.d_purchase_return: ~0 rows (approximately)
DELETE FROM `d_purchase_return`;
/*!40000 ALTER TABLE `d_purchase_return` DISABLE KEYS */;
/*!40000 ALTER TABLE `d_purchase_return` ENABLE KEYS */;


-- Dumping structure for table alamrayasite_nabila.d_purchasing
CREATE TABLE IF NOT EXISTS `d_purchasing` (
  `d_pcs_id` int(11) NOT NULL AUTO_INCREMENT,
  `d_pcsp_id` int(11) NOT NULL COMMENT 'PURCHASING PLAN',
  `s_id` int(11) NOT NULL COMMENT 'SUPPLIER',
  `d_pcs_code` varchar(15) NOT NULL,
  `d_pcs_staff` varchar(15) NOT NULL COMMENT 'DIABAIKAN SEMENTARA',
  `d_pcs_method` varchar(7) NOT NULL COMMENT 'METODE BAYAR',
  `d_pcs_total_gross` decimal(20,2) DEFAULT '0.00',
  `d_pcs_discount` decimal(20,2) DEFAULT '0.00' COMMENT 'DISKON DALAM RUPIAH',
  `d_pcs_disc_percent` smallint(6) DEFAULT '0' COMMENT 'DISKON PRESENTASE',
  `d_pcs_disc_value` decimal(20,2) DEFAULT '0.00' COMMENT 'KONVERSI HASIL DISKON PRESENTASE',
  `d_pcs_tax_percent` smallint(6) DEFAULT '0' COMMENT 'PAJAK PERSENTASE',
  `d_pcs_tax_value` decimal(20,2) DEFAULT '0.00' COMMENT 'KONVERSI HASIL PAJAK PERSENTASE',
  `d_pcs_total_net` decimal(20,2) DEFAULT '0.00',
  `d_pcs_date_created` date DEFAULT NULL,
  `d_pcs_date_received` date DEFAULT NULL,
  `d_pcs_date_confirm` date DEFAULT NULL,
  `d_pcs_duedate` date DEFAULT NULL COMMENT 'TGL JATUH TEMPO PADA TOP, TGL TERAKHIR PENGIRIMAN PADA DEPOSIT',
  `d_pcs_status` varchar(2) NOT NULL DEFAULT 'WT' COMMENT 'WT: WAITING | CF: CONFIRMED | DE: DAPAT DIEDIT | RC: RECEIVED',
  `d_pcs_created` timestamp NOT NULL DEFAULT CURRENT_TIMESTAMP,
  `d_pcs_updated` datetime DEFAULT NULL,
  PRIMARY KEY (`d_pcs_id`),
  KEY `FK_d_purchasing_d_supplier` (`s_id`),
  CONSTRAINT `FK_d_purchasing_d_supplier` FOREIGN KEY (`s_id`) REFERENCES `m_supplier` (`s_id`) ON DELETE CASCADE ON UPDATE CASCADE
) ENGINE=InnoDB AUTO_INCREMENT=18 DEFAULT CHARSET=latin1;

-- Dumping data for table alamrayasite_nabila.d_purchasing: ~4 rows (approximately)
DELETE FROM `d_purchasing`;
/*!40000 ALTER TABLE `d_purchasing` DISABLE KEYS */;
INSERT INTO `d_purchasing` (`d_pcs_id`, `d_pcsp_id`, `s_id`, `d_pcs_code`, `d_pcs_staff`, `d_pcs_method`, `d_pcs_total_gross`, `d_pcs_discount`, `d_pcs_disc_percent`, `d_pcs_disc_value`, `d_pcs_tax_percent`, `d_pcs_tax_value`, `d_pcs_total_net`, `d_pcs_date_created`, `d_pcs_date_received`, `d_pcs_date_confirm`, `d_pcs_duedate`, `d_pcs_status`, `d_pcs_created`, `d_pcs_updated`) VALUES
	(12, 9, 21, 'PO-061812-00005', 'Jamilah', 'DEPOSIT', 365000.00, 0.00, 10, 36500.00, 0, 0.00, 328500.00, '2018-06-12', NULL, NULL, NULL, 'WT', '2018-06-12 07:22:07', '2018-06-12 07:22:07'),
	(13, 11, 21, 'PO-061821-00006', 'Jamilah', 'CASH', 260000.00, 0.00, 0, 0.00, 0, 0.00, 260000.00, '2018-06-21', NULL, NULL, NULL, 'WT', '2018-06-21 13:34:35', '2018-06-21 13:34:35'),
	(15, 13, 21, 'PO-061824-00008', 'Jamilah', 'CASH', 630000.00, 2000.00, 15, 94500.00, 10, 53350.00, 586850.00, '2018-06-24', NULL, '2018-06-26', '2018-07-02', 'CF', '2018-06-24 00:07:50', '2018-06-26 23:00:35'),
	(17, 15, 21, 'PO-061826-00009', 'Jamilah', 'CASH', 99500.00, 4525.00, 5, 4975.00, 0, 0.00, 90000.00, '2018-06-26', NULL, '2018-06-26', '2018-07-02', 'CF', '2018-06-26 23:07:55', '2018-06-26 23:08:18');
/*!40000 ALTER TABLE `d_purchasing` ENABLE KEYS */;


-- Dumping structure for table alamrayasite_nabila.d_purchasingharian
CREATE TABLE IF NOT EXISTS `d_purchasingharian` (
  `d_pcsh_id` int(11) NOT NULL AUTO_INCREMENT,
  `d_pcsh_code` varchar(15) NOT NULL,
  `d_pcsh_date` date NOT NULL,
  `d_pcsh_noreff` varchar(15) DEFAULT NULL,
  `d_pcsh_totalprice` decimal(20,2) DEFAULT NULL,
  `d_pcsh_totalpaid` decimal(20,2) DEFAULT NULL,
  `d_pcsh_staff` varchar(50) NOT NULL,
  `d_pcsh_supid` int(11) NOT NULL COMMENT 'ID SUPPLIER (d_supplier)',
  `d_pcsh_divisi` int(11) DEFAULT NULL COMMENT 'ID Divisi Peminta',
  `d_pcsh_keperluan` varchar(200) DEFAULT NULL,
  `d_pcsh_status` varchar(2) NOT NULL DEFAULT 'WT' COMMENT 'WT: Waiting | DE: Dapat Diedit | CF: Confirmed',
  `d_pcsh_created` timestamp NULL DEFAULT CURRENT_TIMESTAMP,
  `d_pcsh_updated` datetime DEFAULT NULL,
  PRIMARY KEY (`d_pcsh_id`),
  KEY `FK_d_purchasingharian_d_supplier` (`d_pcsh_supid`)
) ENGINE=InnoDB DEFAULT CHARSET=latin1;

-- Dumping data for table alamrayasite_nabila.d_purchasingharian: ~0 rows (approximately)
DELETE FROM `d_purchasingharian`;
/*!40000 ALTER TABLE `d_purchasingharian` DISABLE KEYS */;
/*!40000 ALTER TABLE `d_purchasingharian` ENABLE KEYS */;


-- Dumping structure for table alamrayasite_nabila.d_purchasingharian_dt
CREATE TABLE IF NOT EXISTS `d_purchasingharian_dt` (
  `d_pcshdt_id` int(11) NOT NULL AUTO_INCREMENT,
  `d_pcshdt_pcshid` int(11) NOT NULL,
  `d_pcshdt_item` int(11) NOT NULL,
  `d_pcshdt_qty` int(11) NOT NULL DEFAULT '0',
  `d_pcshdt_price` decimal(12,2) NOT NULL DEFAULT '0.00',
  `d_pcshdt_pricetotal` decimal(12,2) NOT NULL DEFAULT '0.00',
  `d_pcshdt_created` timestamp NOT NULL DEFAULT CURRENT_TIMESTAMP,
  `d_pcshdt_updated` datetime DEFAULT NULL,
  PRIMARY KEY (`d_pcshdt_id`),
  KEY `FK_d_purchasingharian_dt_d_purchasingharian` (`d_pcshdt_pcshid`),
  KEY `FK_d_purchasingharian_dt_m_item` (`d_pcshdt_item`)
) ENGINE=InnoDB DEFAULT CHARSET=latin1;

-- Dumping data for table alamrayasite_nabila.d_purchasingharian_dt: ~0 rows (approximately)
DELETE FROM `d_purchasingharian_dt`;
/*!40000 ALTER TABLE `d_purchasingharian_dt` DISABLE KEYS */;
/*!40000 ALTER TABLE `d_purchasingharian_dt` ENABLE KEYS */;


-- Dumping structure for table alamrayasite_nabila.d_purchasingplan
CREATE TABLE IF NOT EXISTS `d_purchasingplan` (
  `d_pcsp_id` int(11) NOT NULL AUTO_INCREMENT,
  `d_pcsp_code` varchar(15) NOT NULL,
  `d_pcsp_sup` int(11) NOT NULL,
  `d_pcsp_staff` varchar(15) NOT NULL COMMENT 'SEMENTARA',
  `d_pcsp_datecreated` date DEFAULT NULL,
  `d_pcsp_dateconfirm` date DEFAULT NULL,
  `d_pcsp_status` varchar(2) NOT NULL DEFAULT 'WT' COMMENT 'WT: waiting | DE: dapat diedit | FN: disetujui',
  `d_pcsp_created` timestamp NULL DEFAULT CURRENT_TIMESTAMP,
  `d_pcsp_updated` datetime DEFAULT NULL ON UPDATE CURRENT_TIMESTAMP,
  PRIMARY KEY (`d_pcsp_id`),
  KEY `FK_d_purchasingplan_d_supplier` (`d_pcsp_sup`),
  CONSTRAINT `FK_d_purchasingplan_d_supplier` FOREIGN KEY (`d_pcsp_sup`) REFERENCES `m_supplier` (`s_id`)
) ENGINE=InnoDB DEFAULT CHARSET=latin1;

-- Dumping data for table alamrayasite_nabila.d_purchasingplan: ~0 rows (approximately)
DELETE FROM `d_purchasingplan`;
/*!40000 ALTER TABLE `d_purchasingplan` DISABLE KEYS */;
/*!40000 ALTER TABLE `d_purchasingplan` ENABLE KEYS */;


-- Dumping structure for table alamrayasite_nabila.d_purchasingplan_dt
CREATE TABLE IF NOT EXISTS `d_purchasingplan_dt` (
  `d_pcspdt_id` int(11) NOT NULL AUTO_INCREMENT,
  `d_pcspdt_idplan` int(11) NOT NULL DEFAULT '0',
  `d_pcspdt_item` int(11) NOT NULL DEFAULT '0',
  `d_pcspdt_qty` int(11) NOT NULL DEFAULT '0',
  `d_pcspdt_prevcost` decimal(10,2) NOT NULL DEFAULT '0.00',
  `d_pcspdt_qtyconfirm` int(11) NOT NULL DEFAULT '0',
  `d_pcspdt_isconfirm` varchar(5) NOT NULL DEFAULT 'FALSE' COMMENT 'IS CONFIRM ?',
  `d_pcspdt_ispo` varchar(5) NOT NULL DEFAULT 'FALSE' COMMENT 'IS PO ?',
  `d_pcspdt_poid` int(11) NOT NULL DEFAULT '0' COMMENT 'ID PURCHASING',
  `d_pcspdt_created` timestamp NOT NULL DEFAULT CURRENT_TIMESTAMP,
  `d_pcspdt_updated` datetime DEFAULT NULL ON UPDATE CURRENT_TIMESTAMP,
  PRIMARY KEY (`d_pcspdt_id`),
  KEY `FK_d_purchasingplan_dt_d_purchasingplan` (`d_pcspdt_idplan`),
  CONSTRAINT `FK_d_purchasingplan_dt_d_purchasingplan` FOREIGN KEY (`d_pcspdt_idplan`) REFERENCES `d_purchasingplan` (`d_pcsp_id`)
) ENGINE=InnoDB DEFAULT CHARSET=latin1;

-- Dumping data for table alamrayasite_nabila.d_purchasingplan_dt: ~0 rows (approximately)
DELETE FROM `d_purchasingplan_dt`;
/*!40000 ALTER TABLE `d_purchasingplan_dt` DISABLE KEYS */;
/*!40000 ALTER TABLE `d_purchasingplan_dt` ENABLE KEYS */;


-- Dumping structure for table alamrayasite_nabila.d_purchasingreturn
CREATE TABLE IF NOT EXISTS `d_purchasingreturn` (
  `d_pcsr_id` int(11) NOT NULL AUTO_INCREMENT,
  `d_pcsr_pcsid` int(11) NOT NULL COMMENT 'id_purchashing (d_purchasing)',
  `d_pcsr_supid` int(11) NOT NULL COMMENT 'id_supplier (d_supplier)',
  `d_pcsr_code` varchar(15) NOT NULL,
  `d_pcsr_method` varchar(2) NOT NULL COMMENT 'TK : TUKAR BARANG | PN: POTONG NOTA',
  `d_pcs_staff` varchar(50) NOT NULL COMMENT 'Sementara (blm ada data karyawan)',
  `d_pcsr_datecreated` date NOT NULL,
  `d_pcsr_dateupdated` date DEFAULT NULL,
  `d_pcsr_dateconfirm` date DEFAULT NULL,
  `d_pcsr_pricetotal` decimal(12,2) NOT NULL DEFAULT '0.00' COMMENT 'Nilai total dari barang yang diretur',
  `d_pcsr_priceresult` decimal(12,2) NOT NULL DEFAULT '0.00' COMMENT 'apablia method: PN maka nilai didapat dari total pembelian - nilai total retur | jika TK maka nilai ini akan sama dengan nilai total pembelian (nilai transaksi pembelian seteleh dikurangi return)',
  `d_pcsr_status` varchar(2) NOT NULL DEFAULT 'WT' COMMENT 'WT: Waiting | CF: Confirmed | DE: Dapat diedit',
  `d_pcsr_created` timestamp NOT NULL DEFAULT CURRENT_TIMESTAMP,
  `d_pcsr_updated` datetime DEFAULT NULL,
  PRIMARY KEY (`d_pcsr_id`),
  KEY `FK_d_purchasingreturn_d_supplier` (`d_pcsr_supid`),
  KEY `FK_d_purchasingreturn_d_purchasing` (`d_pcsr_pcsid`),
  CONSTRAINT `FK_d_purchasingreturn_d_purchasing` FOREIGN KEY (`d_pcsr_pcsid`) REFERENCES `d_purchasing` (`d_pcs_id`),
  CONSTRAINT `FK_d_purchasingreturn_d_supplier` FOREIGN KEY (`d_pcsr_supid`) REFERENCES `m_supplier` (`s_id`)
) ENGINE=InnoDB DEFAULT CHARSET=latin1;

-- Dumping data for table alamrayasite_nabila.d_purchasingreturn: ~0 rows (approximately)
DELETE FROM `d_purchasingreturn`;
/*!40000 ALTER TABLE `d_purchasingreturn` DISABLE KEYS */;
/*!40000 ALTER TABLE `d_purchasingreturn` ENABLE KEYS */;


-- Dumping structure for table alamrayasite_nabila.d_purchasingreturn_dt
CREATE TABLE IF NOT EXISTS `d_purchasingreturn_dt` (
  `d_pcsrdt_id` int(11) NOT NULL AUTO_INCREMENT,
  `d_pcsrdt_idpcsr` int(11) NOT NULL,
  `d_pcsrdt_smdetail` int(11) NOT NULL COMMENT 'd_stock_mutation (sm_detailid)',
  `d_pcsrdt_item` int(11) NOT NULL,
  `d_pcsrdt_qty` int(11) NOT NULL,
  `d_pcsrdt_qtyconfirm` int(11) NOT NULL DEFAULT '0',
  `d_pcsrdt_price` int(11) NOT NULL,
  `d_pcsrdt_pricetotal` int(11) NOT NULL,
  `d_pcsrdt_isconfirm` varchar(5) NOT NULL DEFAULT 'FALSE',
  `d_pcsrdt_created` timestamp NOT NULL DEFAULT CURRENT_TIMESTAMP,
  `d_pcsrdt_updated` datetime NOT NULL,
  PRIMARY KEY (`d_pcsrdt_id`),
  KEY `FK_d_purchasingreturn_dt_d_purchasingreturn` (`d_pcsrdt_idpcsr`),
  KEY `FK_d_purchasingreturn_dt_m_item` (`d_pcsrdt_item`),
  CONSTRAINT `FK_d_purchasingreturn_dt_d_purchasingreturn` FOREIGN KEY (`d_pcsrdt_idpcsr`) REFERENCES `d_purchasingreturn` (`d_pcsr_id`),
  CONSTRAINT `FK_d_purchasingreturn_dt_m_item` FOREIGN KEY (`d_pcsrdt_item`) REFERENCES `m_item` (`i_id`)
) ENGINE=InnoDB DEFAULT CHARSET=latin1;

-- Dumping data for table alamrayasite_nabila.d_purchasingreturn_dt: ~0 rows (approximately)
DELETE FROM `d_purchasingreturn_dt`;
/*!40000 ALTER TABLE `d_purchasingreturn_dt` DISABLE KEYS */;
/*!40000 ALTER TABLE `d_purchasingreturn_dt` ENABLE KEYS */;


-- Dumping structure for table alamrayasite_nabila.d_purchasing_dt
CREATE TABLE IF NOT EXISTS `d_purchasing_dt` (
  `d_pcsdt_id` int(11) NOT NULL AUTO_INCREMENT,
  `d_pcs_id` int(11) NOT NULL COMMENT 'ID PURCHASING (d_pcs_id)',
  `i_id` int(11) NOT NULL COMMENT 'ID ITEM (m_item)',
  `d_pcsdt_idpdt` int(11) NOT NULL COMMENT 'ID PURCHASINGPLAN DETAIL (d_pcspdt_id)',
  `d_pcsdt_qty` int(11) NOT NULL DEFAULT '0',
  `d_pcsdt_qtyconfirm` int(11) NOT NULL DEFAULT '0',
  `d_pcsdt_price` decimal(20,2) NOT NULL DEFAULT '0.00' COMMENT 'HARGA SATUAN',
  `d_pcsdt_prevcost` decimal(20,2) NOT NULL DEFAULT '0.00' COMMENT 'HARGA PEMBELIAN TERAKHIR',
  `d_pcsdt_total` decimal(20,2) unsigned DEFAULT '0.00' COMMENT 'HARGA TOTAL',
  `d_pcsdt_isconfirm` varchar(5) DEFAULT 'FALSE' COMMENT 'IS CONFIRM ?',
  `d_pcsdt_created` timestamp NOT NULL DEFAULT CURRENT_TIMESTAMP,
  `d_pcsdt_updated` datetime DEFAULT NULL,
  PRIMARY KEY (`d_pcsdt_id`),
  KEY `FK_d_purchasing_dt_d_purchasing` (`d_pcs_id`),
  KEY `FK_d_purchasing_dt_d_purchasingplan_dt` (`d_pcsdt_idpdt`),
  KEY `FK_d_purchasing_dt_m_item` (`i_id`),
  CONSTRAINT `FK_d_purchasing_dt_d_purchasing` FOREIGN KEY (`d_pcs_id`) REFERENCES `d_purchasing` (`d_pcs_id`),
  CONSTRAINT `FK_d_purchasing_dt_d_purchasingplan_dt` FOREIGN KEY (`d_pcsdt_idpdt`) REFERENCES `d_purchasingplan_dt` (`d_pcspdt_id`),
  CONSTRAINT `FK_d_purchasing_dt_m_item` FOREIGN KEY (`i_id`) REFERENCES `m_item` (`i_id`)
) ENGINE=InnoDB DEFAULT CHARSET=latin1;

-- Dumping data for table alamrayasite_nabila.d_purchasing_dt: ~0 rows (approximately)
DELETE FROM `d_purchasing_dt`;
/*!40000 ALTER TABLE `d_purchasing_dt` DISABLE KEYS */;
/*!40000 ALTER TABLE `d_purchasing_dt` ENABLE KEYS */;


-- Dumping structure for table alamrayasite_nabila.d_receivable
CREATE TABLE IF NOT EXISTS `d_receivable` (
  `r_id` int(11) NOT NULL COMMENT 'ID',
  `r_date` date DEFAULT NULL COMMENT 'Tanggal Create',
  `r_customer_name` varchar(30) DEFAULT NULL,
  `r_alamat_cus` varchar(30) DEFAULT NULL,
  `r_duedate` date DEFAULT NULL COMMENT 'Jatuh tempo',
  `r_type` char(15) DEFAULT NULL COMMENT 'Piutang dari ?',
  `r_code` varchar(15) DEFAULT NULL COMMENT 'kode pembayarn',
  `r_status` enum('Y','N') DEFAULT 'N',
  `r_mem` int(11) DEFAULT NULL COMMENT 'Id pengguna',
  `r_ref` varchar(30) DEFAULT NULL COMMENT 'Kode refferensi',
  `r_value` decimal(10,2) DEFAULT NULL COMMENT 'Nilai Piutang',
  `r_pay` decimal(10,2) DEFAULT NULL COMMENT 'Jumlah Bayar',
  `r_outstanding` decimal(10,2) DEFAULT NULL COMMENT 'Sisa pembayaran',
  `r_created` datetime DEFAULT NULL,
  `r_updated` datetime DEFAULT NULL,
  PRIMARY KEY (`r_id`)
) ENGINE=InnoDB DEFAULT CHARSET=latin1;

-- Dumping data for table alamrayasite_nabila.d_receivable: ~1 rows (approximately)
DELETE FROM `d_receivable`;
/*!40000 ALTER TABLE `d_receivable` DISABLE KEYS */;
INSERT INTO `d_receivable` (`r_id`, `r_date`, `r_customer_name`, `r_alamat_cus`, `r_duedate`, `r_type`, `r_code`, `r_status`, `r_mem`, `r_ref`, `r_value`, `r_pay`, `r_outstanding`, `r_created`, `r_updated`) VALUES
	(1, '2018-12-28', 'df', 'sdf', '2018-12-18', 'Penjualan Pesan', 'DPR-1812-00001', 'N', NULL, 'PESANAN-11/2018.12.28', 8000.00, 1000.00, 7000.00, '2018-12-28 04:07:35', '2018-12-28 04:07:35');
/*!40000 ALTER TABLE `d_receivable` ENABLE KEYS */;


-- Dumping structure for table alamrayasite_nabila.d_receivable_dt
CREATE TABLE IF NOT EXISTS `d_receivable_dt` (
  `rd_receivable` int(11) NOT NULL,
  `rd_detailid` int(11) NOT NULL,
  `rd_code` varchar(20) NOT NULL,
  `rd_datepay` date DEFAULT NULL,
  `rd_value` decimal(10,2) DEFAULT NULL,
  `rd_outstanding` decimal(10,2) DEFAULT NULL,
  `rd_status` enum('Y','N') DEFAULT 'N' COMMENT 'Status bayar DP/ Tidak',
  `rd_created` datetime DEFAULT NULL,
  `rd_updated` datetime DEFAULT NULL,
  PRIMARY KEY (`rd_receivable`,`rd_detailid`),
  CONSTRAINT `FK_d_receivable_dt_d_receivable` FOREIGN KEY (`rd_receivable`) REFERENCES `d_receivable` (`r_id`) ON DELETE CASCADE ON UPDATE CASCADE
) ENGINE=InnoDB DEFAULT CHARSET=latin1;

-- Dumping data for table alamrayasite_nabila.d_receivable_dt: ~1 rows (approximately)
DELETE FROM `d_receivable_dt`;
/*!40000 ALTER TABLE `d_receivable_dt` DISABLE KEYS */;
INSERT INTO `d_receivable_dt` (`rd_receivable`, `rd_detailid`, `rd_code`, `rd_datepay`, `rd_value`, `rd_outstanding`, `rd_status`, `rd_created`, `rd_updated`) VALUES
	(1, 1, '', '2018-12-28', 1000.00, NULL, 'Y', '2018-12-28 04:07:35', '2018-12-28 04:07:35');
/*!40000 ALTER TABLE `d_receivable_dt` ENABLE KEYS */;


-- Dumping structure for table alamrayasite_nabila.d_sales
CREATE TABLE IF NOT EXISTS `d_sales` (
  `s_id` int(11) NOT NULL AUTO_INCREMENT,
  `s_comp` int(11) NOT NULL DEFAULT '0',
  `s_channel` varchar(10) NOT NULL COMMENT 'RT: Retail | GR: Grosir',
  `s_jenis_bayar` char(1) DEFAULT NULL COMMENT '1:Tunai | 2:Tempo',
  `s_date` date DEFAULT NULL,
  `s_finishdate` date DEFAULT NULL,
  `s_duedate` date DEFAULT NULL,
  `s_note` varchar(40) DEFAULT NULL,
  `s_kasir` varchar(40) DEFAULT NULL,
  `s_machine` varchar(40) DEFAULT NULL,
  `s_create_by` varchar(10) DEFAULT NULL COMMENT 'DIABAIKAN SEMENTARA',
  `s_update_by` varchar(10) DEFAULT NULL,
  `s_customer` int(11) DEFAULT NULL,
  `s_nama_cus` varchar(30) DEFAULT NULL,
  `s_alamat_cus` varchar(30) DEFAULT NULL,
  `s_gross` decimal(20,2) DEFAULT NULL,
  `s_disc_percent` decimal(10,2) DEFAULT NULL,
  `s_disc_value` decimal(20,2) unsigned DEFAULT NULL,
  `s_tax` smallint(6) NOT NULL DEFAULT '0',
  `s_ongkir` decimal(10,2) NOT NULL DEFAULT '0.00',
  `s_bulat` decimal(10,2) NOT NULL DEFAULT '0.00',
  `s_net` decimal(20,2) DEFAULT NULL,
  `s_bayar` decimal(20,2) DEFAULT NULL,
  `s_kembalian` decimal(20,2) DEFAULT NULL,
  `s_jurnal` decimal(20,2) DEFAULT NULL,
  `s_status` varchar(10) DEFAULT NULL COMMENT 'DR: Draft | WA: Waiting | PR: Progress | FN: Final | PC: PACKING | SN : Sending | RC : Received',
  `s_insert` timestamp NULL DEFAULT NULL,
  `s_update` timestamp NOT NULL DEFAULT '0000-00-00 00:00:00',
  PRIMARY KEY (`s_id`),
  UNIQUE KEY `s_note` (`s_note`),
  KEY `FK_sales_customer` (`s_customer`),
  KEY `FK_d_sales_m_comp` (`s_comp`),
  CONSTRAINT `FK_d_sales_m_comp` FOREIGN KEY (`s_comp`) REFERENCES `m_comp` (`c_id`) ON UPDATE CASCADE
) ENGINE=InnoDB AUTO_INCREMENT=12 DEFAULT CHARSET=latin1;

-- Dumping data for table alamrayasite_nabila.d_sales: ~11 rows (approximately)
DELETE FROM `d_sales`;
/*!40000 ALTER TABLE `d_sales` DISABLE KEYS */;
INSERT INTO `d_sales` (`s_id`, `s_comp`, `s_channel`, `s_jenis_bayar`, `s_date`, `s_finishdate`, `s_duedate`, `s_note`, `s_kasir`, `s_machine`, `s_create_by`, `s_update_by`, `s_customer`, `s_nama_cus`, `s_alamat_cus`, `s_gross`, `s_disc_percent`, `s_disc_value`, `s_tax`, `s_ongkir`, `s_bulat`, `s_net`, `s_bayar`, `s_kembalian`, `s_jurnal`, `s_status`, `s_insert`, `s_update`) VALUES
	(1, 1, 'Toko', NULL, '2018-12-20', NULL, NULL, 'TOKO-1/2018.12.20', NULL, '2', '1', NULL, NULL, 'wer', 'rrr', 140000.00, 0.00, 0.00, 0, 0.00, 0.00, 140000.00, 140000.00, NULL, 50000.00, 'final', '2018-12-20 06:27:39', '2018-12-20 06:27:39'),
	(2, 1, 'Toko', NULL, '2018-12-27', NULL, NULL, 'TOKO-2/2018.12.27', NULL, '2', '1', NULL, NULL, NULL, NULL, 25000.00, 0.00, 0.00, 0, 0.00, 0.00, 25000.00, 25000.00, NULL, 20.40, 'final', '2018-12-27 03:31:37', '2018-12-27 03:31:38'),
	(3, 1, 'Toko', NULL, '2018-12-27', NULL, NULL, 'TOKO-3/2018.12.27', NULL, '2', '1', NULL, NULL, NULL, NULL, 8000.00, 0.00, 0.00, 0, 0.00, 0.00, 8000.00, 8000.00, NULL, 7.26, 'final', '2018-12-27 04:30:47', '2018-12-27 04:30:51'),
	(4, 1, 'Toko', NULL, '2018-12-27', NULL, NULL, 'TOKO-4/2018.12.27', NULL, '2', '1', NULL, NULL, NULL, NULL, 8000.00, 0.00, 0.00, 0, 0.00, 0.00, 8000.00, 8000.00, NULL, 7.26, 'final', '2018-12-27 04:31:06', '2018-12-27 04:31:07'),
	(5, 1, 'Toko', NULL, '2018-12-27', NULL, NULL, 'TOKO-5/2018.12.27', NULL, '2', '1', NULL, NULL, NULL, NULL, 41000.00, 0.00, 0.00, 0, 0.00, 0.00, 41000.00, 41000.00, NULL, 620.40, 'final', '2018-12-27 07:13:43', '2018-12-27 07:13:44'),
	(6, 1, 'Toko', NULL, '2018-12-27', NULL, NULL, 'TOKO-6/2018.12.27', NULL, '2', '1', NULL, NULL, NULL, NULL, 5000.00, 0.00, 0.00, 0, 0.00, 0.00, 5000.00, 5000.00, NULL, 7.26, 'final', '2018-12-27 07:14:07', '2018-12-27 07:14:07'),
	(7, 1, 'Toko', NULL, '2018-12-27', NULL, NULL, 'TOKO-7/2018.12.27', NULL, '2', '1', NULL, NULL, NULL, NULL, 8000.00, 0.00, 0.00, 0, 0.00, 0.00, 8000.00, 8000.00, NULL, 300.00, 'final', '2018-12-27 07:14:45', '2018-12-27 07:14:45'),
	(8, 1, 'Toko', NULL, '2018-12-27', NULL, NULL, 'TOKO-8/2018.12.27', NULL, '2', '1', NULL, NULL, NULL, NULL, 5000.00, 0.00, 0.00, 0, 0.00, 0.00, 5000.00, 0.00, NULL, 0.00, 'draft', '2018-12-27 07:16:30', '2018-12-27 07:16:30'),
	(9, 1, 'Toko', NULL, '2018-12-27', NULL, NULL, 'TOKO-9/2018.12.27', NULL, '2', '1', NULL, NULL, NULL, NULL, 33000.00, 0.00, 0.00, 0, 0.00, 0.00, 33000.00, 0.00, NULL, 0.00, 'draft', '2018-12-27 07:19:20', '2018-12-27 07:19:20'),
	(10, 1, 'Toko', NULL, '2018-12-27', NULL, NULL, 'TOKO-10/2018.12.27', NULL, '2', '1', NULL, NULL, NULL, NULL, 96000.00, 0.00, 200.00, 0, 0.00, 0.00, 95800.00, 95800.00, NULL, 87.12, 'final', '2018-12-27 10:02:10', '2018-12-27 10:02:12'),
	(11, 1, 'Pesanan', '2', '2018-12-28', '1970-01-01', '2018-12-18', 'PESANAN-11/2018.12.28', NULL, '2', '1', NULL, NULL, 'df', 'sdf', 8000.00, 0.00, 0.00, 0, 0.00, 0.00, 8000.00, 1000.00, NULL, NULL, 'final', '2018-12-28 04:07:35', '2018-12-28 04:07:36');
/*!40000 ALTER TABLE `d_sales` ENABLE KEYS */;


-- Dumping structure for table alamrayasite_nabila.d_salesplan_dt
CREATE TABLE IF NOT EXISTS `d_salesplan_dt` (
  `spdt_salesplan` int(11) NOT NULL,
  `spdt_detailid` int(11) NOT NULL,
  `spdt_item` int(11) DEFAULT NULL,
  `spdt_qty` int(11) DEFAULT NULL,
  `spdt_created` datetime DEFAULT NULL,
  `spdt_updated` datetime DEFAULT NULL
) ENGINE=InnoDB DEFAULT CHARSET=latin1;

-- Dumping data for table alamrayasite_nabila.d_salesplan_dt: ~6 rows (approximately)
DELETE FROM `d_salesplan_dt`;
/*!40000 ALTER TABLE `d_salesplan_dt` DISABLE KEYS */;
INSERT INTO `d_salesplan_dt` (`spdt_salesplan`, `spdt_detailid`, `spdt_item`, `spdt_qty`, `spdt_created`, `spdt_updated`) VALUES
	(2, 1, 131, 1, '2018-11-30 04:15:43', '2018-11-30 04:15:43'),
	(2, 2, 173, 16, '2018-11-30 04:15:43', '2018-11-30 04:15:43'),
	(2, 3, 310, 3, '2018-11-30 04:15:43', '2018-11-30 04:15:43'),
	(1, 1, 9, 16, '2018-12-26 10:05:06', '2018-12-26 10:05:06'),
	(1, 2, 5, 9, '2018-12-26 10:05:06', '2018-12-26 10:05:06'),
	(1, 3, 4, 2, '2018-12-26 10:05:06', '2018-12-26 10:05:06');
/*!40000 ALTER TABLE `d_salesplan_dt` ENABLE KEYS */;


-- Dumping structure for table alamrayasite_nabila.d_salesreturn_dt
CREATE TABLE IF NOT EXISTS `d_salesreturn_dt` (
  `srdt_salesreturn` int(11) NOT NULL,
  `srdt_detailid` int(11) unsigned NOT NULL,
  `srdt_item` int(11) NOT NULL,
  `srdt_qty` int(11) NOT NULL,
  `srdt_qty_confirm` int(11) DEFAULT '0',
  `srdt_price` decimal(12,2) DEFAULT NULL,
  `srdt_disc_percent` decimal(12,2) DEFAULT NULL,
  `srdt_disc_vpercent` decimal(12,2) DEFAULT NULL,
  `srdt_disc_vpercentreturn` decimal(12,2) DEFAULT NULL,
  `srdt_disc_value` decimal(12,2) DEFAULT NULL,
  `srdt_return_price` decimal(12,2) DEFAULT NULL,
  `srdt_hasil` decimal(12,2) DEFAULT NULL,
  `srdt_created` timestamp NOT NULL DEFAULT CURRENT_TIMESTAMP ON UPDATE CURRENT_TIMESTAMP,
  `srdt_updated` timestamp NOT NULL DEFAULT '0000-00-00 00:00:00',
  KEY `dsrdt_idsr` (`srdt_salesreturn`),
  CONSTRAINT `FK_d_sales_returndt_d_sales_return` FOREIGN KEY (`srdt_salesreturn`) REFERENCES `d_sales_return` (`sr_id`)
) ENGINE=InnoDB DEFAULT CHARSET=latin1;

-- Dumping data for table alamrayasite_nabila.d_salesreturn_dt: ~2 rows (approximately)
DELETE FROM `d_salesreturn_dt`;
/*!40000 ALTER TABLE `d_salesreturn_dt` DISABLE KEYS */;
INSERT INTO `d_salesreturn_dt` (`srdt_salesreturn`, `srdt_detailid`, `srdt_item`, `srdt_qty`, `srdt_qty_confirm`, `srdt_price`, `srdt_disc_percent`, `srdt_disc_vpercent`, `srdt_disc_vpercentreturn`, `srdt_disc_value`, `srdt_return_price`, `srdt_hasil`, `srdt_created`, `srdt_updated`) VALUES
	(1, 1, 299, 20, 2, 27000.00, 0.00, 0.00, 0.00, 0.00, 54000.00, 486000.00, '2018-11-26 15:39:03', '0000-00-00 00:00:00'),
	(1, 2, 162, 20, 0, 22000.00, NULL, 0.00, 0.00, 0.00, 0.00, 440000.00, '2018-11-26 15:39:03', '0000-00-00 00:00:00');
/*!40000 ALTER TABLE `d_salesreturn_dt` ENABLE KEYS */;


-- Dumping structure for table alamrayasite_nabila.d_sales_dt
CREATE TABLE IF NOT EXISTS `d_sales_dt` (
  `sd_sales` int(11) NOT NULL,
  `sd_detailid` tinyint(4) NOT NULL,
  `sd_date` date NOT NULL,
  `sd_comp` int(11) NOT NULL,
  `sd_position` int(11) NOT NULL,
  `sd_item` int(11) NOT NULL,
  `sd_qty` double NOT NULL,
  `sd_price` decimal(10,0) DEFAULT NULL,
  `sd_disc_percent` smallint(6) DEFAULT '0',
  `sd_disc_percentvalue` decimal(10,2) DEFAULT '0.00',
  `sd_disc_value` decimal(20,2) unsigned DEFAULT NULL,
  `sd_total_disc` decimal(20,2) DEFAULT NULL,
  `sd_total` decimal(20,2) DEFAULT NULL,
  PRIMARY KEY (`sd_sales`,`sd_detailid`),
  KEY `FK_d_sales_dt_m_comp` (`sd_comp`),
  CONSTRAINT `FK_d_sales_dt_d_sales` FOREIGN KEY (`sd_sales`) REFERENCES `d_sales` (`s_id`) ON DELETE CASCADE ON UPDATE CASCADE,
  CONSTRAINT `FK_d_sales_dt_m_comp` FOREIGN KEY (`sd_comp`) REFERENCES `m_comp` (`c_id`) ON UPDATE CASCADE
) ENGINE=InnoDB DEFAULT CHARSET=latin1;

-- Dumping data for table alamrayasite_nabila.d_sales_dt: ~13 rows (approximately)
DELETE FROM `d_sales_dt`;
/*!40000 ALTER TABLE `d_sales_dt` DISABLE KEYS */;
INSERT INTO `d_sales_dt` (`sd_sales`, `sd_detailid`, `sd_date`, `sd_comp`, `sd_position`, `sd_item`, `sd_qty`, `sd_price`, `sd_disc_percent`, `sd_disc_percentvalue`, `sd_disc_value`, `sd_total_disc`, `sd_total`) VALUES
	(1, 1, '2018-12-20', 1, 1, 73, 10, 14000, 0, 200.00, 0.00, NULL, 140000.00),
	(2, 1, '2018-12-27', 1, 1, 1, 10, 2500, 0, 0.00, 0.00, NULL, 25000.00),
	(3, 1, '2018-12-27', 1, 1, 3, 1, 8000, 0, 0.00, 0.00, NULL, 8000.00),
	(4, 1, '2018-12-27', 1, 1, 3, 1, 8000, 0, 0.00, 0.00, NULL, 8000.00),
	(5, 1, '2018-12-27', 1, 1, 75, 2, 8000, 0, 0.00, 0.00, NULL, 16000.00),
	(5, 2, '2018-12-27', 1, 1, 1, 10, 2500, 0, 0.00, 0.00, NULL, 25000.00),
	(6, 1, '2018-12-27', 1, 1, 3, 1, 5000, 0, 0.00, 0.00, NULL, 5000.00),
	(7, 1, '2018-12-27', 1, 1, 75, 1, 8000, 0, 0.00, 0.00, NULL, 8000.00),
	(8, 1, '2018-12-27', 1, 1, 3, 1, 5000, 0, 0.00, 0.00, NULL, 5000.00),
	(9, 1, '2018-12-27', 1, 1, 3, 1, 8000, 0, 0.00, 0.00, NULL, 8000.00),
	(9, 2, '2018-12-27', 1, 1, 1, 10, 2500, 0, 0.00, 0.00, NULL, 25000.00),
	(10, 1, '2018-12-27', 1, 1, 3, 12, 8000, 0, 0.00, 200.00, NULL, 95800.00),
	(11, 1, '2018-12-28', 1, 1, 3, 1, 8000, 0, 0.00, 0.00, NULL, 8000.00);
/*!40000 ALTER TABLE `d_sales_dt` ENABLE KEYS */;


-- Dumping structure for table alamrayasite_nabila.d_sales_payment
CREATE TABLE IF NOT EXISTS `d_sales_payment` (
  `sp_sales` int(11) NOT NULL,
  `sp_paymentid` tinyint(4) NOT NULL,
  `sp_date` date DEFAULT NULL,
  `sp_comp` int(11) NOT NULL,
  `sp_method` tinyint(4) NOT NULL,
  `sp_nominal` decimal(15,2) NOT NULL,
  PRIMARY KEY (`sp_sales`,`sp_paymentid`),
  KEY `FK_d_sales_payment_m_comp` (`sp_comp`),
  CONSTRAINT `FK1_sales_payment` FOREIGN KEY (`sp_sales`) REFERENCES `d_sales` (`s_id`) ON DELETE CASCADE ON UPDATE CASCADE,
  CONSTRAINT `FK_d_sales_payment_m_comp` FOREIGN KEY (`sp_comp`) REFERENCES `m_comp` (`c_id`) ON UPDATE CASCADE
) ENGINE=InnoDB DEFAULT CHARSET=latin1;

-- Dumping data for table alamrayasite_nabila.d_sales_payment: ~11 rows (approximately)
DELETE FROM `d_sales_payment`;
/*!40000 ALTER TABLE `d_sales_payment` DISABLE KEYS */;
INSERT INTO `d_sales_payment` (`sp_sales`, `sp_paymentid`, `sp_date`, `sp_comp`, `sp_method`, `sp_nominal`) VALUES
	(1, 1, '2018-12-20', 1, 1, 140000.00),
	(2, 1, '2018-12-27', 1, 1, 25000.00),
	(3, 1, '2018-12-27', 1, 1, 8000.00),
	(4, 1, '2018-12-27', 1, 1, 8000.00),
	(5, 1, '2018-12-27', 1, 1, 41000.00),
	(6, 1, '2018-12-27', 1, 1, 5000.00),
	(7, 1, '2018-12-27', 1, 1, 8000.00),
	(8, 1, '2018-12-27', 1, 1, 0.00),
	(9, 1, '2018-12-27', 1, 1, 0.00),
	(10, 1, '2018-12-27', 1, 1, 95800.00),
	(11, 1, '2018-12-28', 1, 1, 1000.00);
/*!40000 ALTER TABLE `d_sales_payment` ENABLE KEYS */;


-- Dumping structure for table alamrayasite_nabila.d_sales_plan
CREATE TABLE IF NOT EXISTS `d_sales_plan` (
  `sp_id` int(11) NOT NULL,
  `sp_code` varchar(50) DEFAULT NULL,
  `sp_comp` int(11) DEFAULT NULL,
  `sp_mem` int(11) DEFAULT NULL,
  `sp_date` date DEFAULT NULL,
  `sp_created` datetime DEFAULT NULL,
  `sp_updated` datetime DEFAULT NULL,
  PRIMARY KEY (`sp_id`),
  KEY `FK_d_sales_plan_m_comp` (`sp_comp`),
  CONSTRAINT `FK_d_sales_plan_m_comp` FOREIGN KEY (`sp_comp`) REFERENCES `m_comp` (`c_id`) ON DELETE CASCADE ON UPDATE CASCADE
) ENGINE=InnoDB DEFAULT CHARSET=latin1;

-- Dumping data for table alamrayasite_nabila.d_sales_plan: ~2 rows (approximately)
DELETE FROM `d_sales_plan`;
/*!40000 ALTER TABLE `d_sales_plan` DISABLE KEYS */;
INSERT INTO `d_sales_plan` (`sp_id`, `sp_code`, `sp_comp`, `sp_mem`, `sp_date`, `sp_created`, `sp_updated`) VALUES
	(1, 'RENCANAPENJUALAN-1/2018.11.26', 1, 1, '2018-11-26', '2018-11-26 09:40:40', '2018-11-26 09:40:40'),
	(2, 'RENCANAPENJUALAN-2/2018.11.26', 1, 1, '2018-11-26', '2018-11-26 09:50:42', '2018-11-26 09:50:42');
/*!40000 ALTER TABLE `d_sales_plan` ENABLE KEYS */;


-- Dumping structure for table alamrayasite_nabila.d_sales_return
CREATE TABLE IF NOT EXISTS `d_sales_return` (
  `sr_id` int(11) NOT NULL AUTO_INCREMENT,
  `sr_sales` int(11) NOT NULL,
  `sr_customer` int(11) NOT NULL,
  `sr_alamat` int(11) NOT NULL,
  `sr_code` varchar(15) NOT NULL,
  `sr_method` varchar(2) NOT NULL COMMENT 'TK : Tukar Barang | PN : Potong Nota | SB : Salah Barang | SA : Salah Alamat | KB : Kurang Barang',
  `sr_jenis_return` varchar(2) DEFAULT NULL COMMENT 'BR : Barang Rusak | KB : Kelebihan Barang',
  `sr_type_sales` varchar(2) NOT NULL COMMENT 'RT | GR',
  `sr_date` date NOT NULL,
  `sr_price_return` decimal(12,2) NOT NULL,
  `sr_sgross` decimal(12,2) NOT NULL,
  `sr_disc_vpercent` decimal(12,2) NOT NULL,
  `sr_disc_value` decimal(12,2) DEFAULT NULL,
  `sr_net` decimal(12,2) DEFAULT NULL,
  `sr_status` varchar(2) NOT NULL COMMENT 'WT : Waiting | TL : Tolak | TR : Terima | FN : Finish',
  `sr_status_terima` varchar(2) NOT NULL DEFAULT '' COMMENT 'WT : Waiting | TR : Terima',
  `sr_resi` varchar(25) NOT NULL,
  `sr_created` timestamp NULL DEFAULT NULL,
  `sr_updated` timestamp NULL DEFAULT NULL,
  PRIMARY KEY (`sr_id`)
) ENGINE=InnoDB AUTO_INCREMENT=2 DEFAULT CHARSET=latin1;

-- Dumping data for table alamrayasite_nabila.d_sales_return: ~1 rows (approximately)
DELETE FROM `d_sales_return`;
/*!40000 ALTER TABLE `d_sales_return` DISABLE KEYS */;
INSERT INTO `d_sales_return` (`sr_id`, `sr_sales`, `sr_customer`, `sr_alamat`, `sr_code`, `sr_method`, `sr_jenis_return`, `sr_type_sales`, `sr_date`, `sr_price_return`, `sr_sgross`, `sr_disc_vpercent`, `sr_disc_value`, `sr_net`, `sr_status`, `sr_status_terima`, `sr_resi`, `sr_created`, `sr_updated`) VALUES
	(1, 1, 1040, 0, 'XX1811261-R', 'KB', NULL, 'GR', '2018-11-26', 54000.00, 926000.00, 0.00, 0.00, 926000.00, 'FN', 'WT', '', NULL, NULL);
/*!40000 ALTER TABLE `d_sales_return` ENABLE KEYS */;


-- Dumping structure for table alamrayasite_nabila.d_sales_returnsb
CREATE TABLE IF NOT EXISTS `d_sales_returnsb` (
  `dsrs_sr` int(11) unsigned NOT NULL,
  `dsrs_detailid` int(11) NOT NULL,
  `dsrs_item` int(11) DEFAULT NULL,
  `dsrs_qty` int(11) DEFAULT NULL,
  `dsrs_created` timestamp NULL DEFAULT NULL,
  `dsrs_updated` timestamp NULL DEFAULT NULL,
  PRIMARY KEY (`dsrs_sr`,`dsrs_detailid`)
) ENGINE=InnoDB DEFAULT CHARSET=latin1;

-- Dumping data for table alamrayasite_nabila.d_sales_returnsb: ~0 rows (approximately)
DELETE FROM `d_sales_returnsb`;
/*!40000 ALTER TABLE `d_sales_returnsb` DISABLE KEYS */;
/*!40000 ALTER TABLE `d_sales_returnsb` ENABLE KEYS */;


-- Dumping structure for table alamrayasite_nabila.d_spk
CREATE TABLE IF NOT EXISTS `d_spk` (
  `spk_id` int(11) NOT NULL,
  `spk_comp` int(11) NOT NULL,
  `spk_ref` int(11) DEFAULT NULL COMMENT 'id_panning',
  `spk_code` varchar(20) DEFAULT NULL,
  `spk_date` date DEFAULT NULL,
  `spk_item` int(11) DEFAULT NULL,
  `spk_status` varchar(2) DEFAULT NULL,
  `spk_insert` datetime DEFAULT NULL,
  `spk_update` datetime DEFAULT NULL,
  PRIMARY KEY (`spk_id`),
  KEY `FK_d_spk_d_productplan` (`spk_ref`),
  CONSTRAINT `FK_d_spk_d_productplan` FOREIGN KEY (`spk_ref`) REFERENCES `d_productplan` (`pp_id`) ON DELETE CASCADE ON UPDATE CASCADE
) ENGINE=InnoDB DEFAULT CHARSET=latin1;

-- Dumping data for table alamrayasite_nabila.d_spk: ~3 rows (approximately)
DELETE FROM `d_spk`;
/*!40000 ALTER TABLE `d_spk` DISABLE KEYS */;
INSERT INTO `d_spk` (`spk_id`, `spk_comp`, `spk_ref`, `spk_code`, `spk_date`, `spk_item`, `spk_status`, `spk_insert`, `spk_update`) VALUES
	(1, 1, 1, 'SPK1812031', '2018-12-03', 3, 'PB', '2018-12-03 08:53:04', '2018-12-03 09:24:45'),
	(2, 1, 2, 'SPK1812132', '2018-12-13', 3, 'FN', '2018-12-13 03:22:10', '2018-12-13 03:25:25'),
	(3, 1, 4, 'SPK1812173', '2018-12-17', 3, 'PB', '2018-12-17 06:25:56', '2018-12-17 06:26:19');
/*!40000 ALTER TABLE `d_spk` ENABLE KEYS */;


-- Dumping structure for table alamrayasite_nabila.d_stock
CREATE TABLE IF NOT EXISTS `d_stock` (
  `s_id` bigint(20) NOT NULL AUTO_INCREMENT,
  `s_comp` int(11) NOT NULL COMMENT 'PEMILIK',
  `s_position` int(11) NOT NULL COMMENT 'POSISI',
  `s_item` int(11) DEFAULT NULL,
  `s_qty` decimal(10,2) DEFAULT NULL,
  `s_qty_min` decimal(10,2) DEFAULT '0.00' COMMENT 'STOK MINIMUM',
  `s_insert` timestamp NULL DEFAULT CURRENT_TIMESTAMP,
  `s_update` timestamp NULL DEFAULT NULL ON UPDATE CURRENT_TIMESTAMP,
  PRIMARY KEY (`s_id`),
  KEY `FK_d_stock_d_gudangcabang` (`s_comp`),
  KEY `FK_d_stock_d_gudangcabang_2` (`s_position`),
  CONSTRAINT `FK_d_stock_d_gudangcabang` FOREIGN KEY (`s_comp`) REFERENCES `d_gudangcabang` (`gc_id`) ON UPDATE CASCADE,
  CONSTRAINT `FK_d_stock_d_gudangcabang_2` FOREIGN KEY (`s_position`) REFERENCES `d_gudangcabang` (`gc_id`)
) ENGINE=InnoDB AUTO_INCREMENT=11 DEFAULT CHARSET=latin1;

-- Dumping data for table alamrayasite_nabila.d_stock: ~6 rows (approximately)
DELETE FROM `d_stock`;
/*!40000 ALTER TABLE `d_stock` DISABLE KEYS */;
INSERT INTO `d_stock` (`s_id`, `s_comp`, `s_position`, `s_item`, `s_qty`, `s_qty_min`, `s_insert`, `s_update`) VALUES
	(5, 1, 1, 3, 99985.00, 100000.00, '2018-12-20 14:36:29', '2018-12-27 10:02:11'),
	(6, 1, 1, 1, 99975.00, 100000.00, '2018-12-20 14:36:29', '2018-12-27 07:13:43'),
	(7, 1, 1, 2, 99910.00, 100000.00, '2018-12-20 14:36:29', '2018-12-21 03:16:38'),
	(8, 1, 1, 75, 2.00, 0.00, '2018-12-20 08:48:10', '2018-12-27 07:14:45'),
	(9, 2, 1, 2, 0.00, 0.00, '2018-12-21 03:14:11', '2018-12-21 03:16:38'),
	(10, 1, 1, 468, 0.00, 0.00, '2018-12-21 03:42:07', '2018-12-27 02:28:06');
/*!40000 ALTER TABLE `d_stock` ENABLE KEYS */;


-- Dumping structure for table alamrayasite_nabila.d_stock_mutation
CREATE TABLE IF NOT EXISTS `d_stock_mutation` (
  `sm_stock` bigint(20) NOT NULL,
  `sm_detailid` tinyint(4) NOT NULL,
  `sm_date` date DEFAULT NULL,
  `sm_comp` int(11) DEFAULT NULL COMMENT '1: G. Bahan Baku | 2:G.Produksi |3: G.Grosir | 11: G. Retail',
  `sm_position` int(11) DEFAULT NULL,
  `sm_mutcat` tinyint(4) DEFAULT NULL,
  `sm_item` int(11) DEFAULT NULL,
  `sm_qty` decimal(10,2) DEFAULT NULL,
  `sm_qty_used` decimal(10,2) DEFAULT NULL,
  `sm_qty_sisa` decimal(10,2) DEFAULT NULL,
  `sm_qty_expired` decimal(10,2) DEFAULT NULL,
  `sm_detail` varchar(255) DEFAULT NULL,
  `sm_keterangan` varchar(255) DEFAULT NULL,
  `sm_hpp` decimal(10,2) DEFAULT NULL,
  `sm_sell` decimal(10,2) DEFAULT NULL,
  `sm_reff` varchar(50) DEFAULT NULL,
  `sm_insert` datetime DEFAULT NULL,
  `sm_update` datetime DEFAULT NULL,
  PRIMARY KEY (`sm_detailid`,`sm_stock`),
  KEY `FK_d_stock_mutation_d_gudangcabang` (`sm_comp`),
  KEY `FK_d_stock_mutation_d_stock` (`sm_stock`),
  KEY `FK_d_stock_mutation_d_stock_mutcat` (`sm_mutcat`),
  CONSTRAINT `FK_d_stock_mutation_d_stock` FOREIGN KEY (`sm_stock`) REFERENCES `d_stock` (`s_id`) ON DELETE CASCADE ON UPDATE CASCADE,
  CONSTRAINT `FK_d_stock_mutation_d_stock_mutcat` FOREIGN KEY (`sm_mutcat`) REFERENCES `d_stock_mutcat` (`smc_id`) ON DELETE CASCADE ON UPDATE CASCADE
) ENGINE=InnoDB DEFAULT CHARSET=latin1 ROW_FORMAT=COMPACT;

-- Dumping data for table alamrayasite_nabila.d_stock_mutation: ~25 rows (approximately)
DELETE FROM `d_stock_mutation`;
/*!40000 ALTER TABLE `d_stock_mutation` DISABLE KEYS */;
INSERT INTO `d_stock_mutation` (`sm_stock`, `sm_detailid`, `sm_date`, `sm_comp`, `sm_position`, `sm_mutcat`, `sm_item`, `sm_qty`, `sm_qty_used`, `sm_qty_sisa`, `sm_qty_expired`, `sm_detail`, `sm_keterangan`, `sm_hpp`, `sm_sell`, `sm_reff`, `sm_insert`, `sm_update`) VALUES
	(5, 1, '2018-12-04', 1, 1, 1, 3, 100000.00, 15.00, 99985.00, NULL, 'Data Item Masuk', 'Data Item Masuk', 7.26, NULL, '1', NULL, '2018-12-27 10:02:11'),
	(6, 1, '2018-12-04', 1, 1, 1, 1, 100000.00, 25.00, 99975.00, NULL, 'Data Item Masuk', 'Data Item Masuk', 2.04, NULL, '1', NULL, '2018-12-27 07:13:43'),
	(7, 1, '2018-12-04', 1, 1, 1, 2, 100000.00, 100.00, 99900.00, NULL, 'Data Item Masuk', 'Data Item Masuk', 10.50, NULL, '1', NULL, '2018-12-21 03:16:01'),
	(8, 1, '2018-12-20', 1, 1, 15, 75, 5.00, 3.00, 2.00, 0.00, 'Mutasi Item', NULL, 300.00, NULL, 'MI-1812-00001', '2018-12-20 08:48:10', '2018-12-27 07:14:45'),
	(9, 1, '2018-12-21', 2, 1, 11, 2, 5.00, 5.00, 0.00, 0.00, 'TransferProduksi', NULL, 10.50, NULL, 'TTN-1812-00001', '2018-12-21 03:14:11', '2018-12-21 03:15:07'),
	(10, 1, '2018-12-21', 1, 1, 13, 468, 100.00, 100.00, 0.00, 0.00, 'BARANG TITIPAN', NULL, 0.00, NULL, '1', '2018-12-21 03:42:07', '2018-12-27 02:28:06'),
	(5, 2, '2018-12-27', 1, 1, NULL, 3, -1.00, NULL, NULL, NULL, 'Penjualan Toko', '', 7.26, NULL, 'TOKO-3/2018.12.27', NULL, NULL),
	(6, 2, '2018-12-20', 1, 1, NULL, 1, -5.00, NULL, NULL, NULL, '', 'Mutasi Item', 2.04, NULL, '1', NULL, '2018-12-20 08:54:38'),
	(7, 2, '2018-12-20', 1, 1, NULL, 2, -5.00, NULL, NULL, NULL, '', 'Mutasi Item', 10.50, NULL, '1', NULL, '2018-12-20 08:54:38'),
	(8, 2, '2018-12-27', 1, 1, NULL, 75, -2.00, NULL, NULL, NULL, 'Penjualan Toko', '', 300.00, NULL, 'TOKO-5/2018.12.27', NULL, NULL),
	(9, 2, '2018-12-21', 2, 1, NULL, 2, -5.00, NULL, NULL, NULL, 'PENJUALAN TITIP', '', 10.50, NULL, 'TTN-1812-00001', NULL, NULL),
	(10, 2, '2018-12-27', 1, 1, NULL, 468, -100.00, NULL, NULL, NULL, 'BARANG TITIPAN', 'Diambil', 0.00, NULL, '1', NULL, NULL),
	(5, 3, '2018-12-27', 1, 1, NULL, 3, -1.00, NULL, NULL, NULL, 'Penjualan Toko', '', 7.26, NULL, 'TOKO-4/2018.12.27', NULL, NULL),
	(6, 3, '2018-12-27', 1, 1, NULL, 1, -10.00, NULL, NULL, NULL, 'Penjualan Toko', '', 2.04, NULL, 'TOKO-2/2018.12.27', NULL, NULL),
	(7, 3, '2018-12-21', 1, 1, 1, 2, -5.00, NULL, NULL, NULL, 'TAMBAH BARANG TITIP', 'e', 10.50, NULL, 'TTN-1812-00001', NULL, NULL),
	(8, 3, '2018-12-27', 1, 1, NULL, 75, -1.00, NULL, NULL, NULL, 'Penjualan Toko', '', 300.00, NULL, 'TOKO-7/2018.12.27', NULL, NULL),
	(9, 3, '2018-12-21', 2, 1, 11, 2, 90.00, 90.00, 0.00, 0.00, 'TransferProduksi', NULL, 10.50, NULL, 'TTN-1812-00002', '2018-12-21 03:16:01', '2018-12-21 03:16:38'),
	(5, 4, '2018-12-27', 1, 1, NULL, 3, -1.00, NULL, NULL, NULL, 'Penjualan Toko', '', 7.26, NULL, 'TOKO-6/2018.12.27', NULL, NULL),
	(6, 4, '2018-12-27', 1, 1, NULL, 1, -10.00, NULL, NULL, NULL, 'Penjualan Toko', '', 2.04, NULL, 'TOKO-5/2018.12.27', NULL, NULL),
	(7, 4, '2018-12-21', 1, 1, 16, 2, 0.00, 0.00, 0.00, 0.00, 'RETURN TITIP TAMBAH BARANG', NULL, 19000.00, NULL, 'TTN-1812-00001', '2018-12-21 03:15:07', '2018-12-21 03:15:07'),
	(9, 4, '2018-12-21', 2, 1, NULL, 2, -80.00, NULL, NULL, NULL, 'PENJUALAN TITIP', '', 10.50, NULL, 'TTN-1812-00002', NULL, NULL),
	(5, 5, '2018-12-27', 1, 1, NULL, 3, -12.00, NULL, NULL, NULL, 'Penjualan Toko', '', 7.26, NULL, 'TOKO-10/2018.12.27', NULL, NULL),
	(7, 5, '2018-12-21', 1, 1, 1, 2, -90.00, NULL, NULL, NULL, 'TAMBAH BARANG TITIP', 'e', 10.50, NULL, 'TTN-1812-00002', NULL, NULL),
	(9, 5, '2018-12-21', 2, 1, NULL, 2, -10.00, NULL, NULL, NULL, 'RETURN TITIP AMBIL BARANG', '', 10.50, NULL, 'TTN-1812-00002', NULL, NULL),
	(7, 6, '2018-12-21', 1, 1, 16, 2, 10.00, 0.00, 10.00, 0.00, 'RETURN TITIP TAMBAH BARANG', NULL, 19000.00, NULL, 'TTN-1812-00002', '2018-12-21 03:16:38', '2018-12-21 03:16:38');
/*!40000 ALTER TABLE `d_stock_mutation` ENABLE KEYS */;


-- Dumping structure for table alamrayasite_nabila.d_stock_mutcat
CREATE TABLE IF NOT EXISTS `d_stock_mutcat` (
  `smc_id` tinyint(4) NOT NULL,
  `smc_note` varchar(100) DEFAULT NULL,
  PRIMARY KEY (`smc_id`)
) ENGINE=InnoDB DEFAULT CHARSET=latin1;

-- Dumping data for table alamrayasite_nabila.d_stock_mutcat: ~23 rows (approximately)
DELETE FROM `d_stock_mutcat`;
/*!40000 ALTER TABLE `d_stock_mutcat` DISABLE KEYS */;
INSERT INTO `d_stock_mutcat` (`smc_id`, `smc_note`) VALUES
	(1, 'TAMBAH BARANG PENJUALAN TOKO'),
	(2, 'KURANG BARANG PENJUALAN TOKO'),
	(3, 'TAMBAH BARANG PENJUALAN PESANAN'),
	(4, 'KURANG BARANG  PENJUALAN PESANAN'),
	(5, 'TAMBAH BARANG HASIL PRODUKSI'),
	(6, 'KURANG BARANG HASIL PRODUKSI'),
	(7, 'TAMBAH PENGIRIMAN HASIL PRODUKSI'),
	(8, 'KURANG PENGIRIMAN HASIL PRODUKSI'),
	(9, 'TAMBAH PENERIMAAN HASIL PRODUKSI'),
	(10, 'KURANG PENERIMAAN HASIL PRODUKSI'),
	(11, 'TAMBAH BARANG TITIP'),
	(12, 'KURANG BARANG TITIP'),
	(13, 'TAMBAH BARANG TITIPAN'),
	(14, 'KURANG BARANG TITIPAN'),
	(15, 'RETURN  BARANG TITIPAN'),
	(16, 'RETURN BARANG TITIP'),
	(40, 'Bahan Baku Rusak'),
	(50, 'Bahan Baku Hilang'),
	(60, 'menambah opname '),
	(70, 'mengurangi opname '),
	(80, 'barang expired'),
	(90, 'penambahan stock'),
	(100, 'pengurangan stock');
/*!40000 ALTER TABLE `d_stock_mutcat` ENABLE KEYS */;


-- Dumping structure for table alamrayasite_nabila.d_supplier_brg
CREATE TABLE IF NOT EXISTS `d_supplier_brg` (
  `d_sb_supid` int(11) NOT NULL,
  `d_sb_detailid` int(11) NOT NULL,
  `d_sb_itemid` int(11) NOT NULL,
  `d_sb_created` datetime NOT NULL,
  `d_sb_updated` datetime DEFAULT NULL,
  PRIMARY KEY (`d_sb_supid`,`d_sb_detailid`)
) ENGINE=InnoDB DEFAULT CHARSET=latin1;

-- Dumping data for table alamrayasite_nabila.d_supplier_brg: ~17 rows (approximately)
DELETE FROM `d_supplier_brg`;
/*!40000 ALTER TABLE `d_supplier_brg` DISABLE KEYS */;
INSERT INTO `d_supplier_brg` (`d_sb_supid`, `d_sb_detailid`, `d_sb_itemid`, `d_sb_created`, `d_sb_updated`) VALUES
	(1, 1, 1412, '2018-10-29 17:14:07', '2018-10-31 18:20:47'),
	(1, 9, 60, '2018-10-29 17:19:46', '2018-11-01 10:59:25'),
	(26, 2, 646, '2018-10-29 17:14:07', '2018-10-31 18:20:47'),
	(26, 3, 70, '2018-10-29 17:14:07', '2018-10-31 18:20:47'),
	(26, 4, 71, '2018-10-29 17:14:07', '2018-10-31 18:20:47'),
	(26, 5, 49, '2018-10-29 17:14:07', '2018-10-31 18:20:47'),
	(26, 6, 48, '2018-10-29 17:14:07', '2018-10-31 18:20:47'),
	(26, 7, 19, '2018-10-29 17:14:07', '2018-10-31 18:20:47'),
	(26, 8, 63, '2018-10-29 17:14:07', '2018-10-31 18:20:47'),
	(120, 1, 7, '2018-10-29 17:19:46', '2018-11-01 10:59:25'),
	(120, 2, 49, '2018-10-29 17:19:46', '2018-11-01 10:59:25'),
	(120, 3, 48, '2018-10-29 17:19:46', '2018-11-01 10:59:25'),
	(120, 4, 3, '2018-10-29 17:19:46', '2018-11-01 10:59:25'),
	(120, 5, 75, '2018-10-29 17:19:46', '2018-11-01 10:59:25'),
	(120, 6, 73, '2018-10-29 17:19:46', '2018-11-01 10:59:25'),
	(120, 7, 18, '2018-10-29 17:19:46', '2018-11-01 10:59:25'),
	(120, 8, 54, '2018-10-29 17:19:46', '2018-11-01 10:59:25');
/*!40000 ALTER TABLE `d_supplier_brg` ENABLE KEYS */;


-- Dumping structure for table alamrayasite_nabila.d_transferitem
CREATE TABLE IF NOT EXISTS `d_transferitem` (
  `ti_id` int(11) NOT NULL AUTO_INCREMENT,
  `ti_time` datetime DEFAULT NULL,
  `ti_code` varchar(20) DEFAULT NULL,
  `ti_order` varchar(2) NOT NULL COMMENT 'RT: Retail | GR: Grosir',
  `ti_orderstaff` int(10) DEFAULT NULL COMMENT 'TEMPORARY DIABAIKAN',
  `ti_note` varchar(100) DEFAULT NULL,
  `ti_isapproved` enum('Y','N') NOT NULL DEFAULT 'N',
  `ti_issent` enum('Y','N') NOT NULL DEFAULT 'N',
  `ti_isreceived` enum('Y','N') NOT NULL DEFAULT 'N',
  `ti_insert` timestamp NULL DEFAULT NULL,
  `ti_update` timestamp NOT NULL DEFAULT CURRENT_TIMESTAMP ON UPDATE CURRENT_TIMESTAMP,
  PRIMARY KEY (`ti_id`)
) ENGINE=InnoDB AUTO_INCREMENT=14 DEFAULT CHARSET=latin1;

-- Dumping data for table alamrayasite_nabila.d_transferitem: ~13 rows (approximately)
DELETE FROM `d_transferitem`;
/*!40000 ALTER TABLE `d_transferitem` DISABLE KEYS */;
INSERT INTO `d_transferitem` (`ti_id`, `ti_time`, `ti_code`, `ti_order`, `ti_orderstaff`, `ti_note`, `ti_isapproved`, `ti_issent`, `ti_isreceived`, `ti_insert`, `ti_update`) VALUES
	(1, '2018-04-17 00:00:00', 'REQ1804171', 'RT', NULL, 'js', 'Y', 'Y', 'Y', '2018-04-17 10:15:07', '2018-04-17 11:34:02'),
	(2, '2018-04-30 00:00:00', 'REQ1804302', 'RT', NULL, 'aku minta', 'N', 'N', 'N', '2018-04-30 00:10:14', '2018-04-30 00:10:14'),
	(3, '2018-05-27 00:00:00', 'REQ1805273', 'RT', NULL, 'aku jaluk', 'Y', 'Y', 'Y', '2018-05-27 11:40:47', '2018-05-27 11:41:19'),
	(4, '2018-05-31 00:00:00', 'REQ1805314', 'GR', NULL, NULL, 'Y', 'Y', 'N', '2018-05-31 04:07:49', '2018-05-31 04:07:49'),
	(5, '2018-05-31 00:00:00', 'REQ1805315', 'GR', NULL, NULL, 'Y', 'Y', 'N', '2018-05-31 04:08:19', '2018-05-31 04:08:19'),
	(6, '2018-05-31 00:00:00', 'REQ1805316', 'GR', NULL, NULL, 'Y', 'Y', 'N', '2018-05-31 04:14:51', '2018-05-31 04:14:51'),
	(7, '2018-06-06 00:00:00', 'REQ1806067', 'RT', NULL, 'minta 1', 'Y', 'Y', 'Y', '2018-06-06 06:04:34', '2018-06-06 16:49:28'),
	(8, '2018-06-06 00:00:00', 'REQ1806068', 'RT', NULL, NULL, 'Y', 'Y', 'Y', '2018-06-06 16:53:34', '2018-06-06 16:54:19'),
	(9, '2018-06-07 00:00:00', 'REQ1806079', 'GR', NULL, NULL, 'Y', 'Y', 'Y', '2018-06-07 10:23:13', '2018-06-07 11:08:52'),
	(10, '2018-06-08 00:00:00', 'REQ18060810', 'GR', NULL, 'kirim', 'Y', 'Y', 'Y', '2018-06-08 13:18:22', '2018-06-08 14:09:14'),
	(11, '2018-06-08 00:00:00', 'REQ18060811', 'GR', NULL, 'tt', 'Y', 'Y', 'Y', '2018-06-08 14:12:29', '2018-06-08 14:13:09'),
	(12, '2018-06-08 00:00:00', 'REQ18060812', 'GR', NULL, NULL, 'Y', 'Y', 'Y', '2018-06-08 14:15:23', '2018-06-08 14:15:48'),
	(13, '2018-06-08 00:00:00', 'REQ18060813', 'GR', NULL, NULL, 'Y', 'Y', 'Y', '2018-06-08 14:30:26', '2018-06-08 14:33:33');
/*!40000 ALTER TABLE `d_transferitem` ENABLE KEYS */;


-- Dumping structure for table alamrayasite_nabila.d_transferitem_dt
CREATE TABLE IF NOT EXISTS `d_transferitem_dt` (
  `tidt_id` int(11) NOT NULL,
  `tidt_detail` tinyint(4) NOT NULL,
  `tidt_item` int(11) DEFAULT NULL,
  `tidt_qty` decimal(10,0) DEFAULT NULL,
  `tidt_qty_appr` decimal(10,0) DEFAULT NULL,
  `tidt_apprtime` datetime DEFAULT NULL,
  `tidt_apprstaff` int(10) DEFAULT NULL COMMENT 'TEMPORARY DIABAIKAN',
  `tidt_qty_send` decimal(10,0) DEFAULT NULL,
  `tidt_sendtime` datetime DEFAULT NULL,
  `tidt_sendstaff` int(10) DEFAULT NULL COMMENT 'TEMPORARY DIABAIKAN',
  `tidt_qty_received` decimal(10,0) DEFAULT NULL,
  `tidt_receivedtime` datetime DEFAULT NULL,
  `tidt_receivedstaff` int(10) DEFAULT NULL COMMENT 'TEMPORARY DIABAIKAN',
  PRIMARY KEY (`tidt_id`,`tidt_detail`),
  CONSTRAINT `FK_d_request_dt_d_request_item` FOREIGN KEY (`tidt_id`) REFERENCES `d_transferitem` (`ti_id`) ON DELETE CASCADE ON UPDATE CASCADE
) ENGINE=InnoDB DEFAULT CHARSET=latin1;

-- Dumping data for table alamrayasite_nabila.d_transferitem_dt: ~17 rows (approximately)
DELETE FROM `d_transferitem_dt`;
/*!40000 ALTER TABLE `d_transferitem_dt` DISABLE KEYS */;
INSERT INTO `d_transferitem_dt` (`tidt_id`, `tidt_detail`, `tidt_item`, `tidt_qty`, `tidt_qty_appr`, `tidt_apprtime`, `tidt_apprstaff`, `tidt_qty_send`, `tidt_sendtime`, `tidt_sendstaff`, `tidt_qty_received`, `tidt_receivedtime`, `tidt_receivedstaff`) VALUES
	(1, 1, 176, 56, 5, '2018-04-17 11:28:55', NULL, 5, '2018-04-17 11:28:55', NULL, 3, '2018-04-17 11:34:02', NULL),
	(2, 1, 173, 5, NULL, NULL, NULL, NULL, NULL, NULL, NULL, NULL, NULL),
	(3, 1, 207, 5, 5, '2018-05-27 11:40:59', NULL, 5, '2018-05-27 11:40:59', NULL, 5, '2018-05-27 11:41:19', NULL),
	(4, 1, 320, 4, 4, '2018-05-31 04:07:49', NULL, 4, '2018-05-31 04:07:49', NULL, NULL, NULL, NULL),
	(5, 1, 320, 4, 4, '2018-05-31 04:08:19', NULL, 4, '2018-05-31 04:08:19', NULL, NULL, NULL, NULL),
	(6, 1, 320, 3, 3, '2018-05-31 04:14:51', NULL, 3, '2018-05-31 04:14:51', NULL, NULL, NULL, NULL),
	(7, 1, 161, 10, 10, '2018-06-06 06:05:19', NULL, 10, '2018-06-06 06:05:19', NULL, 10, '2018-06-06 04:27:34', NULL),
	(7, 2, 166, 10, 10, '2018-06-06 06:05:19', NULL, 10, '2018-06-06 06:05:19', NULL, 10, '2018-06-06 04:27:34', NULL),
	(8, 1, 161, 5, 5, '2018-06-06 04:53:48', NULL, 5, '2018-06-06 04:53:48', NULL, NULL, NULL, NULL),
	(8, 2, 166, 5, 5, '2018-06-06 04:53:48', NULL, 5, '2018-06-06 04:53:48', NULL, NULL, NULL, NULL),
	(9, 1, 161, 10, 10, '2018-06-07 10:23:13', NULL, 10, '2018-06-07 10:23:13', NULL, NULL, NULL, NULL),
	(9, 2, 166, 10, 10, '2018-06-07 10:23:13', NULL, 10, '2018-06-07 10:23:13', NULL, NULL, NULL, NULL),
	(10, 1, 207, 5, 5, '2018-06-08 01:18:22', NULL, 5, '2018-06-08 01:18:22', NULL, NULL, NULL, NULL),
	(11, 1, 166, 5, 5, '2018-06-08 02:12:29', NULL, 5, '2018-06-08 02:12:29', NULL, NULL, NULL, NULL),
	(11, 2, 207, 5, 5, '2018-06-08 02:12:29', NULL, 5, '2018-06-08 02:12:29', NULL, NULL, NULL, NULL),
	(12, 1, 166, 5, 5, '2018-06-08 02:15:23', NULL, 5, '2018-06-08 02:15:23', NULL, NULL, NULL, NULL),
	(13, 1, 563, 20, 20, '2018-06-08 02:30:26', NULL, 20, '2018-06-08 02:30:26', NULL, NULL, NULL, NULL);
/*!40000 ALTER TABLE `d_transferitem_dt` ENABLE KEYS */;


-- Dumping structure for table alamrayasite_nabila.migrations
CREATE TABLE IF NOT EXISTS `migrations` (
  `migration` varchar(255) NOT NULL,
  `batch` int(11) NOT NULL
) ENGINE=MyISAM DEFAULT CHARSET=latin1 ROW_FORMAT=DYNAMIC;

-- Dumping data for table alamrayasite_nabila.migrations: 110 rows
DELETE FROM `migrations`;
/*!40000 ALTER TABLE `migrations` DISABLE KEYS */;
INSERT INTO `migrations` (`migration`, `batch`) VALUES
	('2018_02_12_091908_create_customer_table', 1),
	('2018_02_12_091908_create_customer_table', 1),
	('2018_02_12_091908_create_customer_table', 1),
	('2018_02_12_091908_create_customer_table', 1),
	('2018_02_12_091908_create_customer_table', 1),
	('2018_02_12_091908_create_customer_table', 1),
	('2018_02_12_091908_create_customer_table', 1),
	('2018_02_12_091908_create_customer_table', 1),
	('2018_02_12_091908_create_customer_table', 1),
	('2018_02_12_091908_create_customer_table', 1),
	('2018_02_12_091908_create_customer_table', 1),
	('2018_02_12_091908_create_customer_table', 1),
	('2018_02_12_091908_create_customer_table', 1),
	('2018_02_12_091908_create_customer_table', 1),
	('2018_02_12_091908_create_customer_table', 1),
	('2018_02_12_091908_create_customer_table', 1),
	('2018_02_12_091908_create_customer_table', 1),
	('2018_02_12_091908_create_customer_table', 1),
	('2018_02_12_091908_create_customer_table', 1),
	('2018_02_12_091908_create_customer_table', 1),
	('2018_02_12_091908_create_customer_table', 1),
	('2018_02_12_091908_create_customer_table', 1),
	('2018_02_12_091908_create_customer_table', 1),
	('2018_02_12_091908_create_customer_table', 1),
	('2018_02_12_091908_create_customer_table', 1),
	('2018_02_12_091908_create_customer_table', 1),
	('2018_02_12_091908_create_customer_table', 1),
	('2018_02_12_091908_create_customer_table', 1),
	('2018_02_12_091908_create_customer_table', 1),
	('2018_02_12_091908_create_customer_table', 1),
	('2018_02_12_091908_create_customer_table', 1),
	('2018_02_12_091908_create_customer_table', 1),
	('2018_02_12_091908_create_customer_table', 1),
	('2018_02_12_091908_create_customer_table', 1),
	('2018_02_12_091908_create_customer_table', 1),
	('2018_02_12_091908_create_customer_table', 1),
	('2018_02_12_091908_create_customer_table', 1),
	('2018_02_12_091908_create_customer_table', 1),
	('2018_02_12_091908_create_customer_table', 1),
	('2018_02_12_091908_create_customer_table', 1),
	('2018_02_12_091908_create_customer_table', 1),
	('2018_02_12_091908_create_customer_table', 1),
	('2018_02_12_091908_create_customer_table', 1),
	('2018_02_12_091908_create_customer_table', 1),
	('2018_02_12_091908_create_customer_table', 1),
	('2018_02_12_091908_create_customer_table', 1),
	('2018_02_12_091908_create_customer_table', 1),
	('2018_02_12_091908_create_customer_table', 1),
	('2018_02_12_091908_create_customer_table', 1),
	('2018_02_12_091908_create_customer_table', 1),
	('2018_02_12_091908_create_customer_table', 1),
	('2018_02_12_091908_create_customer_table', 1),
	('2018_02_12_091908_create_customer_table', 1),
	('2018_02_12_091908_create_customer_table', 1),
	('2018_02_12_091908_create_customer_table', 1),
	('2018_02_12_091908_create_customer_table', 1),
	('2018_02_12_091908_create_customer_table', 1),
	('2018_02_12_091908_create_customer_table', 1),
	('2018_02_12_091908_create_customer_table', 1),
	('2018_02_12_091908_create_customer_table', 1),
	('2018_02_12_091908_create_customer_table', 1),
	('2018_02_12_091908_create_customer_table', 1),
	('2018_02_12_091908_create_customer_table', 1),
	('2018_02_12_091908_create_customer_table', 1),
	('2018_02_12_091908_create_customer_table', 1),
	('2018_02_12_091908_create_customer_table', 1),
	('2018_02_12_091908_create_customer_table', 1),
	('2018_02_12_091908_create_customer_table', 1),
	('2018_02_12_091908_create_customer_table', 1),
	('2018_02_12_091908_create_customer_table', 1),
	('2018_02_12_091908_create_customer_table', 1),
	('2018_02_12_091908_create_customer_table', 1),
	('2018_02_12_091908_create_customer_table', 1),
	('2018_02_12_091908_create_customer_table', 1),
	('2018_02_12_091908_create_customer_table', 1),
	('2018_02_12_091908_create_customer_table', 1),
	('2018_02_12_091908_create_customer_table', 1),
	('2018_02_12_091908_create_customer_table', 1),
	('2018_02_12_091908_create_customer_table', 1),
	('2018_02_12_091908_create_customer_table', 1),
	('2018_02_12_091908_create_customer_table', 1),
	('2018_02_12_091908_create_customer_table', 1),
	('2018_02_12_091908_create_customer_table', 1),
	('2018_02_12_091908_create_customer_table', 1),
	('2018_02_12_091908_create_customer_table', 1),
	('2018_02_12_091908_create_customer_table', 1),
	('2018_02_12_091908_create_customer_table', 1),
	('2018_02_12_091908_create_customer_table', 1),
	('2018_02_12_091908_create_customer_table', 1),
	('2018_02_12_091908_create_customer_table', 1),
	('2018_02_12_091908_create_customer_table', 1),
	('2018_02_12_091908_create_customer_table', 1),
	('2018_02_12_091908_create_customer_table', 1),
	('2018_02_12_091908_create_customer_table', 1),
	('2018_02_12_091908_create_customer_table', 1),
	('2018_02_12_091908_create_customer_table', 1),
	('2018_02_12_091908_create_customer_table', 1),
	('2018_02_12_091908_create_customer_table', 1),
	('2018_02_12_091908_create_customer_table', 1),
	('2018_02_12_091908_create_customer_table', 1),
	('2018_02_12_091908_create_customer_table', 1),
	('2018_02_12_091908_create_customer_table', 1),
	('2018_02_12_091908_create_customer_table', 1),
	('2018_02_12_091908_create_customer_table', 1),
	('2018_02_12_091908_create_customer_table', 1),
	('2018_02_12_091908_create_customer_table', 1),
	('2018_02_12_091908_create_customer_table', 1),
	('2018_02_12_091908_create_customer_table', 1),
	('2018_02_12_091908_create_customer_table', 1),
	('2018_02_12_091908_create_customer_table', 1);
/*!40000 ALTER TABLE `migrations` ENABLE KEYS */;


-- Dumping structure for table alamrayasite_nabila.m_acces_gudangitem
CREATE TABLE IF NOT EXISTS `m_acces_gudangitem` (
  `ag_id` int(11) NOT NULL AUTO_INCREMENT,
  `ag_gudang` varchar(50) DEFAULT NULL,
  `ag_fitur` varchar(50) DEFAULT NULL,
  PRIMARY KEY (`ag_id`)
) ENGINE=InnoDB AUTO_INCREMENT=3 DEFAULT CHARSET=latin1;

-- Dumping data for table alamrayasite_nabila.m_acces_gudangitem: ~2 rows (approximately)
DELETE FROM `m_acces_gudangitem`;
/*!40000 ALTER TABLE `m_acces_gudangitem` DISABLE KEYS */;
INSERT INTO `m_acces_gudangitem` (`ag_id`, `ag_gudang`, `ag_fitur`) VALUES
	(1, '1', 'Penjualan'),
	(2, '4,5', 'Pembelian');
/*!40000 ALTER TABLE `m_acces_gudangitem` ENABLE KEYS */;


-- Dumping structure for table alamrayasite_nabila.m_cabang
CREATE TABLE IF NOT EXISTS `m_cabang` (
  `c_id` varchar(3) NOT NULL,
  `c_name` varchar(50) NOT NULL,
  `c_insert` datetime DEFAULT NULL,
  `c_update` datetime DEFAULT NULL,
  PRIMARY KEY (`c_id`)
) ENGINE=InnoDB DEFAULT CHARSET=latin1;

-- Dumping data for table alamrayasite_nabila.m_cabang: ~10 rows (approximately)
DELETE FROM `m_cabang`;
/*!40000 ALTER TABLE `m_cabang` DISABLE KEYS */;
INSERT INTO `m_cabang` (`c_id`, `c_name`, `c_insert`, `c_update`) VALUES
	('GB1', 'GUDANG BAHANBAKU 1', '2018-05-02 14:38:18', '2018-05-02 14:38:16'),
	('GB2', 'GUDANG BAHANBAKU 2', '2018-05-02 14:43:32', '2018-05-02 14:43:33'),
	('GC', 'GUDANG CUSTOMER', '2018-05-02 14:35:46', '2018-05-02 14:35:48'),
	('GG1', 'GUDANG GROSIR 1', '2018-05-02 14:14:33', '2018-05-02 14:14:40'),
	('GG2', 'GUDANG  GROSIR 2', '2018-05-02 14:14:34', '2018-05-02 14:14:39'),
	('GP1', 'GUDANG  PRODUKSI 1', '2018-05-02 14:14:34', '2018-05-02 14:14:36'),
	('GP2', 'GUDANG  PRODUKSI 2', '2018-05-02 14:14:35', '2018-05-02 14:14:38'),
	('GR1', 'GUDANG  RETAIL 1', '2018-05-02 14:11:26', '2018-05-02 14:11:27'),
	('GR2', 'GUDANG  RETAIL 2', '2018-05-02 14:14:32', '2018-05-02 14:14:41'),
	('GS', 'GUDANG SENDING', '2018-05-02 14:38:14', '2018-05-02 14:38:15');
/*!40000 ALTER TABLE `m_cabang` ENABLE KEYS */;


-- Dumping structure for table alamrayasite_nabila.m_comp
CREATE TABLE IF NOT EXISTS `m_comp` (
  `c_id` int(11) NOT NULL AUTO_INCREMENT,
  `c_code` varchar(50) DEFAULT '0',
  `c_owner` varchar(10) DEFAULT NULL,
  `c_name` varchar(40) DEFAULT NULL,
  `c_address` varchar(40) DEFAULT NULL,
  `c_type` tinyint(4) DEFAULT NULL,
  `c_control` varchar(1) DEFAULT NULL,
  `c_insert` timestamp NULL DEFAULT NULL,
  `c_update` timestamp NOT NULL DEFAULT CURRENT_TIMESTAMP ON UPDATE CURRENT_TIMESTAMP,
  PRIMARY KEY (`c_id`)
) ENGINE=InnoDB AUTO_INCREMENT=5 DEFAULT CHARSET=latin1;

-- Dumping data for table alamrayasite_nabila.m_comp: ~4 rows (approximately)
DELETE FROM `m_comp`;
/*!40000 ALTER TABLE `m_comp` DISABLE KEYS */;
INSERT INTO `m_comp` (`c_id`, `c_code`, `c_owner`, `c_name`, `c_address`, `c_type`, `c_control`, `c_insert`, `c_update`) VALUES
	(1, 'A01', 'Pusat', 'Pusat', 'Jl. Gajah Mada No. 22 ponorogo', NULL, NULL, NULL, '2018-12-04 12:40:43'),
	(2, 'A02', 'NABILA 2', 'NABILA 2', 'jl. Raya Ponorogo Pacitan', NULL, NULL, NULL, '2018-12-04 12:41:18'),
	(3, 'A03', 'NABILA 3', 'NABILA 3', 'Jl. Raya Siman no 72 ', NULL, NULL, NULL, '2018-12-04 12:41:12'),
	(4, 'A04', 'MOBILE', 'MOBILE', NULL, NULL, NULL, NULL, '2018-12-04 12:40:35');
/*!40000 ALTER TABLE `m_comp` ENABLE KEYS */;


-- Dumping structure for table alamrayasite_nabila.m_customer
CREATE TABLE IF NOT EXISTS `m_customer` (
  `c_id` int(11) NOT NULL AUTO_INCREMENT,
  `c_code` varchar(20) COLLATE utf8_unicode_ci NOT NULL,
  `c_name` varchar(100) COLLATE utf8_unicode_ci NOT NULL,
  `c_birthday` date DEFAULT NULL,
  `c_email` varchar(150) COLLATE utf8_unicode_ci DEFAULT NULL,
  `c_hp1` varchar(50) COLLATE utf8_unicode_ci NOT NULL,
  `c_hp2` varchar(50) COLLATE utf8_unicode_ci NOT NULL,
  `c_address` text COLLATE utf8_unicode_ci,
  `c_class` varchar(1) COLLATE utf8_unicode_ci DEFAULT NULL COMMENT 'A | B | C',
  `c_type` varchar(2) COLLATE utf8_unicode_ci DEFAULT NULL COMMENT 'RT: Retail | GR: Grosir',
  `c_insert` timestamp NULL DEFAULT NULL,
  `c_update` timestamp NOT NULL DEFAULT CURRENT_TIMESTAMP ON UPDATE CURRENT_TIMESTAMP,
  PRIMARY KEY (`c_id`),
  UNIQUE KEY `c_code` (`c_code`)
) ENGINE=InnoDB AUTO_INCREMENT=8 DEFAULT CHARSET=utf8 COLLATE=utf8_unicode_ci ROW_FORMAT=DYNAMIC;

-- Dumping data for table alamrayasite_nabila.m_customer: ~7 rows (approximately)
DELETE FROM `m_customer`;
/*!40000 ALTER TABLE `m_customer` DISABLE KEYS */;
INSERT INTO `m_customer` (`c_id`, `c_code`, `c_name`, `c_birthday`, `c_email`, `c_hp1`, `c_hp2`, `c_address`, `c_class`, `c_type`, `c_insert`, `c_update`) VALUES
	(1, 'CUS0618/C001/001', 'mahmud', '1970-01-01', 'mahmud1@gmail.com', '+624545454', '+62', NULL, 'A', 'RT', '2018-06-28 02:48:07', '2018-11-22 10:10:09'),
	(2, 'CUS0618/C001/002', 'aya', NULL, NULL, '454545', '', NULL, 'C', 'RT', '2018-06-28 04:17:33', '2018-06-28 11:17:33'),
	(3, 'CUS0618/C001/003', 'ed', '0000-00-00', NULL, '454545', '', NULL, 'B', 'RT', '2018-06-28 07:20:37', '2018-06-28 14:22:53'),
	(4, 'CUS0618/C001/004', 'meli', '0000-00-00', 'mahmudbojonegoro@gmail.com', '676767', '', NULL, NULL, 'GR', '2018-06-29 03:49:30', '2018-06-29 10:49:30'),
	(5, 'CUS0718/C001/005', 'ggg', '0000-00-00', 'demo.user@justinc.me', '4546456', '', '444', NULL, 'GR', '2018-07-02 02:52:33', '2018-07-02 09:52:33'),
	(6, 'CUS0718/C001/006', 'cius', NULL, 'mahmud1@gmail.com', '343434', '', NULL, 'B', 'GR', '2018-07-02 03:04:26', '2018-07-02 10:04:26'),
	(7, 'CUS1118/C001/7', 'mahm', '2018-11-05', 'taziz704@gmail.com', '+6285233526818', '+6285233526818', 'wewe', 'C', 'RT', '2018-11-22 10:10:44', '2018-11-22 17:10:44');
/*!40000 ALTER TABLE `m_customer` ENABLE KEYS */;


-- Dumping structure for table alamrayasite_nabila.m_divisi
CREATE TABLE IF NOT EXISTS `m_divisi` (
  `d_id` int(10) unsigned NOT NULL,
  `d_divisi` varchar(100) COLLATE utf8mb4_unicode_ci NOT NULL,
  `d_divisi_akronim` varchar(3) COLLATE utf8mb4_unicode_ci NOT NULL,
  `created_at` timestamp NULL DEFAULT NULL,
  `updated_at` timestamp NULL DEFAULT NULL,
  PRIMARY KEY (`d_id`)
) ENGINE=InnoDB DEFAULT CHARSET=utf8mb4 COLLATE=utf8mb4_unicode_ci;

-- Dumping data for table alamrayasite_nabila.m_divisi: ~0 rows (approximately)
DELETE FROM `m_divisi`;
/*!40000 ALTER TABLE `m_divisi` DISABLE KEYS */;
/*!40000 ALTER TABLE `m_divisi` ENABLE KEYS */;


-- Dumping structure for table alamrayasite_nabila.m_employee
CREATE TABLE IF NOT EXISTS `m_employee` (
  `e_id` smallint(6) NOT NULL AUTO_INCREMENT,
  `e_nama` varchar(50) NOT NULL DEFAULT '0',
  PRIMARY KEY (`e_id`)
) ENGINE=InnoDB DEFAULT CHARSET=latin1;

-- Dumping data for table alamrayasite_nabila.m_employee: ~0 rows (approximately)
DELETE FROM `m_employee`;
/*!40000 ALTER TABLE `m_employee` DISABLE KEYS */;
/*!40000 ALTER TABLE `m_employee` ENABLE KEYS */;


-- Dumping structure for table alamrayasite_nabila.m_group
CREATE TABLE IF NOT EXISTS `m_group` (
  `g_id` int(11) NOT NULL AUTO_INCREMENT,
  `g_code` varchar(50) DEFAULT NULL,
  `g_name` varchar(255) DEFAULT NULL,
  `g_akun_persediaan` varchar(50) DEFAULT NULL,
  `g_akun_beban` varchar(50) DEFAULT NULL,
  `g_akun_penjualan` varchar(50) DEFAULT NULL,
  `g_create` timestamp NULL DEFAULT CURRENT_TIMESTAMP,
  `g_update` timestamp NULL DEFAULT NULL,
  PRIMARY KEY (`g_id`),
  UNIQUE KEY `g_code` (`g_code`)
) ENGINE=InnoDB AUTO_INCREMENT=14 DEFAULT CHARSET=latin1;

-- Dumping data for table alamrayasite_nabila.m_group: ~13 rows (approximately)
DELETE FROM `m_group`;
/*!40000 ALTER TABLE `m_group` DISABLE KEYS */;
INSERT INTO `m_group` (`g_id`, `g_code`, `g_name`, `g_akun_persediaan`, `g_akun_beban`, `g_akun_penjualan`, `g_create`, `g_update`) VALUES
	(1, '000', 'BAHAN BAKU PRODUK', '120.01', NULL, NULL, '2018-06-07 08:11:37', '2018-06-07 01:18:04'),
	(2, '003', 'BAHAN PEMBUNGKUS', '120.02', NULL, '500.06', '2018-06-07 08:11:37', '2018-06-07 01:18:04'),
	(3, '004', 'ROTI', '120.01', NULL, '500.01', '2018-07-03 13:23:36', NULL),
	(4, '005', 'KULIT KEBAB', '120.02', NULL, '500.02', '2018-07-03 13:26:09', NULL),
	(5, '006', 'DAGING', '120.02', NULL, '500.03', '2018-07-03 13:28:09', NULL),
	(6, '008', 'PRODUK CAIR', '120.02', NULL, '500.05', '2018-07-03 13:28:43', NULL),
	(7, '009', 'BAHAN BAKU BENGKEL', '120.04', NULL, NULL, '2018-07-03 13:29:05', NULL),
	(8, '011', 'BARANG DAGANGAN', '120.05', NULL, '500.06', '2018-07-03 13:29:43', NULL),
	(9, '012', 'ONGKOS KIRIM', NULL, NULL, NULL, '2018-07-03 13:30:08', NULL),
	(10, '013', 'MINUMAN', '120.02', NULL, NULL, '2018-07-03 13:30:30', NULL),
	(11, '014', 'MAKANAN FROZEN', '120.05', NULL, NULL, '2018-07-03 13:31:01', NULL),
	(12, '015', 'PAJAK 10%', NULL, NULL, NULL, '2018-07-03 13:31:20', NULL),
	(13, '016', 'BARANG LAIN-LAIN', '120.01', NULL, NULL, '2018-08-14 03:25:13', NULL);
/*!40000 ALTER TABLE `m_group` ENABLE KEYS */;


-- Dumping structure for table alamrayasite_nabila.m_gudang
CREATE TABLE IF NOT EXISTS `m_gudang` (
  `g_name` varchar(30) NOT NULL,
  `g_insert` datetime DEFAULT NULL,
  `g_update` datetime DEFAULT NULL,
  PRIMARY KEY (`g_name`)
) ENGINE=InnoDB DEFAULT CHARSET=latin1;

-- Dumping data for table alamrayasite_nabila.m_gudang: ~10 rows (approximately)
DELETE FROM `m_gudang`;
/*!40000 ALTER TABLE `m_gudang` DISABLE KEYS */;
INSERT INTO `m_gudang` (`g_name`, `g_insert`, `g_update`) VALUES
	('GUDANG BAHAN BAKU', '2018-05-02 13:45:22', '2018-05-02 13:45:23'),
	('GUDANG CUSTOMER', '2018-05-02 13:45:55', '2018-05-02 13:45:56'),
	('GUDANG GROSIR', '2018-05-02 13:42:05', '2018-05-02 13:42:06'),
	('GUDANG PEMBELIAN', NULL, NULL),
	('GUDANG PENJUALAN', NULL, NULL),
	('GUDANG PRODUKSI', '2018-05-02 13:42:51', '2018-05-02 13:42:52'),
	('GUDANG RETAIL', '2018-05-02 13:42:07', '2018-05-02 13:42:08'),
	('GUDANG SENDING', '2018-05-02 13:46:33', '2018-05-02 13:46:34'),
	('GUDANG TITIP', '2018-09-19 10:57:03', '2018-09-19 10:57:04'),
	('GUDANG TITIPAN', '2018-09-19 10:57:02', '2018-09-19 10:57:05');
/*!40000 ALTER TABLE `m_gudang` ENABLE KEYS */;


-- Dumping structure for table alamrayasite_nabila.m_item
CREATE TABLE IF NOT EXISTS `m_item` (
  `i_id` int(11) NOT NULL AUTO_INCREMENT,
  `i_code` varchar(12) NOT NULL,
  `i_group` int(11) DEFAULT NULL,
  `i_type` varchar(5) DEFAULT NULL COMMENT ' BB: Bahan Baku | BP: Barang Produksi | BJ: Barang Jualan',
  `i_name` varchar(50) DEFAULT NULL COMMENT 'BB: Bahan Baku | BPD: Barang Produksi | BJ: Barang Jualan | BTPN: Titipan |BP: purchase ',
  `i_satuan` int(11) DEFAULT NULL,
  `i_sat1` int(11) DEFAULT NULL,
  `i_sat2` int(11) DEFAULT NULL,
  `i_sat3` int(11) DEFAULT NULL,
  `i_sat_isi1` int(11) DEFAULT NULL,
  `i_sat_isi2` int(11) DEFAULT NULL,
  `i_sat_isi3` int(11) DEFAULT NULL,
  `i_hpp` decimal(10,2) DEFAULT NULL,
  `i_price` decimal(10,2) DEFAULT NULL,
  `i_status` enum('Y','N') DEFAULT 'Y',
  `i_isactive` enum('TRUE','FALSE') DEFAULT 'TRUE',
  `i_active` enum('Y','N') DEFAULT 'Y',
  `i_det` varchar(150) DEFAULT NULL COMMENT 'DETAIL',
  `i_insert` timestamp NULL DEFAULT CURRENT_TIMESTAMP,
  `i_update` timestamp NULL DEFAULT NULL,
  PRIMARY KEY (`i_id`),
  UNIQUE KEY `i_kode` (`i_code`),
  KEY `FK_m_item_m_group` (`i_group`),
  CONSTRAINT `FK_m_item_m_group` FOREIGN KEY (`i_group`) REFERENCES `m_group` (`g_id`) ON DELETE CASCADE ON UPDATE CASCADE
) ENGINE=InnoDB AUTO_INCREMENT=1420 DEFAULT CHARSET=latin1;

-- Dumping data for table alamrayasite_nabila.m_item: ~565 rows (approximately)
DELETE FROM `m_item`;
/*!40000 ALTER TABLE `m_item` DISABLE KEYS */;
INSERT INTO `m_item` (`i_id`, `i_code`, `i_group`, `i_type`, `i_name`, `i_satuan`, `i_sat1`, `i_sat2`, `i_sat3`, `i_sat_isi1`, `i_sat_isi2`, `i_sat_isi3`, `i_hpp`, `i_price`, `i_status`, `i_isactive`, `i_active`, `i_det`, `i_insert`, `i_update`) VALUES
	(1, 'BRG0001', 3, 'BJ', 'Roti burger ekonomi', 3, 3, 4, 5, 1, 10, 100, 2.04, 2500.00, 'Y', 'TRUE', 'Y', '\\N', '0000-00-00 00:00:00', '0000-00-00 00:00:00'),
	(2, 'BRG0002', 3, 'BJ', 'Roti isi 5', 2, 2, 4, 5, 1, 10, 100, 10.50, 19000.00, 'Y', 'TRUE', 'Y', '\\N', '0000-00-00 00:00:00', '0000-00-00 00:00:00'),
	(3, 'BRG0003', 2, 'BP', 'Abon', 3, 3, 4, 5, 1, 10, 100, 7.26, 8000.00, 'Y', 'TRUE', 'Y', '\\N', '0000-00-00 00:00:00', '0000-00-00 00:00:00'),
	(4, 'BRG0004', 6, 'BP', 'Ayam', 1, 1, 4, 5, 1, 10, 100, 3.92, 7000.00, 'Y', 'TRUE', 'Y', '\\N', '0000-00-00 00:00:00', '0000-00-00 00:00:00'),
	(5, 'BRG0005', 6, 'BP', 'Ayam balado', 6, 6, 4, 5, 1, 10, 100, 4.03, 7000.00, 'Y', 'TRUE', 'Y', '\\N', '0000-00-00 00:00:00', '0000-00-00 00:00:00'),
	(6, 'BRG0006', 3, 'BJ', 'Bulat coklat', 3, 3, 4, 5, 1, 10, 100, 3.62, 6000.00, 'Y', 'TRUE', 'Y', '\\N', '0000-00-00 00:00:00', '0000-00-00 00:00:00'),
	(7, 'BRG0007', 3, 'BJ', 'Bulat coklat kcl', 7, 7, 4, 5, 1, 10, 100, 2.53, 3500.00, 'Y', 'TRUE', 'Y', '\\N', '0000-00-00 00:00:00', '0000-00-00 00:00:00'),
	(8, 'BRG0008', 3, 'BJ', 'Burger sapi', 3, 3, 4, 5, 1, 10, 100, 6.04, 9000.00, 'Y', 'TRUE', 'Y', '\\N', '0000-00-00 00:00:00', '0000-00-00 00:00:00'),
	(9, 'BRG0009', 3, 'BJ', 'Burger ayam keju', 3, 3, 4, 5, 1, 10, 100, 8.64, 15000.00, 'Y', 'TRUE', 'Y', '\\N', '0000-00-00 00:00:00', '0000-00-00 00:00:00'),
	(10, 'BRG0010', 3, 'BJ', 'Burger sapi keju', 4, 4, 4, 5, 1, 10, 100, 7.07, 11000.00, 'Y', 'TRUE', 'Y', '\\N', '0000-00-00 00:00:00', '0000-00-00 00:00:00'),
	(11, 'BRG0011', 3, 'BJ', 'Black Burger keju', 1, 1, 4, 5, 1, 10, 100, 7.92, 13000.00, 'Y', 'TRUE', 'Y', 'rrtrt', '0000-00-00 00:00:00', '0000-00-00 00:00:00'),
	(12, 'BRG0012', 3, 'BJ', 'Black Burger ayam keju', 4, 4, 4, 5, 1, 10, 100, 9.39, 16000.00, '', 'TRUE', '', '', '0000-00-00 00:00:00', '0000-00-00 00:00:00'),
	(13, 'BRG0013', 3, 'BJ', 'Bulat keju', 4, 4, 4, 5, 1, 10, 100, 3.93, 7000.00, '', 'TRUE', '', '', '0000-00-00 00:00:00', '0000-00-00 00:00:00'),
	(14, 'BRG0014', 3, 'BJ', 'Bulat keju kcl', 4, 4, 4, 5, 1, 10, 100, 3.02, 4000.00, '', 'TRUE', '', '', '0000-00-00 00:00:00', '0000-00-00 00:00:00'),
	(15, 'BRG0015', 3, 'BJ', 'Bulat coklat/keju kcl', 4, 4, 4, 5, 1, 10, 100, 9.78, 14000.00, '', 'TRUE', '', '', '0000-00-00 00:00:00', '0000-00-00 00:00:00'),
	(16, 'BRG0016', 3, 'BJ', 'chocomaltine', 4, 4, 4, 5, 1, 10, 100, 4.64, 7500.00, '', 'TRUE', '', '', '0000-00-00 00:00:00', '0000-00-00 00:00:00'),
	(17, 'BRG0017', 3, 'BJ', 'Coklat', 4, 4, 4, 5, 1, 10, 100, 3.55, 6000.00, '', 'TRUE', '', '', '0000-00-00 00:00:00', '0000-00-00 00:00:00'),
	(18, 'BRG0018', 3, 'BJ', 'coklat 20gr', 4, 4, 4, 5, 1, 10, 100, 1.79, 2500.00, '', 'TRUE', '', '', '0000-00-00 00:00:00', '0000-00-00 00:00:00'),
	(19, 'BRG0019', 3, 'BJ', 'coklat 25gr', 4, 4, 4, 5, 1, 10, 100, 2.02, 3000.00, '', 'TRUE', '', '', '0000-00-00 00:00:00', '0000-00-00 00:00:00'),
	(20, 'BRG0020', 3, 'BJ', 'coklat 30gr', 4, 4, 4, 5, 1, 10, 100, 2.25, 3500.00, '', 'TRUE', '', '', '0000-00-00 00:00:00', '0000-00-00 00:00:00'),
	(21, 'BRG0021', 3, 'BJ', 'coklat 40gr', 4, 4, 4, 5, 1, 10, 100, 2.58, 4000.00, '', 'TRUE', '', '', '0000-00-00 00:00:00', '0000-00-00 00:00:00'),
	(22, 'BRG0022', 3, 'BJ', 'coklat 50gr', 4, 4, 4, 5, 1, 10, 100, 2.95, 5000.00, '', 'TRUE', '', '', '0000-00-00 00:00:00', '0000-00-00 00:00:00'),
	(23, 'BRG0023', 3, 'BJ', 'Coklat filling', 4, 4, 4, 5, 1, 10, 100, 4.35, 6000.00, '', 'TRUE', '', '', '0000-00-00 00:00:00', '0000-00-00 00:00:00'),
	(24, 'BRG0024', 3, 'BJ', 'Coklat keju', 4, 4, 4, 5, 1, 10, 100, 5.29, 7000.00, '', 'TRUE', '', '', '0000-00-00 00:00:00', '0000-00-00 00:00:00'),
	(25, 'BRG0025', 3, 'BJ', 'Coklat keju kcl', 4, 4, 4, 5, 1, 10, 100, 3.29, 4000.00, '', 'TRUE', '', '', '0000-00-00 00:00:00', '0000-00-00 00:00:00'),
	(26, 'BRG0026', 3, 'BJ', 'Coklat keju 50 gr', 4, 4, 4, 5, 1, 10, 100, 4.54, 6500.00, '', 'TRUE', '', '', '0000-00-00 00:00:00', '0000-00-00 00:00:00'),
	(27, 'BRG0027', 3, 'BJ', 'CKS (coklat keju susu)', 4, 4, 4, 5, 1, 10, 100, 4.49, 7500.00, '', 'TRUE', '', '', '0000-00-00 00:00:00', '0000-00-00 00:00:00'),
	(28, 'BRG0028', 3, 'BJ', 'Durian', 4, 4, 4, 5, 1, 10, 100, 3.75, 7000.00, '', 'TRUE', '', '', '0000-00-00 00:00:00', '0000-00-00 00:00:00'),
	(29, 'BRG0029', 3, 'BJ', 'Kacang', 4, 4, 4, 5, 1, 10, 100, 3.36, 6000.00, '', 'TRUE', '', '', '0000-00-00 00:00:00', '0000-00-00 00:00:00'),
	(30, 'BRG0030', 3, 'BJ', 'Keju', 4, 4, 4, 5, 1, 10, 100, 4.56, 7000.00, '', 'TRUE', '', '', '0000-00-00 00:00:00', '0000-00-00 00:00:00'),
	(31, 'BRG0031', 3, 'BJ', 'Hotdog', 4, 4, 4, 5, 1, 10, 100, 6.62, 9000.00, '', 'TRUE', '', '', '0000-00-00 00:00:00', '0000-00-00 00:00:00'),
	(32, 'BRG0032', 3, 'BJ', 'Hokaido', 4, 4, 4, 5, 1, 10, 100, 5.36, 10000.00, '', 'TRUE', '', '', '0000-00-00 00:00:00', '0000-00-00 00:00:00'),
	(33, 'BRG0033', 3, 'BJ', 'Kismis', 4, 4, 4, 5, 1, 10, 100, 3.28, 6000.00, '', 'TRUE', '', '', '0000-00-00 00:00:00', '0000-00-00 00:00:00'),
	(34, 'BRG0034', 3, 'BJ', 'Krenten', 4, 4, 4, 5, 1, 10, 100, 16.27, 19000.00, '', 'TRUE', '', '', '0000-00-00 00:00:00', '0000-00-00 00:00:00'),
	(35, 'BRG0035', 3, 'BJ', 'krenten Kcl', 4, 4, 4, 5, 1, 10, 100, 9.32, 13000.00, '', 'TRUE', '', '', '0000-00-00 00:00:00', '0000-00-00 00:00:00'),
	(36, 'BRG0036', 3, 'BJ', 'Krumpul', 4, 4, 4, 5, 1, 10, 100, 7.76, 10000.00, '', 'TRUE', '', '', '0000-00-00 00:00:00', '0000-00-00 00:00:00'),
	(37, 'BRG0037', 3, 'BJ', 'Krumpul persegi', 4, 4, 4, 5, 1, 10, 100, 5.42, 8000.00, '', 'TRUE', '', '', '0000-00-00 00:00:00', '0000-00-00 00:00:00'),
	(38, 'BRG0038', 3, 'BJ', 'Kura2', 4, 4, 4, 5, 1, 10, 100, 3.96, 7000.00, '', 'TRUE', '', '', '0000-00-00 00:00:00', '0000-00-00 00:00:00'),
	(39, 'BRG0039', 3, 'BJ', 'Nanas', 4, 4, 4, 5, 1, 10, 100, 4.10, 6000.00, '', 'TRUE', '', '', '0000-00-00 00:00:00', '0000-00-00 00:00:00'),
	(40, 'BRG0040', 3, 'BJ', 'Nanas kecil', 4, 4, 4, 5, 1, 10, 100, 2.68, 4000.00, '', 'TRUE', '', '', '0000-00-00 00:00:00', '0000-00-00 00:00:00'),
	(41, 'BRG0041', 3, 'BJ', 'Pandan', 4, 4, 4, 5, 1, 10, 100, 3.53, 6000.00, '', 'TRUE', '', '', '0000-00-00 00:00:00', '0000-00-00 00:00:00'),
	(42, 'BRG0042', 3, 'BJ', 'Pisang Bsr', 4, 4, 4, 5, 1, 10, 100, 4.59, 7000.00, '', 'TRUE', '', '', '0000-00-00 00:00:00', '0000-00-00 00:00:00'),
	(43, 'BRG0043', 3, 'BJ', 'Pisang 40 gr', 4, 4, 4, 5, 1, 10, 100, 4.01, 6000.00, '', 'TRUE', '', '', '0000-00-00 00:00:00', '0000-00-00 00:00:00'),
	(44, 'BRG0044', 3, 'BJ', 'Pisang cream vanila', 4, 4, 4, 5, 1, 10, 100, 5.61, 7000.00, '', 'TRUE', '', '', '0000-00-00 00:00:00', '0000-00-00 00:00:00'),
	(45, 'BRG0045', 3, 'BJ', 'Pisang kcl', 4, 4, 4, 5, 1, 10, 100, 2.66, 4000.00, '', 'TRUE', '', '', '0000-00-00 00:00:00', '0000-00-00 00:00:00'),
	(46, 'BRG0046', 3, 'BJ', 'Pisang kcl3', 4, 4, 4, 5, 1, 10, 100, 7.04, 10000.00, '', 'TRUE', '', '', '0000-00-00 00:00:00', '0000-00-00 00:00:00'),
	(47, 'BRG0047', 3, 'BJ', 'Pisang coklat', 4, 4, 4, 5, 1, 10, 100, 5.15, 7000.00, '', 'TRUE', '', '', '0000-00-00 00:00:00', '0000-00-00 00:00:00'),
	(48, 'BRG0048', 3, 'BJ', 'Pisang coklat 50gr', 4, 4, 4, 5, 1, 10, 100, 5.05, 6000.00, '', 'TRUE', '', '', '0000-00-00 00:00:00', '0000-00-00 00:00:00'),
	(49, 'BRG0049', 3, 'BJ', 'Pisang coklat 40gr', 4, 4, 4, 5, 1, 10, 100, 3.65, 5500.00, '', 'TRUE', '', '', '0000-00-00 00:00:00', '0000-00-00 00:00:00'),
	(50, 'BRG0050', 3, 'BJ', 'Pisang coklat kcl', 4, 4, 4, 5, 1, 10, 100, 3.41, 4500.00, '', 'TRUE', '', '', '0000-00-00 00:00:00', '0000-00-00 00:00:00'),
	(51, 'BRG0051', 3, 'BJ', 'Pisang keju', 4, 4, 4, 5, 1, 10, 100, 5.22, 7000.00, '', 'TRUE', '', '', '0000-00-00 00:00:00', '0000-00-00 00:00:00'),
	(52, 'BRG0052', 3, 'BJ', 'Pisang keju kcl', 4, 4, 4, 5, 1, 10, 100, 3.65, 4500.00, '', 'TRUE', '', '', '0000-00-00 00:00:00', '0000-00-00 00:00:00'),
	(53, 'BRG0053', 3, 'BJ', 'Pisang pkk3', 4, 4, 4, 5, 1, 10, 100, 8.14, 11000.00, '', 'TRUE', '', '', '0000-00-00 00:00:00', '0000-00-00 00:00:00'),
	(54, 'BRG0054', 3, 'BJ', 'Pizza', 4, 4, 4, 5, 1, 10, 100, 6.31, 9000.00, '', 'TRUE', '', '', '0000-00-00 00:00:00', '0000-00-00 00:00:00'),
	(55, 'BRG0055', 3, 'BJ', 'Pizza kcl', 4, 4, 4, 5, 1, 10, 100, 4.93, 6000.00, '', 'TRUE', '', '', '0000-00-00 00:00:00', '0000-00-00 00:00:00'),
	(56, 'BRG0056', 3, 'BJ', 'Potato flakes', 4, 4, 4, 5, 1, 10, 100, 4.75, 7000.00, '', 'TRUE', '', '', '0000-00-00 00:00:00', '0000-00-00 00:00:00'),
	(57, 'BRG0057', 3, 'BJ', 'Sobek 5 Rasa', 4, 4, 4, 5, 1, 10, 100, 12.62, 15000.00, '', 'TRUE', '', '', '0000-00-00 00:00:00', '0000-00-00 00:00:00'),
	(58, 'BRG0058', 3, 'BJ', 'Softbund', 4, 4, 4, 5, 1, 10, 100, 7.16, 10000.00, '', 'TRUE', '', '', '0000-00-00 00:00:00', '0000-00-00 00:00:00'),
	(59, 'BRG0059', 3, 'BJ', 'Sobek coklat K', 4, 4, 4, 5, 1, 10, 100, 8.64, 12000.00, '', 'TRUE', '', '', '0000-00-00 00:00:00', '0000-00-00 00:00:00'),
	(60, 'BRG0060', 3, 'BJ', 'Sobek coklat B', 4, 4, 4, 5, 1, 10, 100, 12.52, 14000.00, '', 'TRUE', '', '', '0000-00-00 00:00:00', '0000-00-00 00:00:00'),
	(61, 'BRG0061', 3, 'BJ', 'Sobek coklat keju', 4, 4, 4, 5, 1, 10, 100, 13.57, 16000.00, '', 'TRUE', '', '', '0000-00-00 00:00:00', '0000-00-00 00:00:00'),
	(62, 'BRG0062', 3, 'BJ', 'Sapi', 4, 4, 4, 5, 1, 10, 100, 5.34, 8000.00, '', 'TRUE', '', '', '0000-00-00 00:00:00', '0000-00-00 00:00:00'),
	(63, 'BRG0063', 3, 'BJ', 'Sapi 40gr', 4, 4, 4, 5, 1, 10, 100, 4.02, 7000.00, '', 'TRUE', '', '', '0000-00-00 00:00:00', '0000-00-00 00:00:00'),
	(64, 'BRG0064', 3, 'BJ', 'Sapi 30gr', 4, 4, 4, 5, 1, 10, 100, 3.40, 6000.00, '', 'TRUE', '', '', '0000-00-00 00:00:00', '0000-00-00 00:00:00'),
	(65, 'BRG0065', 3, 'BJ', 'Sarikaya pandan', 4, 4, 4, 5, 1, 10, 100, 4.18, 7000.00, '', 'TRUE', '', '', '0000-00-00 00:00:00', '0000-00-00 00:00:00'),
	(66, 'BRG0066', 3, 'BJ', 'Sisir', 4, 4, 4, 5, 1, 10, 100, 8.57, 11000.00, '', 'TRUE', '', '', '0000-00-00 00:00:00', '0000-00-00 00:00:00'),
	(67, 'BRG0067', 3, 'BJ', 'Sisir putih', 4, 4, 4, 5, 1, 10, 100, 10.72, 14000.00, '', 'TRUE', '', '', '0000-00-00 00:00:00', '0000-00-00 00:00:00'),
	(68, 'BRG0068', 3, 'BJ', 'Sisir mini blue band', 4, 4, 4, 5, 1, 10, 100, 5.80, 7000.00, '', 'TRUE', '', '', '0000-00-00 00:00:00', '0000-00-00 00:00:00'),
	(69, 'BRG0069', 3, 'BJ', 'Sobek keju', 4, 4, 4, 5, 1, 10, 100, 16.92, 20000.00, '', 'TRUE', '', '', '0000-00-00 00:00:00', '0000-00-00 00:00:00'),
	(70, 'BRG0070', 3, 'BJ', 'Sobek kacang', 4, 4, 4, 5, 1, 10, 100, 8.13, 12000.00, '', 'TRUE', '', '', '0000-00-00 00:00:00', '0000-00-00 00:00:00'),
	(71, 'BRG0071', 3, 'BJ', 'Sobek kismis', 4, 4, 4, 5, 1, 10, 100, 13.41, 14000.00, '', 'TRUE', '', '', '0000-00-00 00:00:00', '0000-00-00 00:00:00'),
	(72, 'BRG0072', 3, 'BJ', 'Sobek nanas', 4, 4, 4, 5, 1, 10, 100, 11.30, 13000.00, '', 'TRUE', '', '', '0000-00-00 00:00:00', '0000-00-00 00:00:00'),
	(73, 'BRG0073', 3, 'BTPN', 'Sobek pisang', 4, 4, 4, 5, 1, 10, 100, 11.05, 14000.00, '', 'TRUE', '', '', '0000-00-00 00:00:00', '0000-00-00 00:00:00'),
	(74, 'BRG0074', 3, 'BJ', 'Sobek susu', 4, 4, 4, 5, 1, 10, 100, 10.34, 12000.00, '', 'TRUE', '', '', '0000-00-00 00:00:00', '0000-00-00 00:00:00'),
	(75, 'BRG0075', 3, 'BJ', 'Sosis top abon', 4, 4, 4, 5, 1, 10, 100, 5.22, 8000.00, '', 'TRUE', '', '', '0000-00-00 00:00:00', '0000-00-00 00:00:00'),
	(76, 'BRG0076', 3, 'BJ', 'Strawberry', 4, 4, 4, 5, 1, 10, 100, 3.40, 6000.00, '', 'TRUE', '', '', '0000-00-00 00:00:00', '0000-00-00 00:00:00'),
	(77, 'BRG0077', 3, 'BJ', 'Susu', 4, 4, 4, 5, 1, 10, 100, 4.13, 6000.00, '', 'TRUE', '', '', '0000-00-00 00:00:00', '0000-00-00 00:00:00'),
	(78, 'BRG0078', 3, 'BJ', 'Toping cream', 4, 4, 4, 5, 1, 10, 100, 3.19, 6000.00, '', 'TRUE', '', '', '0000-00-00 00:00:00', '0000-00-00 00:00:00'),
	(79, 'BRG0079', 3, 'BJ', 'Toping mocca', 4, 4, 4, 5, 1, 10, 100, 4.48, 7000.00, '', 'TRUE', '', '', '0000-00-00 00:00:00', '0000-00-00 00:00:00'),
	(80, 'BRG0080', 3, 'BJ', 'Toping coklat', 4, 4, 4, 5, 1, 10, 100, 4.63, 7000.00, '', 'TRUE', '', '', '0000-00-00 00:00:00', '0000-00-00 00:00:00'),
	(81, 'BRG0081', 3, 'BJ', 'Toping vanila kacang', 4, 4, 4, 5, 1, 10, 100, 3.25, 6000.00, '', 'TRUE', '', '', '0000-00-00 00:00:00', '0000-00-00 00:00:00'),
	(82, 'BRG0082', 3, 'BJ', 'Rasberry', 4, 4, 4, 5, 1, 10, 100, 4.80, 7000.00, '', 'TRUE', '', '', '0000-00-00 00:00:00', '0000-00-00 00:00:00'),
	(83, 'BRG0083', 3, 'BJ', 'Unyil', 4, 4, 4, 5, 1, 10, 100, 6.24, 8000.00, '', 'TRUE', '', '', '0000-00-00 00:00:00', '0000-00-00 00:00:00'),
	(84, 'BRG0084', 3, 'BJ', 'Unyil biji', 4, 4, 4, 5, 1, 10, 100, 1.12, 2000.00, '', 'TRUE', '', '', '0000-00-00 00:00:00', '0000-00-00 00:00:00'),
	(85, 'BRG0085', 3, 'BJ', 'Roti semir 50 gr', 4, 4, 4, 5, 1, 10, 100, 2.57, 4000.00, '', 'TRUE', '', '', '0000-00-00 00:00:00', '0000-00-00 00:00:00'),
	(86, 'BRG0086', 3, 'BJ', 'Roti semir 60 gr', 4, 4, 4, 5, 1, 10, 100, 3.07, 6000.00, '', 'TRUE', '', '', '0000-00-00 00:00:00', '0000-00-00 00:00:00'),
	(87, 'BRG0087', 3, 'BJ', 'Roti semir', 4, 4, 4, 5, 1, 10, 100, 1.89, 2300.00, '', 'TRUE', '', '', '0000-00-00 00:00:00', '0000-00-00 00:00:00'),
	(88, 'BRG0088', 3, 'BJ', 'Smr mentega10', 4, 4, 4, 5, 1, 10, 100, 16.73, 25000.00, '', 'TRUE', '', '', '0000-00-00 00:00:00', '0000-00-00 00:00:00'),
	(89, 'BRG0089', 3, 'BJ', 'Smr meses 10', 4, 4, 4, 5, 1, 10, 100, 17.19, 25000.00, '', 'TRUE', '', '', '0000-00-00 00:00:00', '0000-00-00 00:00:00'),
	(90, 'BRG0090', 3, 'BJ', 'Smr coklat 10', 4, 4, 4, 5, 1, 10, 100, 17.01, 25000.00, '', 'TRUE', '', '', '0000-00-00 00:00:00', '0000-00-00 00:00:00'),
	(91, 'BRG0091', 3, 'BJ', 'Smr moka 10', 4, 4, 4, 5, 1, 10, 100, 17.01, 25000.00, '', 'TRUE', '', '', '0000-00-00 00:00:00', '0000-00-00 00:00:00'),
	(92, 'BRG0092', 3, 'BJ', 'Smr 4 Rasa 10', 4, 4, 4, 5, 1, 10, 100, 17.01, 25000.00, '', 'TRUE', '', '', '0000-00-00 00:00:00', '0000-00-00 00:00:00'),
	(93, 'BRG0093', 3, 'BJ', 'Smr straw10', 4, 4, 4, 5, 1, 10, 100, 20.20, 27000.00, '', 'TRUE', '', '', '0000-00-00 00:00:00', '0000-00-00 00:00:00'),
	(94, 'BRG0094', 3, 'BJ', 'Smr mentega5', 4, 4, 4, 5, 1, 10, 100, 8.42, 12000.00, '', 'TRUE', '', '', '0000-00-00 00:00:00', '0000-00-00 00:00:00'),
	(95, 'BRG0095', 3, 'BJ', 'Smr meses 5', 4, 4, 4, 5, 1, 10, 100, 8.59, 12000.00, '', 'TRUE', '', '', '0000-00-00 00:00:00', '0000-00-00 00:00:00'),
	(96, 'BRG0096', 3, 'BJ', 'Smr coklat 5', 4, 4, 4, 5, 1, 10, 100, 8.59, 12000.00, '', 'TRUE', '', '', '0000-00-00 00:00:00', '0000-00-00 00:00:00'),
	(97, 'BRG0097', 3, 'BJ', 'Smr moka 5', 4, 4, 4, 5, 1, 10, 100, 8.59, 12000.00, '', 'TRUE', '', '', '0000-00-00 00:00:00', '0000-00-00 00:00:00'),
	(98, 'BRG0098', 3, 'BJ', 'Smr 4 Rasa 5', 4, 4, 4, 5, 1, 10, 100, 8.59, 12000.00, '', 'TRUE', '', '', '0000-00-00 00:00:00', '0000-00-00 00:00:00'),
	(99, 'BRG0099', 3, 'BJ', 'Smr straw 5', 4, 4, 4, 5, 1, 10, 100, 10.25, 15000.00, '', 'TRUE', '', '', '0000-00-00 00:00:00', '0000-00-00 00:00:00'),
	(100, 'BRG0100', 3, 'BJ', 'Smr straw bijian', 4, 4, 4, 5, 1, 10, 100, 2.05, 2700.00, '', 'TRUE', '', '', '0000-00-00 00:00:00', '0000-00-00 00:00:00'),
	(101, 'BRG0101', 3, 'BJ', 'Smr ksg10', 4, 4, 4, 5, 1, 10, 100, 13.18, 20000.00, '', 'TRUE', '', '', '0000-00-00 00:00:00', '0000-00-00 00:00:00'),
	(102, 'BRG0102', 3, 'BJ', 'Smr ksg5', 4, 4, 4, 5, 1, 10, 100, 6.91, 11000.00, '', 'TRUE', '', '', '0000-00-00 00:00:00', '0000-00-00 00:00:00'),
	(103, 'BRG0103', 3, 'BJ', 'Smr ksg bj', 4, 4, 4, 5, 1, 10, 100, 1.35, 2000.00, '', 'TRUE', '', '', '0000-00-00 00:00:00', '0000-00-00 00:00:00'),
	(104, 'BRG0104', 3, 'BJ', 'Bread potato 75gr', 4, 4, 4, 5, 1, 10, 100, 4.77, 7000.00, '', 'TRUE', '', '', '0000-00-00 00:00:00', '0000-00-00 00:00:00'),
	(105, 'BRG0105', 3, 'BJ', 'softbund potato', 4, 4, 4, 5, 1, 10, 100, 7.96, 11000.00, '', 'TRUE', '', '', '0000-00-00 00:00:00', '0000-00-00 00:00:00'),
	(106, 'BRG0106', 3, 'BJ', 'softbund potato + dus', 4, 4, 4, 5, 1, 10, 100, 10.18, 13000.00, '', 'TRUE', '', '', '0000-00-00 00:00:00', '0000-00-00 00:00:00'),
	(107, 'BRG0107', 3, 'BJ', 'Tawar gandum', 4, 4, 4, 5, 1, 10, 100, 10.00, 14000.00, '', 'TRUE', '', '', '0000-00-00 00:00:00', '0000-00-00 00:00:00'),
	(108, 'BRG0108', 3, 'BJ', 'Tawar kasino', 4, 4, 4, 5, 1, 10, 100, 9.01, 12000.00, '', 'TRUE', '', '', '0000-00-00 00:00:00', '0000-00-00 00:00:00'),
	(109, 'BRG0109', 3, 'BJ', 'Tawar kasino kismis', 4, 4, 4, 5, 1, 10, 100, 12.60, 14000.00, '', 'TRUE', '', '', '0000-00-00 00:00:00', '0000-00-00 00:00:00'),
	(110, 'BRG0110', 3, 'BJ', 'Tawar tabung', 4, 4, 4, 5, 1, 10, 100, 7.46, 11000.00, '', 'TRUE', '', '', '0000-00-00 00:00:00', '0000-00-00 00:00:00'),
	(111, 'BRG0111', 3, 'BJ', 'Tawar sandwich', 4, 4, 4, 5, 1, 10, 100, 8.77, 12000.00, '', 'TRUE', '', '', '0000-00-00 00:00:00', '0000-00-00 00:00:00'),
	(112, 'BRG0112', 3, 'BJ', 'Tawar meses', 4, 4, 4, 5, 1, 10, 100, 3.49, 5000.00, '', 'TRUE', '', '', '0000-00-00 00:00:00', '0000-00-00 00:00:00'),
	(113, 'BRG0113', 3, 'BJ', 'Tawar straw', 4, 4, 4, 5, 1, 10, 100, 2.95, 4000.00, '', 'TRUE', '', '', '0000-00-00 00:00:00', '0000-00-00 00:00:00'),
	(114, 'BRG0114', 3, 'BJ', 'Tawar press straw', 4, 4, 4, 5, 1, 10, 100, 2.93, 4000.00, '', 'TRUE', '', '', '0000-00-00 00:00:00', '0000-00-00 00:00:00'),
	(115, 'BRG0115', 3, 'BJ', 'Tawar press meses', 4, 4, 4, 5, 1, 10, 100, 3.49, 5000.00, '', 'TRUE', '', '', '0000-00-00 00:00:00', '0000-00-00 00:00:00'),
	(116, 'BRG0116', 3, 'BJ', 'tawar kismis', 4, 4, 4, 5, 1, 10, 100, 3.81, 5000.00, '', 'TRUE', '', '', '0000-00-00 00:00:00', '0000-00-00 00:00:00'),
	(117, 'BRG0117', 3, 'BJ', 'burger tawar 70 gr', 4, 4, 4, 5, 1, 10, 100, 1.49, 2500.00, '', 'TRUE', '', '', '0000-00-00 00:00:00', '0000-00-00 00:00:00'),
	(118, 'BRG0118', 3, 'BJ', 'Kacang', 4, 4, 4, 5, 1, 10, 100, 3.32, 6000.00, '', 'TRUE', '', '', '0000-00-00 00:00:00', '0000-00-00 00:00:00'),
	(119, 'BRG0119', 3, 'BJ', 'Berry melon', 4, 4, 4, 5, 1, 10, 100, 3.50, 6000.00, '', 'TRUE', '', '', '0000-00-00 00:00:00', '0000-00-00 00:00:00'),
	(120, 'BRG0120', 3, 'BJ', 'Berry melon straw', 4, 4, 4, 5, 1, 10, 100, 4.15, 7000.00, '', 'TRUE', '', '', '0000-00-00 00:00:00', '0000-00-00 00:00:00'),
	(121, 'BRG0121', 3, 'BJ', 'Cream moca', 4, 4, 4, 5, 1, 10, 100, 3.50, 6000.00, '', 'TRUE', '', '', '0000-00-00 00:00:00', '0000-00-00 00:00:00'),
	(122, 'BRG0122', 3, 'BJ', 'Sosis keju', 4, 4, 4, 5, 1, 10, 100, 6.47, 9000.00, '', 'TRUE', '', '', '0000-00-00 00:00:00', '0000-00-00 00:00:00'),
	(123, 'BRG0123', 3, 'BJ', 'Toping kelapa', 4, 4, 4, 5, 1, 10, 100, 3.44, 6000.00, '', 'TRUE', '', '', '0000-00-00 00:00:00', '0000-00-00 00:00:00'),
	(124, 'BRG0124', 3, 'BJ', 'Toping kelapa atas', 4, 4, 4, 5, 1, 10, 100, 3.89, 6000.00, '', 'TRUE', '', '', '0000-00-00 00:00:00', '0000-00-00 00:00:00'),
	(125, 'BRG0125', 3, 'BJ', 'Toping almond', 4, 4, 4, 5, 1, 10, 100, 8.54, 14000.00, '', 'TRUE', '', '', '0000-00-00 00:00:00', '0000-00-00 00:00:00'),
	(126, 'BRG0126', 3, 'BJ', 'Coklat top pastry', 4, 4, 4, 5, 1, 10, 100, 3.88, 7000.00, '', 'TRUE', '', '', '0000-00-00 00:00:00', '0000-00-00 00:00:00'),
	(127, 'BRG0127', 3, 'BJ', 'Sapi top pastry', 4, 4, 4, 5, 1, 10, 100, 5.43, 8000.00, '', 'TRUE', '', '', '0000-00-00 00:00:00', '0000-00-00 00:00:00'),
	(128, 'BRG0128', 3, 'BJ', 'Smoked beef', 4, 4, 4, 5, 1, 10, 100, 5.75, 9000.00, '', 'TRUE', '', '', '0000-00-00 00:00:00', '0000-00-00 00:00:00'),
	(129, 'BRG0129', 3, 'BJ', 'Rica tuna', 4, 4, 4, 5, 1, 10, 100, 5.40, 9000.00, '', 'TRUE', '', '', '0000-00-00 00:00:00', '0000-00-00 00:00:00'),
	(130, 'BRG0130', 3, 'BJ', 'Kismis', 4, 4, 4, 5, 1, 10, 100, 3.50, 6000.00, '', 'TRUE', '', '', '0000-00-00 00:00:00', '0000-00-00 00:00:00'),
	(131, 'BRG0131', 3, 'BJ', 'Roll abon sapi', 4, 4, 4, 5, 1, 10, 100, 6.48, 8000.00, '', 'TRUE', '', '', '0000-00-00 00:00:00', '0000-00-00 00:00:00'),
	(132, 'BRG0132', 3, 'BJ', 'Roll abon 8s', 4, 4, 4, 5, 1, 10, 100, 44.20, 64000.00, '', 'TRUE', '', '', '0000-00-00 00:00:00', '0000-00-00 00:00:00'),
	(133, 'BRG0133', 3, 'BJ', 'Roll keju', 4, 4, 4, 5, 1, 10, 100, 3.59, 7000.00, '', 'TRUE', '', '', '0000-00-00 00:00:00', '0000-00-00 00:00:00'),
	(134, 'BRG0134', 3, 'BJ', 'Roll keju 8s', 4, 4, 4, 5, 1, 10, 100, 27.00, 56000.00, '', 'TRUE', '', '', '0000-00-00 00:00:00', '0000-00-00 00:00:00'),
	(135, 'BRG0135', 3, 'BJ', 'Roll abon tuna', 4, 4, 4, 5, 1, 10, 100, 5.26, 7000.00, '', 'TRUE', '', '', '0000-00-00 00:00:00', '0000-00-00 00:00:00'),
	(136, 'BRG0136', 3, 'BJ', 'Roll abon tuna 8s', 4, 4, 4, 5, 1, 10, 100, 39.77, 56000.00, '', 'TRUE', '', '', '0000-00-00 00:00:00', '0000-00-00 00:00:00'),
	(137, 'BRG0137', 3, 'BJ', 'Cheese stick', 4, 4, 4, 5, 1, 10, 100, 7.64, 10000.00, '', 'TRUE', '', '', '0000-00-00 00:00:00', '0000-00-00 00:00:00'),
	(138, 'BRG0138', 3, 'BJ', 'keju filling', 4, 4, 4, 5, 1, 10, 100, 3.75, 7000.00, '', 'TRUE', '', '', '0000-00-00 00:00:00', '0000-00-00 00:00:00'),
	(139, 'BRG0139', 3, 'BJ', 'blueberry', 4, 4, 4, 5, 1, 10, 100, 3.35, 6000.00, '', 'TRUE', '', '', '0000-00-00 00:00:00', '0000-00-00 00:00:00'),
	(140, 'BRG0140', 3, 'BJ', 'cremvil banana', 4, 4, 4, 5, 1, 10, 100, 3.30, 6000.00, '', 'TRUE', '', '', '0000-00-00 00:00:00', '0000-00-00 00:00:00'),
	(141, 'BRG0141', 3, 'BJ', 'Hokaido coklat', 4, 4, 4, 5, 1, 10, 100, 8.56, 14000.00, '', 'TRUE', '', '', '0000-00-00 00:00:00', '0000-00-00 00:00:00'),
	(142, 'BRG0142', 3, 'BJ', 'Domino bread', 4, 4, 4, 5, 1, 10, 100, 14.07, 16000.00, '', 'TRUE', '', '', '0000-00-00 00:00:00', '0000-00-00 00:00:00'),
	(143, 'BRG0143', 3, 'BJ', 'Bun pisang coklat', 4, 4, 4, 5, 1, 10, 100, 17.08, 24000.00, '', 'TRUE', '', '', '0000-00-00 00:00:00', '0000-00-00 00:00:00'),
	(144, 'BRG0144', 3, 'BJ', 'bun 6 rasa', 4, 4, 4, 5, 1, 10, 100, 17.08, 24000.00, '', 'TRUE', '', '', '0000-00-00 00:00:00', '0000-00-00 00:00:00'),
	(145, 'BRG0145', 3, 'BJ', 'Sobek pisang coklat', 4, 4, 4, 5, 1, 10, 100, 12.08, 16000.00, '', 'TRUE', '', '', '0000-00-00 00:00:00', '0000-00-00 00:00:00'),
	(146, 'BRG0146', 3, 'BJ', 'Bun pisang coklat', 4, 4, 4, 5, 1, 10, 100, 4.68, 7000.00, '', 'TRUE', '', '', '0000-00-00 00:00:00', '0000-00-00 00:00:00'),
	(147, 'BRG0147', 3, 'BJ', 'Sobek pisang coklat mika', 4, 4, 4, 5, 1, 10, 100, 18.35, 24000.00, '', 'TRUE', '', '', '0000-00-00 00:00:00', '0000-00-00 00:00:00'),
	(148, 'BRG0148', 3, 'BJ', 'Croissant coklat', 4, 4, 4, 5, 1, 10, 100, 3.37, 5000.00, '', 'TRUE', '', '', '0000-00-00 00:00:00', '0000-00-00 00:00:00'),
	(149, 'BRG0149', 3, 'BJ', 'Croissant pisang', 4, 4, 4, 5, 1, 10, 100, 3.58, 5000.00, '', 'TRUE', '', '', '0000-00-00 00:00:00', '0000-00-00 00:00:00'),
	(150, 'BRG0150', 3, 'BJ', 'Croissant keju', 4, 4, 4, 5, 1, 10, 100, 3.54, 6000.00, '', 'TRUE', '', '', '0000-00-00 00:00:00', '0000-00-00 00:00:00'),
	(151, 'BRG0151', 3, 'BJ', 'Croissant keju coklat ', 4, 4, 4, 5, 1, 10, 100, 3.74, 6000.00, '', 'TRUE', '', '', '0000-00-00 00:00:00', '0000-00-00 00:00:00'),
	(152, 'BRG0152', 3, 'BJ', 'Croissant keju panjang', 4, 4, 4, 5, 1, 10, 100, 3.54, 6000.00, '', 'TRUE', '', '', '0000-00-00 00:00:00', '0000-00-00 00:00:00'),
	(153, 'BRG0153', 3, 'BJ', 'Croissant crumble', 4, 4, 4, 5, 1, 10, 100, 3.25, 5000.00, '', 'TRUE', '', '', '0000-00-00 00:00:00', '0000-00-00 00:00:00'),
	(154, 'BRG0154', 3, 'BJ', 'Pastry sapi', 4, 4, 4, 5, 1, 10, 100, 5.14, 7000.00, '', 'TRUE', '', '', '0000-00-00 00:00:00', '0000-00-00 00:00:00'),
	(155, 'BRG0155', 3, 'BJ', 'Pear pastry', 4, 4, 4, 5, 1, 10, 100, 2.88, 6000.00, '', 'TRUE', '', '', '0000-00-00 00:00:00', '0000-00-00 00:00:00'),
	(156, 'BRG0156', 6, 'BP', 'Apple pastry', 4, 4, 4, 5, 1, 10, 100, 2.87, 6000.00, '', 'TRUE', '', '', '0000-00-00 00:00:00', '0000-00-00 00:00:00'),
	(157, 'BRG0157', 6, 'BP', 'Apple kismis pastry', 4, 4, 4, 5, 1, 10, 100, 2.88, 6000.00, '', 'TRUE', '', '', '0000-00-00 00:00:00', '0000-00-00 00:00:00'),
	(158, 'BRG0158', 3, 'BJ', 'Pastry isi kacang', 4, 4, 4, 5, 1, 10, 100, 3.20, 5000.00, '', 'TRUE', '', '', '0000-00-00 00:00:00', '0000-00-00 00:00:00'),
	(159, 'BRG0159', 3, 'BJ', 'Pastry isi coklat', 4, 4, 4, 5, 1, 10, 100, 2.87, 5000.00, '', 'TRUE', '', '', '0000-00-00 00:00:00', '0000-00-00 00:00:00'),
	(160, 'BRG0160', 3, 'BJ', 'Danish kismis pastry', 4, 4, 4, 5, 1, 10, 100, 3.29, 5000.00, '', 'TRUE', '', '', '0000-00-00 00:00:00', '0000-00-00 00:00:00'),
	(161, 'BRG0161', 3, 'BJ', 'Pastry isi nanas', 4, 4, 4, 5, 1, 10, 100, 3.26, 5000.00, '', 'TRUE', '', '', '0000-00-00 00:00:00', '0000-00-00 00:00:00'),
	(162, 'BRG0162', 3, 'BJ', 'pastry pisang coklat', 4, 4, 4, 5, 1, 10, 100, 3.32, 5000.00, '', 'TRUE', '', '', '0000-00-00 00:00:00', '0000-00-00 00:00:00'),
	(163, 'BRG0163', 6, 'BP', 'almond dannis', 4, 4, 4, 5, 1, 10, 100, 4.11, 6000.00, '', 'TRUE', '', '', '0000-00-00 00:00:00', '0000-00-00 00:00:00'),
	(164, 'BRG0164', 3, 'BJ', 'pastry abon', 4, 4, 4, 5, 1, 10, 100, 4.03, 7000.00, '', 'TRUE', '', '', '0000-00-00 00:00:00', '0000-00-00 00:00:00'),
	(165, 'BRG0165', 3, 'BJ', 'Pie bulan sabit', 4, 4, 4, 5, 1, 10, 100, 5.19, 8000.00, '', 'TRUE', '', '', '0000-00-00 00:00:00', '0000-00-00 00:00:00'),
	(166, 'BRG0166', 3, 'BJ', 'Pie nanas', 4, 4, 4, 5, 1, 10, 100, 3.30, 4000.00, '', 'TRUE', '', '', '0000-00-00 00:00:00', '0000-00-00 00:00:00'),
	(167, 'BRG0167', 3, 'BJ', 'Pie nanas box 6s', 4, 4, 4, 5, 1, 10, 100, 16.57, 24000.00, '', 'TRUE', '', '', '0000-00-00 00:00:00', '0000-00-00 00:00:00'),
	(168, 'BRG0168', 3, 'BJ', 'Pie pisang coklat', 4, 4, 4, 5, 1, 10, 100, 2.59, 4000.00, '', 'TRUE', '', '', '0000-00-00 00:00:00', '0000-00-00 00:00:00'),
	(169, 'BRG0169', 3, 'BJ', 'Pie pisang coklat box 6s', 4, 4, 4, 5, 1, 10, 100, 17.34, 24000.00, '', 'TRUE', '', '', '0000-00-00 00:00:00', '0000-00-00 00:00:00'),
	(170, 'BRG0170', 3, 'BJ', 'Cum cum', 4, 4, 4, 5, 1, 10, 100, 2.80, 4000.00, '', 'TRUE', '', '', '0000-00-00 00:00:00', '0000-00-00 00:00:00'),
	(171, 'BRG0171', 3, 'BJ', 'pie brownies', 4, 4, 4, 5, 1, 10, 100, 2.24, 4000.00, '', 'TRUE', '', '', '0000-00-00 00:00:00', '0000-00-00 00:00:00'),
	(172, 'BRG0172', 3, 'BJ', 'pie brownies box 6s', 4, 4, 4, 5, 1, 10, 100, 16.23, 24000.00, '', 'TRUE', '', '', '0000-00-00 00:00:00', '0000-00-00 00:00:00'),
	(173, 'BRG0173', 3, 'BJ', 'pie brownies chefmate', 4, 4, 4, 5, 1, 10, 100, 2.76, 4000.00, '', 'TRUE', '', '', '0000-00-00 00:00:00', '0000-00-00 00:00:00'),
	(174, 'BRG0174', 3, 'BJ', 'Napoleon', 4, 4, 4, 5, 1, 10, 100, 31.26, 50000.00, '', 'TRUE', '', '', '0000-00-00 00:00:00', '0000-00-00 00:00:00'),
	(175, 'BRG0175', 3, 'BJ', 'Bolen bijian', 4, 4, 4, 5, 1, 10, 100, 2.31, 3000.00, '', 'TRUE', '', '', '0000-00-00 00:00:00', '0000-00-00 00:00:00'),
	(176, 'BRG0176', 3, 'BJ', 'Bolen bijian mika', 4, 4, 4, 5, 1, 10, 100, 2.31, 3200.00, '', 'TRUE', '', '', '0000-00-00 00:00:00', '0000-00-00 00:00:00'),
	(177, 'BRG0177', 3, 'BJ', 'Bolen pack 6', 4, 4, 4, 5, 1, 10, 100, 13.33, 17000.00, '', 'TRUE', '', '', '0000-00-00 00:00:00', '0000-00-00 00:00:00'),
	(178, 'BRG0178', 3, 'BJ', 'Bolen pack 10', 4, 4, 4, 5, 1, 10, 100, 21.25, 28000.00, '', 'TRUE', '', '', '0000-00-00 00:00:00', '0000-00-00 00:00:00'),
	(179, 'BRG0179', 3, 'BJ', 'Bolen bj pisnas', 4, 4, 4, 5, 1, 10, 100, 3.00, 4000.00, '', 'TRUE', '', '', '0000-00-00 00:00:00', '0000-00-00 00:00:00'),
	(180, 'BRG0180', 3, 'BJ', 'Bolen pack 6 pisnas', 4, 4, 4, 5, 1, 10, 100, 16.00, 24000.00, '', 'TRUE', '', '', '0000-00-00 00:00:00', '0000-00-00 00:00:00'),
	(181, 'BRG0181', 3, 'BJ', 'Bolen bj tape keju', 4, 4, 4, 5, 1, 10, 100, 2.50, 3500.00, '', 'TRUE', '', '', '0000-00-00 00:00:00', '0000-00-00 00:00:00'),
	(182, 'BRG0182', 3, 'BJ', 'Bolen pack 6 tape keju', 4, 4, 4, 5, 1, 10, 100, 15.00, 21000.00, '', 'TRUE', '', '', '0000-00-00 00:00:00', '0000-00-00 00:00:00'),
	(183, 'BRG0183', 3, 'BJ', 'Bolen bj durian', 4, 4, 4, 5, 1, 10, 100, 3.30, 4500.00, '', 'TRUE', '', '', '0000-00-00 00:00:00', '0000-00-00 00:00:00'),
	(184, 'BRG0184', 3, 'BJ', 'Bolen pack 6 durian', 4, 4, 4, 5, 1, 10, 100, 19.00, 27000.00, '', 'TRUE', '', '', '0000-00-00 00:00:00', '0000-00-00 00:00:00'),
	(185, 'BRG0185', 3, 'BJ', 'Donat', 4, 4, 4, 5, 1, 10, 100, 2.25, 3500.00, '', 'TRUE', '', '', '0000-00-00 00:00:00', '0000-00-00 00:00:00'),
	(186, 'BRG0186', 3, 'BJ', 'Donat gula', 4, 4, 4, 5, 1, 10, 100, 2.52, 4000.00, '', 'TRUE', '', '', '0000-00-00 00:00:00', '0000-00-00 00:00:00'),
	(187, 'BRG0187', 3, 'BJ', 'Donat meses', 4, 4, 4, 5, 1, 10, 100, 2.75, 4000.00, '', 'TRUE', '', '', '0000-00-00 00:00:00', '0000-00-00 00:00:00'),
	(188, 'BRG0188', 3, 'BJ', 'Donat mika ms', 4, 4, 4, 5, 1, 10, 100, 7.81, 9000.00, '', 'TRUE', '', '', '0000-00-00 00:00:00', '0000-00-00 00:00:00'),
	(189, 'BRG0189', 3, 'BJ', 'Donat mika srm', 4, 4, 4, 5, 1, 10, 100, 7.62, 9000.00, '', 'TRUE', '', '', '0000-00-00 00:00:00', '0000-00-00 00:00:00'),
	(190, 'BRG0190', 3, 'BJ', 'Donat mini ms/srm', 4, 4, 4, 5, 1, 10, 100, 1.12, 1500.00, '', 'TRUE', '', '', '0000-00-00 00:00:00', '0000-00-00 00:00:00'),
	(191, 'BRG0191', 3, 'BJ', 'Donat mini keju', 4, 4, 4, 5, 1, 10, 100, 1.33, 2000.00, '', 'TRUE', '', '', '0000-00-00 00:00:00', '0000-00-00 00:00:00'),
	(192, 'BRG0192', 3, 'BJ', 'Donat', 4, 4, 4, 5, 1, 10, 100, 11.31, 13000.00, '', 'TRUE', '', '', '0000-00-00 00:00:00', '0000-00-00 00:00:00'),
	(193, 'BRG0193', 3, 'BJ', 'Donat siram', 4, 4, 4, 5, 1, 10, 100, 2.80, 4000.00, '', 'TRUE', '', '', '0000-00-00 00:00:00', '0000-00-00 00:00:00'),
	(194, 'BRG0194', 3, 'BJ', 'Donat keju', 4, 4, 4, 5, 1, 10, 100, 3.10, 5000.00, '', 'TRUE', '', '', '0000-00-00 00:00:00', '0000-00-00 00:00:00'),
	(195, 'BRG0195', 3, 'BJ', 'Donat meses kj', 4, 4, 4, 5, 1, 10, 100, 2.96, 5000.00, '', 'TRUE', '', '', '0000-00-00 00:00:00', '0000-00-00 00:00:00'),
	(196, 'BRG0196', 3, 'BJ', 'Donat kacang', 4, 4, 4, 5, 1, 10, 100, 2.80, 4000.00, '', 'TRUE', '', '', '0000-00-00 00:00:00', '0000-00-00 00:00:00'),
	(197, 'BRG0197', 3, 'BJ', 'Donat sate (meses)', 4, 4, 4, 5, 1, 10, 100, 3.05, 5000.00, '', 'TRUE', '', '', '0000-00-00 00:00:00', '0000-00-00 00:00:00'),
	(198, 'BRG0198', 3, 'BJ', 'Donat ragut (roti goreng)', 4, 4, 4, 5, 1, 10, 100, 2.06, 3000.00, '', 'TRUE', '', '', '0000-00-00 00:00:00', '0000-00-00 00:00:00'),
	(199, 'BRG0199', 3, 'BJ', 'Donat isi abon', 4, 4, 4, 5, 1, 10, 100, 1.99, 3000.00, '', 'TRUE', '', '', '0000-00-00 00:00:00', '0000-00-00 00:00:00'),
	(200, 'BRG0200', 3, 'BJ', 'Donat toping', 4, 4, 4, 5, 1, 10, 100, 4.38, 6.00, '', 'TRUE', '', '', '0000-00-00 00:00:00', '0000-00-00 00:00:00'),
	(201, 'BRG0201', 3, 'BJ', 'Donat mn box 10', 4, 4, 4, 5, 1, 10, 100, 13.28, 18.00, '', 'TRUE', '', '', '0000-00-00 00:00:00', '0000-00-00 00:00:00'),
	(202, 'BRG0202', 3, 'BJ', 'Donat baby box 10', 4, 4, 4, 5, 1, 10, 100, 10.69, 20.00, '', 'TRUE', '', '', '0000-00-00 00:00:00', '0000-00-00 00:00:00'),
	(203, 'BRG0203', 3, 'BJ', 'Donat karakter', 4, 4, 4, 5, 1, 10, 100, 4.50, 7.00, '', 'TRUE', '', '', '0000-00-00 00:00:00', '0000-00-00 00:00:00'),
	(204, 'BRG0204', 3, 'BJ', 'Zebra cake utuh', 4, 4, 4, 5, 1, 10, 100, 27.54, 35000.00, '', 'TRUE', '', '', '0000-00-00 00:00:00', '0000-00-00 00:00:00'),
	(205, 'BRG0205', 3, 'BJ', 'Zebra cake pb', 4, 4, 4, 5, 1, 10, 100, 29.04, 37000.00, '', 'TRUE', '', '', '0000-00-00 00:00:00', '0000-00-00 00:00:00'),
	(206, 'BRG0206', 3, 'BJ', 'Zebra cake pt 24', 4, 4, 4, 5, 1, 10, 100, 1.32, 1600.00, '', 'TRUE', '', '', '0000-00-00 00:00:00', '0000-00-00 00:00:00'),
	(207, 'BRG0207', 3, 'BJ', 'Zebra cake pt 30', 4, 4, 4, 5, 1, 10, 100, 1.16, 1300.00, '', 'TRUE', '', '', '0000-00-00 00:00:00', '0000-00-00 00:00:00'),
	(208, 'BRG0208', 3, 'BJ', 'Bolu cake kcl', 4, 4, 4, 5, 1, 10, 100, 14.75, 25000.00, '', 'TRUE', '', '', '0000-00-00 00:00:00', '0000-00-00 00:00:00'),
	(209, 'BRG0209', 3, 'BJ', 'Bolu cake utuh', 4, 4, 4, 5, 1, 10, 100, 35.38, 41000.00, '', 'TRUE', '', '', '0000-00-00 00:00:00', '0000-00-00 00:00:00'),
	(210, 'BRG0210', 3, 'BJ', 'Bolu cake pt 24', 4, 4, 4, 5, 1, 10, 100, 1.67, 1800.00, '', 'TRUE', '', '', '0000-00-00 00:00:00', '0000-00-00 00:00:00'),
	(211, 'BRG0211', 3, 'BJ', 'Bolu cake pb', 4, 4, 4, 5, 1, 10, 100, 37.57, 43000.00, '', 'TRUE', '', '', '0000-00-00 00:00:00', '0000-00-00 00:00:00'),
	(212, 'BRG0212', 3, 'BJ', 'Bolu cake pt 30', 4, 4, 4, 5, 1, 10, 100, 1.44, 1500.00, '', 'TRUE', '', '', '0000-00-00 00:00:00', '0000-00-00 00:00:00'),
	(213, 'BRG0213', 3, 'BJ', 'Bolu cake rasa', 4, 4, 4, 5, 1, 10, 100, 38.50, 45000.00, '', 'TRUE', '', '', '0000-00-00 00:00:00', '0000-00-00 00:00:00'),
	(214, 'BRG0214', 3, 'BJ', 'Sp bs 30x40 2 lps p/b tebal', 4, 4, 4, 5, 1, 10, 100, 119.29, 170000.00, '', 'TRUE', '', '', '0000-00-00 00:00:00', '0000-00-00 00:00:00'),
	(215, 'BRG0215', 3, 'BJ', 'Sp bs 30x40 2 lps p/b tebal pt', 4, 4, 4, 5, 1, 10, 100, 1.90, 2500.00, '', 'TRUE', '', '', '0000-00-00 00:00:00', '0000-00-00 00:00:00'),
	(216, 'BRG0216', 3, 'BJ', 'Chiffon cake B', 4, 4, 4, 5, 1, 10, 100, 24.93, 33000.00, '', 'TRUE', '', '', '0000-00-00 00:00:00', '0000-00-00 00:00:00'),
	(217, 'BRG0217', 3, 'BJ', 'Chiffon cake B p/b', 4, 4, 4, 5, 1, 10, 100, 26.39, 35000.00, '', 'TRUE', '', '', '0000-00-00 00:00:00', '0000-00-00 00:00:00'),
	(218, 'BRG0218', 3, 'BJ', 'Chiffon cake pt', 4, 4, 4, 5, 1, 10, 100, 1.36, 1800.00, '', 'TRUE', '', '', '0000-00-00 00:00:00', '0000-00-00 00:00:00'),
	(219, 'BRG0219', 3, 'BJ', 'Chiffon k', 4, 4, 4, 5, 1, 10, 100, 3.34, 5000.00, '', 'TRUE', '', '', '0000-00-00 00:00:00', '0000-00-00 00:00:00'),
	(220, 'BRG0220', 3, 'BJ', 'Mandarin cake u', 4, 4, 4, 5, 1, 10, 100, 126.48, 170000.00, '', 'TRUE', '', '', '0000-00-00 00:00:00', '0000-00-00 00:00:00'),
	(221, 'BRG0221', 3, 'BJ', 'Mandarin cake u p/b', 4, 4, 4, 5, 1, 10, 100, 130.48, 175000.00, '', 'TRUE', '', '', '0000-00-00 00:00:00', '0000-00-00 00:00:00'),
	(222, 'BRG0222', 3, 'BJ', 'Mandarin cake pt', 4, 4, 4, 5, 1, 10, 100, 2.11, 3000.00, '', 'TRUE', '', '', '0000-00-00 00:00:00', '0000-00-00 00:00:00'),
	(223, 'BRG0223', 3, 'BJ', 'Mandarin panjang', 4, 4, 4, 5, 1, 10, 100, 24.29, 35.00, '', 'TRUE', '', '', '0000-00-00 00:00:00', '0000-00-00 00:00:00'),
	(224, 'BRG0224', 3, 'BJ', 'Mandarin 16cm bulat', 4, 4, 4, 5, 1, 10, 100, 23.69, 27.00, '', 'TRUE', '', '', '0000-00-00 00:00:00', '0000-00-00 00:00:00'),
	(225, 'BRG0225', 3, 'BJ', 'Mandarin 16cm persegi', 4, 4, 4, 5, 1, 10, 100, 32.96, 37.00, '', 'TRUE', '', '', '0000-00-00 00:00:00', '0000-00-00 00:00:00'),
	(226, 'BRG0226', 3, 'BJ', 'Lapis Surabaya 30x40 utuh', 4, 4, 4, 5, 1, 10, 100, 186.09, 280000.00, '', 'TRUE', '', '', '0000-00-00 00:00:00', '0000-00-00 00:00:00'),
	(227, 'BRG0227', 3, 'BJ', 'Lapis Surabaya 30x41 pb', 4, 4, 4, 5, 1, 10, 100, 189.82, 300000.00, '', 'TRUE', '', '', '0000-00-00 00:00:00', '0000-00-00 00:00:00'),
	(228, 'BRG0228', 3, 'BJ', 'Lapis Surabaya 30x42 pt 65', 4, 4, 4, 5, 1, 10, 100, 3.16, 5000.00, '', 'TRUE', '', '', '0000-00-00 00:00:00', '0000-00-00 00:00:00'),
	(229, 'BRG0229', 3, 'BJ', 'Lapis Sby 24 premium', 4, 4, 4, 5, 1, 10, 100, 108.55, 160000.00, '', 'TRUE', '', '', '0000-00-00 00:00:00', '0000-00-00 00:00:00'),
	(230, 'BRG0230', 3, 'BJ', 'Lapis Sby 24 premium blok', 4, 4, 4, 5, 1, 10, 100, 39.70, 55000.00, '', 'TRUE', '', '', '0000-00-00 00:00:00', '0000-00-00 00:00:00'),
	(231, 'BRG0231', 3, 'BJ', 'Lapis Sby 24 premium pt k (30)', 4, 4, 4, 5, 1, 10, 100, 3.50, 6000.00, '', 'TRUE', '', '', '0000-00-00 00:00:00', '0000-00-00 00:00:00'),
	(232, 'BRG0232', 3, 'BJ', 'Lapis Sby 24 premium pt B (18)', 4, 4, 4, 5, 1, 10, 100, 7.00, 10000.00, '', 'TRUE', '', '', '0000-00-00 00:00:00', '0000-00-00 00:00:00'),
	(233, 'BRG0233', 3, 'BJ', 'Lapis Neopolitan', 4, 4, 4, 5, 1, 10, 100, 38.64, 55000.00, '', 'TRUE', '', '', '0000-00-00 00:00:00', '0000-00-00 00:00:00'),
	(234, 'BRG0234', 3, 'BJ', 'Lapis reog', 4, 4, 4, 5, 1, 10, 100, 30.80, 50000.00, '', 'TRUE', '', '', '0000-00-00 00:00:00', '0000-00-00 00:00:00'),
	(235, 'BRG0235', 3, 'BJ', 'Lapis legit roll', 4, 4, 4, 5, 1, 10, 100, 17.22, 23000.00, '', 'TRUE', '', '', '0000-00-00 00:00:00', '0000-00-00 00:00:00'),
	(236, 'BRG0236', 3, 'BJ', 'Lapis legit roll pt 6', 4, 4, 4, 5, 1, 10, 100, 2.30, 3000.00, '', 'TRUE', '', '', '0000-00-00 00:00:00', '0000-00-00 00:00:00'),
	(237, 'BRG0237', 3, 'BJ', 'Lapis legit ori', 4, 4, 4, 5, 1, 10, 100, 39.30, 55000.00, '', 'TRUE', '', '', '0000-00-00 00:00:00', '0000-00-00 00:00:00'),
	(238, 'BRG0238', 3, 'BJ', 'Lapis legit ori pt 8', 4, 4, 4, 5, 1, 10, 100, 6.70, 8000.00, '', 'TRUE', '', '', '0000-00-00 00:00:00', '0000-00-00 00:00:00'),
	(239, 'BRG0239', 3, 'BJ', 'Lapis legit pandan', 4, 4, 4, 5, 1, 10, 100, 39.92, 57000.00, '', 'TRUE', '', '', '0000-00-00 00:00:00', '0000-00-00 00:00:00'),
	(240, 'BRG0240', 3, 'BJ', 'Lapis legit pandan pt 8', 4, 4, 4, 5, 1, 10, 100, 7.00, 8500.00, '', 'TRUE', '', '', '0000-00-00 00:00:00', '0000-00-00 00:00:00'),
	(241, 'BRG0241', 3, 'BJ', 'Lapis legit kismis', 4, 4, 4, 5, 1, 10, 100, 39.92, 57000.00, '', 'TRUE', '', '', '0000-00-00 00:00:00', '0000-00-00 00:00:00'),
	(242, 'BRG0242', 3, 'BJ', 'Lapis legit kismis pt 8', 4, 4, 4, 5, 1, 10, 100, 7.00, 8500.00, '', 'TRUE', '', '', '0000-00-00 00:00:00', '0000-00-00 00:00:00'),
	(243, 'BRG0243', 3, 'BJ', 'Lapis legit pandan kismis', 4, 4, 4, 5, 1, 10, 100, 40.00, 58000.00, '', 'TRUE', '', '', '0000-00-00 00:00:00', '0000-00-00 00:00:00'),
	(244, 'BRG0244', 3, 'BJ', 'Lapis legit pandan kismis pt 8', 4, 4, 4, 5, 1, 10, 100, 7.50, 9000.00, '', 'TRUE', '', '', '0000-00-00 00:00:00', '0000-00-00 00:00:00'),
	(245, 'BRG0245', 3, 'BJ', 'Pelangi', 4, 4, 4, 5, 1, 10, 100, 1.48, 2000.00, '', 'TRUE', '', '', '0000-00-00 00:00:00', '0000-00-00 00:00:00'),
	(246, 'BRG0246', 3, 'BJ', 'Pelangi blk', 4, 4, 4, 5, 1, 10, 100, 18.52, 29000.00, '', 'TRUE', '', '', '0000-00-00 00:00:00', '0000-00-00 00:00:00'),
	(247, 'BRG0247', 3, 'BJ', 'Pelangi utuh', 4, 4, 4, 5, 1, 10, 100, 95.85, 140000.00, '', 'TRUE', '', '', '0000-00-00 00:00:00', '0000-00-00 00:00:00'),
	(248, 'BRG0248', 3, 'BJ', 'idem p/b', 4, 4, 4, 5, 1, 10, 100, 98.65, 145000.00, '', 'TRUE', '', '', '0000-00-00 00:00:00', '0000-00-00 00:00:00'),
	(249, 'BRG0249', 3, 'BJ', 'Roll Tiger k', 4, 4, 4, 5, 1, 10, 100, 9.48, 13000.00, '', 'TRUE', '', '', '0000-00-00 00:00:00', '0000-00-00 00:00:00'),
	(250, 'BRG0250', 3, 'BJ', 'Roll Tiger b', 4, 4, 4, 5, 1, 10, 100, 11.48, 15000.00, '', 'TRUE', '', '', '0000-00-00 00:00:00', '0000-00-00 00:00:00'),
	(251, 'BRG0251', 3, 'BJ', 'Roll Tiger k', 4, 4, 4, 5, 1, 10, 100, 10.04, 13000.00, '', 'TRUE', '', '', '0000-00-00 00:00:00', '0000-00-00 00:00:00'),
	(252, 'BRG0252', 3, 'BJ', 'Roll Tiger b', 4, 4, 4, 5, 1, 10, 100, 12.18, 15000.00, '', 'TRUE', '', '', '0000-00-00 00:00:00', '0000-00-00 00:00:00'),
	(253, 'BRG0253', 3, 'BJ', 'Roll bs', 4, 4, 4, 5, 1, 10, 100, 15.53, 20000.00, '', 'TRUE', '', '', '0000-00-00 00:00:00', '0000-00-00 00:00:00'),
	(254, 'BRG0254', 3, 'BJ', 'Roll sp premium', 4, 4, 4, 5, 1, 10, 100, 27.39, 35000.00, '', 'TRUE', '', '', '0000-00-00 00:00:00', '0000-00-00 00:00:00'),
	(255, 'BRG0255', 3, 'BJ', 'Roll sp 2 lapis prem', 4, 4, 4, 5, 1, 10, 100, 28.75, 38000.00, '', 'TRUE', '', '', '0000-00-00 00:00:00', '0000-00-00 00:00:00'),
	(256, 'BRG0256', 3, 'BJ', 'Roll batik prem', 4, 4, 4, 5, 1, 10, 100, 33.01, 45000.00, '', 'TRUE', '', '', '0000-00-00 00:00:00', '0000-00-00 00:00:00'),
	(257, 'BRG0257', 3, 'BJ', 'Roll mini pandan', 4, 4, 4, 5, 1, 10, 100, 16.38, 22000.00, '', 'TRUE', '', '', '0000-00-00 00:00:00', '0000-00-00 00:00:00'),
	(258, 'BRG0258', 3, 'BJ', '12pt', 4, 4, 4, 5, 1, 10, 100, 1.60, 2000.00, '', 'TRUE', '', '', '0000-00-00 00:00:00', '0000-00-00 00:00:00'),
	(259, 'BRG0259', 3, 'BJ', 'Roll mini cheese', 4, 4, 4, 5, 1, 10, 100, 19.36, 24000.00, '', 'TRUE', '', '', '0000-00-00 00:00:00', '0000-00-00 00:00:00'),
	(260, 'BRG0260', 3, 'BJ', '12pt', 4, 4, 4, 5, 1, 10, 100, 1.80, 2200.00, '', 'TRUE', '', '', '0000-00-00 00:00:00', '0000-00-00 00:00:00'),
	(261, 'BRG0261', 3, 'BJ', 'Pandan rol B', 4, 4, 4, 5, 1, 10, 100, 31.76, 42000.00, '', 'TRUE', '', '', '0000-00-00 00:00:00', '0000-00-00 00:00:00'),
	(262, 'BRG0262', 3, 'BJ', '14pt', 4, 4, 4, 5, 1, 10, 100, 2.80, 3500.00, '', 'TRUE', '', '', '0000-00-00 00:00:00', '0000-00-00 00:00:00'),
	(263, 'BRG0263', 3, 'BJ', 'Cheese roll B', 4, 4, 4, 5, 1, 10, 100, 37.82, 46000.00, '', 'TRUE', '', '', '0000-00-00 00:00:00', '0000-00-00 00:00:00'),
	(264, 'BRG0264', 3, 'BJ', 'Cheese B 14pt', 4, 4, 4, 5, 1, 10, 100, 3.80, 4000.00, '', 'TRUE', '', '', '0000-00-00 00:00:00', '0000-00-00 00:00:00'),
	(265, 'BRG0265', 3, 'BJ', 'Rainbow cake', 4, 4, 4, 5, 1, 10, 100, 8.66, 12000.00, '', 'TRUE', '', '', '0000-00-00 00:00:00', '0000-00-00 00:00:00'),
	(266, 'BRG0266', 3, 'BJ', 'Rainbow roll', 4, 4, 4, 5, 1, 10, 100, 35.23, 45000.00, '', 'TRUE', '', '', '0000-00-00 00:00:00', '0000-00-00 00:00:00'),
	(267, 'BRG0267', 3, 'BJ', 'Rainbow roll', 4, 4, 4, 5, 1, 10, 100, 2.58, 4000.00, '', 'TRUE', '', '', '0000-00-00 00:00:00', '0000-00-00 00:00:00'),
	(268, 'BRG0268', 3, 'BJ', 'Red velvet', 4, 4, 4, 5, 1, 10, 100, 4.00, 5500.00, '', 'TRUE', '', '', '0000-00-00 00:00:00', '0000-00-00 00:00:00'),
	(269, 'BRG0269', 3, 'BJ', 'Roll mini co/kc 4x7', 4, 4, 4, 5, 1, 10, 100, 1.47, 2000.00, '', 'TRUE', '', '', '0000-00-00 00:00:00', '0000-00-00 00:00:00'),
	(270, 'BRG0270', 3, 'BJ', 'Roll mini co/kc 4x6', 4, 4, 4, 5, 1, 10, 100, 1.60, 2200.00, '', 'TRUE', '', '', '0000-00-00 00:00:00', '0000-00-00 00:00:00'),
	(271, 'BRG0271', 3, 'BJ', 'Roll mini co/kc 4x5', 4, 4, 4, 5, 1, 10, 100, 1.84, 2500.00, '', 'TRUE', '', '', '0000-00-00 00:00:00', '0000-00-00 00:00:00'),
	(272, 'BRG0272', 3, 'BJ', 'Brownies oven almond B', 4, 4, 4, 5, 1, 10, 100, 23.65, 34000.00, '', 'TRUE', '', '', '0000-00-00 00:00:00', '0000-00-00 00:00:00'),
	(273, 'BRG0273', 3, 'BJ', 'Brownies oven almond pt 16', 4, 4, 4, 5, 1, 10, 100, 1.93, 2500.00, '', 'TRUE', '', '', '0000-00-00 00:00:00', '0000-00-00 00:00:00'),
	(274, 'BRG0274', 3, 'BJ', 'Brownies oven almond pt 12', 4, 4, 4, 5, 1, 10, 100, 2.30, 3000.00, '', 'TRUE', '', '', '0000-00-00 00:00:00', '0000-00-00 00:00:00'),
	(275, 'BRG0275', 3, 'BJ', 'Brownies B', 4, 4, 4, 5, 1, 10, 100, 22.00, 32000.00, '', 'TRUE', '', '', '0000-00-00 00:00:00', '0000-00-00 00:00:00'),
	(276, 'BRG0276', 3, 'BJ', 'Brownies K', 4, 4, 4, 5, 1, 10, 100, 12.00, 17000.00, '', 'TRUE', '', '', '0000-00-00 00:00:00', '0000-00-00 00:00:00'),
	(277, 'BRG0277', 3, 'BJ', 'Brownies B pt 16', 4, 4, 4, 5, 1, 10, 100, 1.90, 2500.00, '', 'TRUE', '', '', '0000-00-00 00:00:00', '0000-00-00 00:00:00'),
	(278, 'BRG0278', 3, 'BJ', 'Brownies B pt 12', 4, 4, 4, 5, 1, 10, 100, 2.20, 3000.00, '', 'TRUE', '', '', '0000-00-00 00:00:00', '0000-00-00 00:00:00'),
	(279, 'BRG0279', 3, 'BJ', 'Brownies 30 cm', 4, 4, 4, 5, 1, 10, 100, 75.00, 95000.00, '', 'TRUE', '', '', '0000-00-00 00:00:00', '0000-00-00 00:00:00'),
	(280, 'BRG0280', 3, 'BJ', 'Brownies mnt 10cm', 4, 4, 4, 5, 1, 10, 100, 6.65, 9000.00, '', 'TRUE', '', '', '0000-00-00 00:00:00', '0000-00-00 00:00:00'),
	(281, 'BRG0281', 3, 'BJ', 'Brownies kukus B', 4, 4, 4, 5, 1, 10, 100, 26.33, 35000.00, '', 'TRUE', '', '', '0000-00-00 00:00:00', '0000-00-00 00:00:00'),
	(282, 'BRG0282', 3, 'BJ', 'Brownies kukus K', 4, 4, 4, 5, 1, 10, 100, 15.11, 20000.00, '', 'TRUE', '', '', '0000-00-00 00:00:00', '0000-00-00 00:00:00'),
	(283, 'BRG0283', 3, 'BJ', 'Brownies kukus pt 16', 4, 4, 4, 5, 1, 10, 100, 2.00, 3000.00, '', 'TRUE', '', '', '0000-00-00 00:00:00', '0000-00-00 00:00:00'),
	(284, 'BRG0284', 3, 'BJ', 'Brownies kukus pt 12', 4, 4, 4, 5, 1, 10, 100, 2.50, 3500.00, '', 'TRUE', '', '', '0000-00-00 00:00:00', '0000-00-00 00:00:00'),
	(285, 'BRG0285', 3, 'BJ', 'Brownies kukus 30 cm', 4, 4, 4, 5, 1, 10, 100, 85.74, 100000.00, '', 'TRUE', '', '', '0000-00-00 00:00:00', '0000-00-00 00:00:00'),
	(286, 'BRG0286', 3, 'BJ', 'brownies chefmate pdn, van, taro', 4, 4, 4, 5, 1, 10, 100, 9.65, 15000.00, '', 'TRUE', '', '', '0000-00-00 00:00:00', '0000-00-00 00:00:00'),
	(287, 'BRG0287', 3, 'BJ', 'brownies chefmate pb 6', 4, 4, 4, 5, 1, 10, 100, 1.70, 3000.00, '', 'TRUE', '', '', '0000-00-00 00:00:00', '0000-00-00 00:00:00'),
	(288, 'BRG0288', 3, 'BJ', 'brownies chefmate str, greentea', 4, 4, 4, 5, 1, 10, 100, 9.95, 16000.00, '', 'TRUE', '', '', '0000-00-00 00:00:00', '0000-00-00 00:00:00'),
	(289, 'BRG0289', 3, 'BJ', 'brownies chefmate pb 6', 4, 4, 4, 5, 1, 10, 100, 1.90, 3000.00, '', 'TRUE', '', '', '0000-00-00 00:00:00', '0000-00-00 00:00:00'),
	(290, 'BRG0290', 3, 'BJ', 'chocolate banana B', 4, 4, 4, 5, 1, 10, 100, 17.48, 28000.00, '', 'TRUE', '', '', '0000-00-00 00:00:00', '0000-00-00 00:00:00'),
	(291, 'BRG0291', 3, 'BJ', 'chocolate banana K', 4, 4, 4, 5, 1, 10, 100, 9.39, 15000.00, '', 'TRUE', '', '', '0000-00-00 00:00:00', '0000-00-00 00:00:00'),
	(292, 'BRG0292', 3, 'BJ', 'cake tape ketan hitam B', 4, 4, 4, 5, 1, 10, 100, 19.05, 28000.00, '', 'TRUE', '', '', '0000-00-00 00:00:00', '0000-00-00 00:00:00'),
	(293, 'BRG0293', 3, 'BJ', 'cake tape ketan hitam K', 4, 4, 4, 5, 1, 10, 100, 10.66, 15000.00, '', 'TRUE', '', '', '0000-00-00 00:00:00', '0000-00-00 00:00:00'),
	(294, 'BRG0294', 3, 'BJ', 'Proll tape ori', 4, 4, 4, 5, 1, 10, 100, 23.34, 35000.00, '', 'TRUE', '', '', '0000-00-00 00:00:00', '0000-00-00 00:00:00'),
	(295, 'BRG0295', 3, 'BJ', 'Proll tape keju kismis', 4, 4, 4, 5, 1, 10, 100, 26.44, 40000.00, '', 'TRUE', '', '', '0000-00-00 00:00:00', '0000-00-00 00:00:00'),
	(296, 'BRG0296', 3, 'BJ', 'coklat layer cake', 4, 4, 4, 5, 1, 10, 100, 108.56, 150000.00, '', 'TRUE', '', '', '0000-00-00 00:00:00', '0000-00-00 00:00:00'),
	(297, 'BRG0297', 3, 'BJ', 'coklat layer cake pt', 4, 4, 4, 5, 1, 10, 100, 6.80, 10000.00, '', 'TRUE', '', '', '0000-00-00 00:00:00', '0000-00-00 00:00:00'),
	(298, 'BRG0298', 3, 'BJ', 'coklat layer mika', 4, 4, 4, 5, 1, 10, 100, 9.80, 14000.00, '', 'TRUE', '', '', '0000-00-00 00:00:00', '0000-00-00 00:00:00'),
	(299, 'BRG0299', 3, 'BJ', 'Sus ragut', 4, 4, 4, 5, 1, 10, 100, 2.14, 2500.00, '', 'TRUE', '', '', '0000-00-00 00:00:00', '0000-00-00 00:00:00'),
	(300, 'BRG0300', 3, 'BJ', 'Sus vla', 4, 4, 4, 5, 1, 10, 100, 1.46, 2500.00, '', 'TRUE', '', '', '0000-00-00 00:00:00', '0000-00-00 00:00:00'),
	(301, 'BRG0301', 3, 'BJ', 'Sus roll 6', 4, 4, 4, 5, 1, 10, 100, 2.60, 3000.00, '', 'TRUE', '', '', '0000-00-00 00:00:00', '0000-00-00 00:00:00'),
	(302, 'BRG0302', 3, 'BJ', 'Sus roll jadi 8', 4, 4, 4, 5, 1, 10, 100, 2.10, 2500.00, '', 'TRUE', '', '', '0000-00-00 00:00:00', '0000-00-00 00:00:00'),
	(303, 'BRG0303', 3, 'BJ', 'Soes maker', 4, 4, 4, 5, 1, 10, 100, 1.26, 2500.00, '', 'TRUE', '', '', '0000-00-00 00:00:00', '0000-00-00 00:00:00'),
	(304, 'BRG0304', 3, 'BJ', 'Kroket', 4, 4, 4, 5, 1, 10, 100, 1.70, 2500.00, '', 'TRUE', '', '', '0000-00-00 00:00:00', '0000-00-00 00:00:00'),
	(305, 'BRG0305', 3, 'BJ', 'Tawar ragut', 4, 4, 4, 5, 1, 10, 100, 1.18, 2500.00, '', 'TRUE', '', '', '0000-00-00 00:00:00', '0000-00-00 00:00:00'),
	(306, 'BRG0306', 3, 'BJ', 'Kabin ragut', 4, 4, 4, 5, 1, 10, 100, 1.34, 2500.00, '', 'TRUE', '', '', '0000-00-00 00:00:00', '0000-00-00 00:00:00'),
	(307, 'BRG0307', 3, 'BJ', 'Pie buah', 4, 4, 4, 5, 1, 10, 100, 1.78, 3000.00, '', 'TRUE', '', '', '0000-00-00 00:00:00', '0000-00-00 00:00:00'),
	(308, 'BRG0308', 3, 'BJ', 'Pie keju', 4, 4, 4, 5, 1, 10, 100, 1.39, 2500.00, '', 'TRUE', '', '', '0000-00-00 00:00:00', '0000-00-00 00:00:00'),
	(309, 'BRG0309', 3, 'BJ', 'Pie susu', 4, 4, 4, 5, 1, 10, 100, 1.85, 3500.00, '', 'TRUE', '', '', '0000-00-00 00:00:00', '0000-00-00 00:00:00'),
	(310, 'BRG0310', 3, 'BJ', 'Pie susu 10', 4, 4, 4, 5, 1, 10, 100, 19.34, 30000.00, '', 'TRUE', '', '', '0000-00-00 00:00:00', '0000-00-00 00:00:00'),
	(311, 'BRG0311', 3, 'BJ', 'Pie coklat', 4, 4, 4, 5, 1, 10, 100, 2.40, 3000.00, '', 'TRUE', '', '', '0000-00-00 00:00:00', '0000-00-00 00:00:00'),
	(312, 'BRG0312', 3, 'BJ', 'Roti kukus', 4, 4, 4, 5, 1, 10, 100, 1.20, 1500.00, '', 'TRUE', '', '', '0000-00-00 00:00:00', '0000-00-00 00:00:00'),
	(313, 'BRG0313', 3, 'BJ', 'Marmer cake pb', 4, 4, 4, 5, 1, 10, 100, 28.78, 37000.00, '', 'TRUE', '', '', '0000-00-00 00:00:00', '0000-00-00 00:00:00'),
	(314, 'BRG0314', 3, 'BJ', 'Marmer cake utuh', 4, 4, 4, 5, 1, 10, 100, 26.76, 35000.00, '', 'TRUE', '', '', '0000-00-00 00:00:00', '0000-00-00 00:00:00'),
	(315, 'BRG0315', 3, 'BJ', 'Marmer cake pt 24', 4, 4, 4, 5, 1, 10, 100, 1.24, 1600.00, '', 'TRUE', '', '', '0000-00-00 00:00:00', '0000-00-00 00:00:00'),
	(316, 'BRG0316', 3, 'BJ', 'Marmer cake pt 30', 4, 4, 4, 5, 1, 10, 100, 1.06, 1300.00, '', 'TRUE', '', '', '0000-00-00 00:00:00', '0000-00-00 00:00:00'),
	(317, 'BRG0317', 3, 'BJ', 'Roti waru', 4, 4, 4, 5, 1, 10, 100, 1.69, 2500.00, '', 'TRUE', '', '', '0000-00-00 00:00:00', '0000-00-00 00:00:00'),
	(318, 'BRG0318', 3, 'BJ', 'Roti waru pack 4', 4, 4, 4, 5, 1, 10, 100, 5.39, 9000.00, '', 'TRUE', '', '', '0000-00-00 00:00:00', '0000-00-00 00:00:00'),
	(319, 'BRG0319', 3, 'BJ', 'Roti waru dus 8', 4, 4, 4, 5, 1, 10, 100, 14.52, 20000.00, '', 'TRUE', '', '', '0000-00-00 00:00:00', '0000-00-00 00:00:00'),
	(320, 'BRG0320', 3, 'BJ', 'Cake meses pb', 4, 4, 4, 5, 1, 10, 100, 30.39, 42000.00, '', 'TRUE', '', '', '0000-00-00 00:00:00', '0000-00-00 00:00:00'),
	(321, 'BRG0321', 3, 'BJ', 'Cake meses u', 4, 4, 4, 5, 1, 10, 100, 28.37, 40000.00, '', 'TRUE', '', '', '0000-00-00 00:00:00', '0000-00-00 00:00:00'),
	(322, 'BRG0322', 3, 'BJ', 'Cake meses pt (24)', 4, 4, 4, 5, 1, 10, 100, 1.26, 1800.00, '', 'TRUE', '', '', '0000-00-00 00:00:00', '0000-00-00 00:00:00'),
	(323, 'BRG0323', 3, 'BJ', 'Cake meses pt (30)', 4, 4, 4, 5, 1, 10, 100, 1.06, 1500.00, '', 'TRUE', '', '', '0000-00-00 00:00:00', '0000-00-00 00:00:00'),
	(324, 'BRG0324', 3, 'BJ', 'Pelangi marmer utuh', 4, 4, 4, 5, 1, 10, 100, 98.55, 165000.00, '', 'TRUE', '', '', '0000-00-00 00:00:00', '0000-00-00 00:00:00'),
	(325, 'BRG0325', 3, 'BJ', 'Pelangi marmer utuh pb', 4, 4, 4, 5, 1, 10, 100, 106.05, 170000.00, '', 'TRUE', '', '', '0000-00-00 00:00:00', '0000-00-00 00:00:00'),
	(326, 'BRG0326', 3, 'BJ', 'Pelangi marmer pt', 4, 4, 4, 5, 1, 10, 100, 1.29, 2500.00, '', 'TRUE', '', '', '0000-00-00 00:00:00', '0000-00-00 00:00:00'),
	(327, 'BRG0327', 3, 'BJ', 'Pelangi marmer blk', 4, 4, 4, 5, 1, 10, 100, 19.23, 35000.00, '', 'TRUE', '', '', '0000-00-00 00:00:00', '0000-00-00 00:00:00'),
	(328, 'BRG0328', 3, 'BJ', 'Pelangi marmer box 24s', 4, 4, 4, 5, 1, 10, 100, 45.00, 60000.00, '', 'TRUE', '', '', '0000-00-00 00:00:00', '0000-00-00 00:00:00'),
	(329, 'BRG0329', 3, 'BJ', 'Pelangi marmer 2 lps', 4, 4, 4, 5, 1, 10, 100, 78.43, 115000.00, '', 'TRUE', '', '', '0000-00-00 00:00:00', '0000-00-00 00:00:00'),
	(330, 'BRG0330', 3, 'BJ', 'Pelangi marmer 2 lps pb', 4, 4, 4, 5, 1, 10, 100, 85.00, 120000.00, '', 'TRUE', '', '', '0000-00-00 00:00:00', '0000-00-00 00:00:00'),
	(331, 'BRG0331', 3, 'BJ', 'Puding cake mini 25', 4, 4, 4, 5, 1, 10, 100, 1.50, 2500.00, '', 'TRUE', '', '', '0000-00-00 00:00:00', '0000-00-00 00:00:00'),
	(332, 'BRG0332', 3, 'BJ', 'Puding cake pt 24', 4, 4, 4, 5, 1, 10, 100, 1.60, 2500.00, '', 'TRUE', '', '', '0000-00-00 00:00:00', '0000-00-00 00:00:00'),
	(333, 'BRG0333', 3, 'BJ', 'Puding cake u', 4, 4, 4, 5, 1, 10, 100, 26.00, 55000.00, '', 'TRUE', '', '', '0000-00-00 00:00:00', '0000-00-00 00:00:00'),
	(334, 'BRG0334', 3, 'BJ', 'puding lapis sby', 4, 4, 4, 5, 1, 10, 100, 2.32, 3500.00, '', 'TRUE', '', '', '0000-00-00 00:00:00', '0000-00-00 00:00:00'),
	(335, 'BRG0335', 3, 'BJ', 'puding lapis sby ov B', 4, 4, 4, 5, 1, 10, 100, 39.00, 70000.00, '', 'TRUE', '', '', '0000-00-00 00:00:00', '0000-00-00 00:00:00'),
	(336, 'BRG0336', 3, 'BJ', 'puding lapis sby ov K', 4, 4, 4, 5, 1, 10, 100, 25.00, 40000.00, '', 'TRUE', '', '', '0000-00-00 00:00:00', '0000-00-00 00:00:00'),
	(337, 'BRG0337', 3, 'BJ', 'puding lapis sby 20cm', 4, 4, 4, 5, 1, 10, 100, 110.00, 165000.00, '', 'TRUE', '', '', '0000-00-00 00:00:00', '0000-00-00 00:00:00'),
	(338, 'BRG0338', 3, 'BJ', 'BF mini', 4, 4, 4, 5, 1, 10, 100, 1.26, 2500.00, '', 'TRUE', '', '', '0000-00-00 00:00:00', '0000-00-00 00:00:00'),
	(339, 'BRG0339', 3, 'BJ', 'Minicake bc', 4, 4, 4, 5, 1, 10, 100, 1.45, 2500.00, '', 'TRUE', '', '', '0000-00-00 00:00:00', '0000-00-00 00:00:00'),
	(340, 'BRG0340', 3, 'BJ', 'Minicake srm', 4, 4, 4, 5, 1, 10, 100, 1.45, 2500.00, '', 'TRUE', '', '', '0000-00-00 00:00:00', '0000-00-00 00:00:00'),
	(341, 'BRG0341', 3, 'BJ', 'Minicake keju', 4, 4, 4, 5, 1, 10, 100, 1.64, 3000.00, '', 'TRUE', '', '', '0000-00-00 00:00:00', '0000-00-00 00:00:00'),
	(342, 'BRG0342', 3, 'BJ', 'Minicake bunga', 4, 4, 4, 5, 1, 10, 100, 1.28, 2500.00, '', 'TRUE', '', '', '0000-00-00 00:00:00', '0000-00-00 00:00:00'),
	(343, 'BRG0343', 3, 'BJ', 'Minicake cr', 4, 4, 4, 5, 1, 10, 100, 1.62, 2500.00, '', 'TRUE', '', '', '0000-00-00 00:00:00', '0000-00-00 00:00:00'),
	(344, 'BRG0344', 3, 'BJ', 'Minicake bdr', 4, 4, 4, 5, 1, 10, 100, 1.15, 2500.00, '', 'TRUE', '', '', '0000-00-00 00:00:00', '0000-00-00 00:00:00'),
	(345, 'BRG0345', 3, 'BJ', 'Minitart A kcl', 4, 4, 4, 5, 1, 10, 100, 4.21, 7000.00, '', 'TRUE', '', '', '0000-00-00 00:00:00', '0000-00-00 00:00:00'),
	(346, 'BRG0346', 3, 'BJ', 'Minitart B kcl', 4, 4, 4, 5, 1, 10, 100, 4.06, 7500.00, '', 'TRUE', '', '', '0000-00-00 00:00:00', '0000-00-00 00:00:00'),
	(347, 'BRG0347', 3, 'BJ', 'Minitart A bsr', 4, 4, 4, 5, 1, 10, 100, 4.98, 8000.00, '', 'TRUE', '', '', '0000-00-00 00:00:00', '0000-00-00 00:00:00'),
	(348, 'BRG0348', 3, 'BJ', 'Minitart B bsr', 4, 4, 4, 5, 1, 10, 100, 5.45, 8500.00, '', 'TRUE', '', '', '0000-00-00 00:00:00', '0000-00-00 00:00:00'),
	(349, 'BRG0349', 3, 'BJ', 'Minitart B hias keju', 4, 4, 4, 5, 1, 10, 100, 6.07, 10000.00, '', 'TRUE', '', '', '0000-00-00 00:00:00', '0000-00-00 00:00:00'),
	(350, 'BRG0350', 3, 'BJ', 'Minitart B Black Forest', 4, 4, 4, 5, 1, 10, 100, 4.23, 8500.00, '', 'TRUE', '', '', '0000-00-00 00:00:00', '0000-00-00 00:00:00'),
	(351, 'BRG0351', 3, 'BJ', 'Minitart O (roll sp)', 4, 4, 4, 5, 1, 10, 100, 5.02, 8500.00, '', 'TRUE', '', '', '0000-00-00 00:00:00', '0000-00-00 00:00:00'),
	(352, 'BRG0352', 3, 'BJ', 'Minitart sg panjng', 4, 4, 4, 5, 1, 10, 100, 11.00, 17000.00, '', 'TRUE', '', '', '0000-00-00 00:00:00', '0000-00-00 00:00:00'),
	(353, 'BRG0353', 3, 'BJ', 'Minitart sg panjng keju', 4, 4, 4, 5, 1, 10, 100, 13.00, 20000.00, '', 'TRUE', '', '', '0000-00-00 00:00:00', '0000-00-00 00:00:00'),
	(354, 'BRG0354', 3, 'BJ', 'Minitart sg panjng BF', 4, 4, 4, 5, 1, 10, 100, 13.00, 20000.00, '', 'TRUE', '', '', '0000-00-00 00:00:00', '0000-00-00 00:00:00'),
	(355, 'BRG0355', 3, 'BJ', 'Minitart sg panjng BF keju', 4, 4, 4, 5, 1, 10, 100, 15.00, 22000.00, '', 'TRUE', '', '', '0000-00-00 00:00:00', '0000-00-00 00:00:00'),
	(356, 'BRG0356', 3, 'BJ', 'Muffin OB 80gr', 4, 4, 4, 5, 1, 10, 100, 3.81, 6000.00, '', 'TRUE', '', '', '0000-00-00 00:00:00', '0000-00-00 00:00:00'),
	(357, 'BRG0357', 3, 'BJ', 'Muffin OK 50gr', 4, 4, 4, 5, 1, 10, 100, 2.53, 4000.00, '', 'TRUE', '', '', '0000-00-00 00:00:00', '0000-00-00 00:00:00'),
	(358, 'BRG0358', 3, 'BJ', 'Muffin kecil 40gr', 4, 4, 4, 5, 1, 10, 100, 2.06, 3500.00, '', 'TRUE', '', '', '0000-00-00 00:00:00', '0000-00-00 00:00:00'),
	(359, 'BRG0359', 3, 'BJ', 'Muffin kecil 30gr', 4, 4, 4, 5, 1, 10, 100, 1.82, 3000.00, '', 'TRUE', '', '', '0000-00-00 00:00:00', '0000-00-00 00:00:00'),
	(360, 'BRG0360', 3, 'BJ', 'Muffin keju OB', 4, 4, 4, 5, 1, 10, 100, 3.60, 6500.00, '', 'TRUE', '', '', '0000-00-00 00:00:00', '0000-00-00 00:00:00'),
	(361, 'BRG0361', 3, 'BJ', 'Muffin keju OK', 4, 4, 4, 5, 1, 10, 100, 2.45, 4500.00, '', 'TRUE', '', '', '0000-00-00 00:00:00', '0000-00-00 00:00:00'),
	(362, 'BRG0362', 3, 'BJ', 'Muffin pj 150', 4, 4, 4, 5, 1, 10, 100, 6.34, 10000.00, '', 'TRUE', '', '', '0000-00-00 00:00:00', '0000-00-00 00:00:00'),
	(363, 'BRG0363', 3, 'BJ', 'Muffin pj 100', 4, 4, 4, 5, 1, 10, 100, 4.55, 8000.00, '', 'TRUE', '', '', '0000-00-00 00:00:00', '0000-00-00 00:00:00'),
	(364, 'BRG0364', 3, 'BJ', 'Muffin cklt OB', 4, 4, 4, 5, 1, 10, 100, 3.80, 6000.00, '', 'TRUE', '', '', '0000-00-00 00:00:00', '0000-00-00 00:00:00'),
	(365, 'BRG0365', 3, 'BJ', 'Muffin cklt OK 50gr', 4, 4, 4, 5, 1, 10, 100, 2.57, 4000.00, '', 'TRUE', '', '', '0000-00-00 00:00:00', '0000-00-00 00:00:00'),
	(366, 'BRG0366', 3, 'BJ', 'Muffin cklt pj 150', 4, 4, 4, 5, 1, 10, 100, 6.84, 10000.00, '', 'TRUE', '', '', '0000-00-00 00:00:00', '0000-00-00 00:00:00'),
	(367, 'BRG0367', 3, 'BJ', 'Muffin cklt pj 100', 4, 4, 4, 5, 1, 10, 100, 5.14, 8000.00, '', 'TRUE', '', '', '0000-00-00 00:00:00', '0000-00-00 00:00:00'),
	(368, 'BRG0368', 3, 'BJ', 'cake banana isi 2', 4, 4, 4, 5, 1, 10, 100, 3.77, 6000.00, '', 'TRUE', '', '', '0000-00-00 00:00:00', '0000-00-00 00:00:00'),
	(369, 'BRG0369', 3, 'BJ', 'cake banana art isi 2', 4, 4, 4, 5, 1, 10, 100, 7.93, 12000.00, '', 'TRUE', '', '', '0000-00-00 00:00:00', '0000-00-00 00:00:00'),
	(370, 'BRG0370', 3, 'BJ', 'Banana cake', 4, 4, 4, 5, 1, 10, 100, 17.00, 28000.00, '', 'TRUE', '', '', '0000-00-00 00:00:00', '0000-00-00 00:00:00'),
	(371, 'BRG0371', 3, 'BJ', 'Karamel cake', 4, 4, 4, 5, 1, 10, 100, 38.08, 56000.00, '', 'TRUE', '', '', '0000-00-00 00:00:00', '0000-00-00 00:00:00'),
	(372, 'BRG0372', 3, 'BJ', 'Karamel cake', 4, 4, 4, 5, 1, 10, 100, 39.38, 58000.00, '', 'TRUE', '', '', '0000-00-00 00:00:00', '0000-00-00 00:00:00'),
	(373, 'BRG0373', 3, 'BJ', 'Karamel cake', 4, 4, 4, 5, 1, 10, 100, 1.76, 2500.00, '', 'TRUE', '', '', '0000-00-00 00:00:00', '0000-00-00 00:00:00'),
	(374, 'BRG0374', 3, 'BJ', 'emoticon cookies', 4, 4, 4, 5, 1, 10, 100, 3.31, 6000.00, '', 'TRUE', '', '', '0000-00-00 00:00:00', '0000-00-00 00:00:00'),
	(375, 'BRG0375', 3, 'BJ', 'Fruit cake B', 4, 4, 4, 5, 1, 10, 100, 25.97, 36000.00, '', 'TRUE', '', '', '0000-00-00 00:00:00', '0000-00-00 00:00:00'),
	(376, 'BRG0376', 3, 'BJ', 'Fruit cake K', 4, 4, 4, 5, 1, 10, 100, 12.97, 20000.00, '', 'TRUE', '', '', '0000-00-00 00:00:00', '0000-00-00 00:00:00'),
	(377, 'BRG0377', 3, 'BJ', 'nastar jambu', 4, 4, 4, 5, 1, 10, 100, 1.94, 4000.00, '', 'TRUE', '', '', '0000-00-00 00:00:00', '0000-00-00 00:00:00'),
	(378, 'BRG0378', 3, 'BJ', 'nastar jambu box 10s', 4, 4, 4, 5, 1, 10, 100, 19.40, 38000.00, '', 'TRUE', '', '', '0000-00-00 00:00:00', '0000-00-00 00:00:00'),
	(379, 'BRG0379', 6, 'BP', 'almond danish', 4, 4, 4, 5, 1, 10, 100, 3.18, 6000.00, '', 'TRUE', '', '', '0000-00-00 00:00:00', '0000-00-00 00:00:00'),
	(380, 'BRG0380', 3, 'BJ', 'cup cake k bc', 4, 4, 4, 5, 1, 10, 100, 2.88, 4000.00, '', 'TRUE', '', '', '0000-00-00 00:00:00', '0000-00-00 00:00:00'),
	(381, 'BRG0381', 3, 'BJ', 'cup cake k fd', 4, 4, 4, 5, 1, 10, 100, 3.48, 6000.00, '', 'TRUE', '', '', '0000-00-00 00:00:00', '0000-00-00 00:00:00'),
	(382, 'BRG0382', 3, 'BJ', 'cup cake k fd 6s', 4, 4, 4, 5, 1, 10, 100, 20.71, 35000.00, '', 'TRUE', '', '', '0000-00-00 00:00:00', '0000-00-00 00:00:00'),
	(383, 'BRG0383', 3, 'BJ', 'cup cake b fd', 4, 4, 4, 5, 1, 10, 100, 5.77, 12000.00, '', 'TRUE', '', '', '0000-00-00 00:00:00', '0000-00-00 00:00:00'),
	(384, 'BRG0384', 3, 'BJ', 'cup cake b fd 1s', 4, 4, 4, 5, 1, 10, 100, 6.97, 14000.00, '', 'TRUE', '', '', '0000-00-00 00:00:00', '0000-00-00 00:00:00'),
	(385, 'BRG0385', 3, 'BJ', 'cup cake b fd 2s', 4, 4, 4, 5, 1, 10, 100, 13.29, 25000.00, '', 'TRUE', '', '', '0000-00-00 00:00:00', '0000-00-00 00:00:00'),
	(386, 'BRG0386', 3, 'BJ', 'cup cake b fd 4s', 4, 4, 4, 5, 1, 10, 100, 25.33, 45000.00, '', 'TRUE', '', '', '0000-00-00 00:00:00', '0000-00-00 00:00:00'),
	(387, 'BRG0387', 3, 'BJ', 'cup cake b fd 6s', 4, 4, 4, 5, 1, 10, 100, 37.37, 70000.00, '', 'TRUE', '', '', '0000-00-00 00:00:00', '0000-00-00 00:00:00'),
	(388, 'BRG0388', 3, 'BJ', 'cup cake b fd 9s', 4, 4, 4, 5, 1, 10, 100, 55.93, 100000.00, '', 'TRUE', '', '', '0000-00-00 00:00:00', '0000-00-00 00:00:00'),
	(389, 'BRG0389', 3, 'BJ', 'cup cake b bc', 4, 4, 4, 5, 1, 10, 100, 6.04, 10000.00, '', 'TRUE', '', '', '0000-00-00 00:00:00', '0000-00-00 00:00:00'),
	(390, 'BRG0390', 3, 'BJ', 'CHOCOLATE MOIST CAKE', 4, 4, 4, 5, 1, 10, 100, 3.11, 5000.00, '', 'TRUE', '', '', '0000-00-00 00:00:00', '0000-00-00 00:00:00'),
	(391, 'BRG0391', 3, 'BJ', 'zuppa soup', 4, 4, 4, 5, 1, 10, 100, 7.48, 12000.00, '', 'TRUE', '', '', '0000-00-00 00:00:00', '0000-00-00 00:00:00'),
	(392, 'BRG0392', 3, 'BJ', 'Pukis', 4, 4, 4, 5, 1, 10, 100, 1.18, 2000.00, '', 'TRUE', '', '', '0000-00-00 00:00:00', '0000-00-00 00:00:00'),
	(393, 'BRG0393', 3, 'BJ', 'Pukis mini', 4, 4, 4, 5, 1, 10, 100, 1.50, 2500.00, '', 'TRUE', '', '', '0000-00-00 00:00:00', '0000-00-00 00:00:00'),
	(394, 'BRG0394', 3, 'BJ', 'Bika ambon', 4, 4, 4, 5, 1, 10, 100, 1.54, 2500.00, '', 'TRUE', '', '', '0000-00-00 00:00:00', '0000-00-00 00:00:00'),
	(395, 'BRG0395', 3, 'BJ', 'Bika ambon 3', 4, 4, 4, 5, 1, 10, 100, 4.77, 7000.00, '', 'TRUE', '', '', '0000-00-00 00:00:00', '0000-00-00 00:00:00'),
	(396, 'BRG0396', 6, 'BP', 'Abon 125gr', 4, 4, 4, 5, 1, 10, 100, 38.70, 47000.00, '', 'TRUE', '', '', '0000-00-00 00:00:00', '0000-00-00 00:00:00'),
	(397, 'BRG0397', 6, 'BP', 'Abon 250gr', 4, 4, 4, 5, 1, 10, 100, 73.20, 85000.00, '', 'TRUE', '', '', '0000-00-00 00:00:00', '0000-00-00 00:00:00'),
	(398, 'BRG0398', 6, 'BP', 'Abon tuna 150gr', 4, 4, 4, 5, 1, 10, 100, 21.98, 35000.00, '', 'TRUE', '', '', '0000-00-00 00:00:00', '0000-00-00 00:00:00'),
	(399, 'BRG0399', 6, 'BP', 'Abon tuna 250gr', 4, 4, 4, 5, 1, 10, 100, 33.70, 55000.00, '', 'TRUE', '', '', '0000-00-00 00:00:00', '0000-00-00 00:00:00'),
	(400, 'BRG0400', 6, 'BP', 'Abon ayam 125gr', 4, 4, 4, 5, 1, 10, 100, 21.65, 35000.00, '', 'TRUE', '', '', '0000-00-00 00:00:00', '0000-00-00 00:00:00'),
	(401, 'BRG0401', 6, 'BP', 'Abon ayam 250gr', 4, 4, 4, 5, 1, 10, 100, 39.11, 60000.00, '', 'TRUE', '', '', '0000-00-00 00:00:00', '0000-00-00 00:00:00'),
	(402, 'BRG0402', 3, 'BJ', 'puding gelas', 4, 4, 4, 5, 1, 10, 100, 5.00, 8000.00, '', 'TRUE', '', '', '0000-00-00 00:00:00', '0000-00-00 00:00:00'),
	(403, 'BRG0403', 3, 'BJ', 'Puding sedot', 4, 4, 4, 5, 1, 10, 100, 8.00, 12000.00, '', 'TRUE', '', '', '0000-00-00 00:00:00', '0000-00-00 00:00:00'),
	(404, 'BRG0404', 3, 'BJ', 'Praline stick', 4, 4, 4, 5, 1, 10, 100, 2.68, 4000.00, '', 'TRUE', '', '', '0000-00-00 00:00:00', '0000-00-00 00:00:00'),
	(405, 'BRG0405', 6, 'BP', 'angry bird', 4, 4, 4, 5, 1, 10, 100, 7.87, 14000.00, '', 'TRUE', '', '', '0000-00-00 00:00:00', '0000-00-00 00:00:00'),
	(406, 'BRG0406', 3, 'BJ', 'coklat kurma dark', 4, 4, 4, 5, 1, 10, 100, 43.81, 60000.00, '', 'TRUE', '', '', '0000-00-00 00:00:00', '0000-00-00 00:00:00'),
	(407, 'BRG0407', 6, 'BP', 'almond lover top blt mini', 4, 4, 4, 5, 1, 10, 100, 18.81, 30000.00, '', 'TRUE', '', '', '0000-00-00 00:00:00', '0000-00-00 00:00:00'),
	(408, 'BRG0408', 3, 'BJ', 'bull\'s eyes top blt mini', 4, 4, 4, 5, 1, 10, 100, 18.81, 30000.00, '', 'TRUE', '', '', '0000-00-00 00:00:00', '0000-00-00 00:00:00'),
	(409, 'BRG0409', 6, 'BP', 'almond cheese crispy', 4, 4, 4, 5, 1, 10, 100, 34.90, 45000.00, '', 'TRUE', '', '', '0000-00-00 00:00:00', '0000-00-00 00:00:00'),
	(410, 'BRG0410', 3, 'BJ', 'bull\'s eyes top Ov kcl', 4, 4, 4, 5, 1, 10, 100, 29.74, 45000.00, '', 'TRUE', '', '', '0000-00-00 00:00:00', '0000-00-00 00:00:00'),
	(411, 'BRG0411', 3, 'BJ', 'Sosis sapi', 4, 4, 4, 5, 1, 10, 100, 2.14, 2500.00, '', 'TRUE', '', '', '0000-00-00 00:00:00', '0000-00-00 00:00:00'),
	(412, 'BRG0412', 3, 'BJ', 'Sosis sapi 3000', 4, 4, 4, 5, 1, 10, 100, 2.48, 3000.00, '', 'TRUE', '', '', '0000-00-00 00:00:00', '0000-00-00 00:00:00'),
	(413, 'BRG0413', 3, 'BJ', 'Sosis sapi 3500', 4, 4, 4, 5, 1, 10, 100, 2.94, 3500.00, '', 'TRUE', '', '', '0000-00-00 00:00:00', '0000-00-00 00:00:00'),
	(414, 'BRG0414', 3, 'BJ', 'Sosis ayam', 4, 4, 4, 5, 1, 10, 100, 1.95, 2500.00, '', 'TRUE', '', '', '0000-00-00 00:00:00', '0000-00-00 00:00:00'),
	(415, 'BRG0415', 3, 'BJ', 'Martabak', 4, 4, 4, 5, 1, 10, 100, 1.99, 2500.00, '', 'TRUE', '', '', '0000-00-00 00:00:00', '0000-00-00 00:00:00'),
	(416, 'BRG0416', 3, 'BJ', 'Cantik manis', 4, 4, 4, 5, 1, 10, 100, 1.10, 2000.00, '', 'TRUE', '', '', '0000-00-00 00:00:00', '0000-00-00 00:00:00'),
	(417, 'BRG0417', 3, 'BJ', 'onde2', 4, 4, 4, 5, 1, 10, 100, 2.40, 2500.00, '', 'TRUE', '', '', '0000-00-00 00:00:00', '0000-00-00 00:00:00'),
	(418, 'BRG0418', 3, 'BJ', 'puding panggang', 4, 4, 4, 5, 1, 10, 100, 8.50, 12000.00, '', 'TRUE', '', '', '0000-00-00 00:00:00', '0000-00-00 00:00:00'),
	(419, 'BRG0419', 3, 'BJ', 'cheese cake', 4, 4, 4, 5, 1, 10, 100, 40.30, 55000.00, '', 'TRUE', '', '', '0000-00-00 00:00:00', '0000-00-00 00:00:00'),
	(420, 'BRG0420', 3, 'BJ', 'lumpur', 4, 4, 4, 5, 1, 10, 100, 2.39, 3000.00, '', 'TRUE', '', '', '0000-00-00 00:00:00', '0000-00-00 00:00:00'),
	(421, 'BRG0421', 3, 'BJ', 'kroket potato', 4, 4, 4, 5, 1, 10, 100, 1.93, 2500.00, '', 'TRUE', '', '', '0000-00-00 00:00:00', '0000-00-00 00:00:00'),
	(422, 'BRG0422', 3, 'BJ', 'donat knorr potato', 4, 4, 4, 5, 1, 10, 100, 2.08, 4000.00, '', 'TRUE', '', '', '0000-00-00 00:00:00', '0000-00-00 00:00:00'),
	(423, 'BRG0423', 3, 'BJ', 'japanes almond', 4, 4, 4, 5, 1, 10, 100, 2.94, 5000.00, '', 'TRUE', '', '', '0000-00-00 00:00:00', '0000-00-00 00:00:00'),
	(424, 'BRG0424', 3, 'BJ', 'Kunyit asem madu', 4, 4, 4, 5, 1, 10, 100, 6.66, 10000.00, '', 'TRUE', '', '', '0000-00-00 00:00:00', '0000-00-00 00:00:00'),
	(425, 'BRG0425', 3, 'BJ', 'grissini', 4, 4, 4, 5, 1, 10, 100, 6.76, 10000.00, '', 'TRUE', '', '', '0000-00-00 00:00:00', '0000-00-00 00:00:00'),
	(426, 'BRG0426', 3, 'BJ', 'Soes kering blueband 150', 4, 4, 4, 5, 1, 10, 100, 10.70, 18000.00, '', 'TRUE', '', '', '0000-00-00 00:00:00', '0000-00-00 00:00:00'),
	(427, 'BRG0427', 3, 'BJ', 'Soes kering blueband 250', 4, 4, 4, 5, 1, 10, 100, 16.86, 28000.00, '', 'TRUE', '', '', '0000-00-00 00:00:00', '0000-00-00 00:00:00'),
	(428, 'BRG0428', 3, 'BJ', 'Soes kering 10 gr', 4, 4, 4, 5, 1, 10, 100, 1.03, 2000.00, '', 'TRUE', '', '', '0000-00-00 00:00:00', '0000-00-00 00:00:00'),
	(429, 'BRG0429', 3, 'BJ', 'Soes kering 17 gr', 4, 4, 4, 5, 1, 10, 100, 1.44, 2500.00, '', 'TRUE', '', '', '0000-00-00 00:00:00', '0000-00-00 00:00:00'),
	(430, 'BRG0430', 3, 'BJ', 'bagelen', 4, 4, 4, 5, 1, 10, 100, 12.08, 20000.00, '', 'TRUE', '', '', '0000-00-00 00:00:00', '0000-00-00 00:00:00'),
	(431, 'BRG0431', 3, 'BJ', 'Bolu jadul', 4, 4, 4, 5, 1, 10, 100, 11.74, 20000.00, '', 'TRUE', '', '', '0000-00-00 00:00:00', '0000-00-00 00:00:00'),
	(432, 'BRG0432', 3, 'BJ', 'Tart puding susu / coklat / panir', 4, 4, 4, 5, 1, 10, 100, 60.00, 100000.00, '', 'TRUE', '', '', '0000-00-00 00:00:00', '0000-00-00 00:00:00'),
	(433, 'BRG0433', 3, 'BJ', 'Sele blueberry pot', 4, 4, 4, 5, 1, 10, 100, 10.61, 15000.00, '', 'TRUE', '', '', '0000-00-00 00:00:00', '0000-00-00 00:00:00'),
	(434, 'BRG0434', 3, 'BJ', 'Sele raspberry pot', 4, 4, 4, 5, 1, 10, 100, 9.87, 15000.00, '', 'TRUE', '', '', '0000-00-00 00:00:00', '0000-00-00 00:00:00'),
	(435, 'BRG0435', 3, 'BJ', 'meses warna po', 4, 4, 4, 5, 1, 10, 100, 6.60, 9000.00, '', 'TRUE', '', '', '0000-00-00 00:00:00', '0000-00-00 00:00:00'),
	(436, 'BRG0436', 3, 'BJ', 'Meses coklat pot', 4, 4, 4, 5, 1, 10, 100, 7.40, 10000.00, '', 'TRUE', '', '', '0000-00-00 00:00:00', '0000-00-00 00:00:00'),
	(437, 'BRG0437', 4, 'BTPN', 'Pancake Amrista 2 bj ', 4, 4, 4, 5, 1, 10, 100, 11.00, 13.00, '', 'TRUE', '', '', '0000-00-00 00:00:00', '0000-00-00 00:00:00'),
	(438, 'BRG0438', 4, 'BTPN', 'Pancake Amrista 4 bj', 4, 4, 4, 5, 1, 10, 100, 22.00, 24.00, '', 'TRUE', '', '', '0000-00-00 00:00:00', '0000-00-00 00:00:00'),
	(439, 'BRG0439', 4, 'BTPN', 'Kacang Klici', 4, 4, 4, 5, 1, 10, 100, 800.00, 1.00, '', 'TRUE', '', '', '0000-00-00 00:00:00', '0000-00-00 00:00:00'),
	(440, 'BRG0440', 4, 'BTPN', 'Cornetto mini black & white', 4, 4, 4, 5, 1, 10, 100, 4.00, 5.00, '', 'TRUE', '', '', '0000-00-00 00:00:00', '0000-00-00 00:00:00'),
	(441, 'BRG0441', 4, 'BTPN', 'Cornetto oreo', 4, 4, 4, 5, 1, 10, 100, 7.60, 9.50, '', 'TRUE', '', '', '0000-00-00 00:00:00', '0000-00-00 00:00:00'),
	(442, 'BRG0442', 4, 'BTPN', 'Poppulare Coklat ', 4, 4, 4, 5, 1, 10, 100, 3.60, 4.50, '', 'TRUE', '', '', '0000-00-00 00:00:00', '0000-00-00 00:00:00'),
	(443, 'BRG0443', 4, 'BTPN', 'Poppulare Strawberry', 4, 4, 4, 5, 1, 10, 100, 3.60, 4.50, '', 'TRUE', '', '', '0000-00-00 00:00:00', '0000-00-00 00:00:00'),
	(444, 'BRG0444', 4, 'BTPN', 'Paddle Pop Trico ', 4, 4, 4, 5, 1, 10, 100, 1.60, 2.00, '', 'TRUE', '', '', '0000-00-00 00:00:00', '0000-00-00 00:00:00'),
	(445, 'BRG0445', 4, 'BTPN', 'Paddle Pop Rainbow Power', 4, 4, 4, 5, 1, 10, 100, 2.40, 3.50, '', 'TRUE', '', '', '0000-00-00 00:00:00', '0000-00-00 00:00:00'),
	(446, 'BRG0446', 4, 'BTPN', 'Paddle Pop Twister', 4, 4, 4, 5, 1, 10, 100, 3.20, 4.50, '', 'TRUE', '', '', '0000-00-00 00:00:00', '0000-00-00 00:00:00'),
	(447, 'BRG0447', 4, 'BTPN', 'Pocari Sweet 350 ml', 4, 4, 4, 5, 1, 10, 100, 4.70, 6.00, '', 'TRUE', '', '', '0000-00-00 00:00:00', '0000-00-00 00:00:00'),
	(448, 'BRG0448', 4, 'BTPN', 'Pocari Sweet 500 ml', 4, 4, 4, 5, 1, 10, 100, 5.55, 7.00, '', 'TRUE', '', '', '0000-00-00 00:00:00', '0000-00-00 00:00:00'),
	(449, 'BRG0449', 4, 'BTPN', 'Keju kraft quick melt', 4, 4, 4, 5, 1, 10, 100, 22.40, 25.00, '', 'TRUE', '', '', '0000-00-00 00:00:00', '0000-00-00 00:00:00'),
	(450, 'BRG0450', 4, 'BTPN', 'Keju kraft mini 35 gr', 4, 4, 4, 5, 1, 10, 100, 5.10, 6.00, '', 'TRUE', '', '', '0000-00-00 00:00:00', '0000-00-00 00:00:00'),
	(451, 'BRG0451', 4, 'BTPN', 'Keju kraft cheddar 75 gr', 4, 4, 4, 5, 1, 10, 100, 7.80, 10.50, '', 'TRUE', '', '', '0000-00-00 00:00:00', '0000-00-00 00:00:00'),
	(452, 'BRG0452', 4, 'BTPN', 'Keju kraft Singgles isi 5', 4, 4, 4, 5, 1, 10, 100, 9.00, 12.00, '', 'TRUE', '', '', '0000-00-00 00:00:00', '0000-00-00 00:00:00'),
	(453, 'BRG0453', 4, 'BTPN', 'Keju kraft cheddar 165 gr', 4, 4, 4, 5, 1, 10, 100, 18.00, 25.00, '', 'TRUE', '', '', '0000-00-00 00:00:00', '0000-00-00 00:00:00'),
	(454, 'BRG0454', 4, 'BTPN', 'Qeju Blok 165 gr', 4, 4, 4, 5, 1, 10, 100, 14.00, 17.00, '', 'TRUE', '', '', '0000-00-00 00:00:00', '0000-00-00 00:00:00'),
	(455, 'BRG0455', 4, 'BTPN', 'Keju kraft singgles 12\'s 200 gr', 4, 4, 4, 5, 1, 10, 100, 16.30, 25.00, '', 'TRUE', '', '', '0000-00-00 00:00:00', '0000-00-00 00:00:00'),
	(456, 'BRG0456', 4, 'BTPN', 'Bolu Jahe Bulat Dannish', 4, 4, 4, 5, 1, 10, 100, 14.50, 16.00, '', 'TRUE', '', '', '0000-00-00 00:00:00', '0000-00-00 00:00:00'),
	(457, 'BRG0457', 4, 'BTPN', 'Bolu Jahe Mika Dannish', 4, 4, 4, 5, 1, 10, 100, 8.50, 10.00, '', 'TRUE', '', '', '0000-00-00 00:00:00', '0000-00-00 00:00:00'),
	(458, 'BRG0458', 4, 'BTPN', 'Onde - onde ceplus Dannish', 4, 4, 4, 5, 1, 10, 100, 15.00, 17.00, '', 'TRUE', '', '', '0000-00-00 00:00:00', '0000-00-00 00:00:00'),
	(459, 'BRG0459', 4, 'BTPN', 'Bolu Jahe Bulat Hartini', 4, 4, 4, 5, 1, 10, 100, 12.50, 16.00, '', 'TRUE', '', '', '0000-00-00 00:00:00', '0000-00-00 00:00:00'),
	(460, 'BRG0460', 4, 'BTPN', 'Bolu Jahe Mika Hartini', 4, 4, 4, 5, 1, 10, 100, 8.00, 10.00, '', 'TRUE', '', '', '0000-00-00 00:00:00', '0000-00-00 00:00:00'),
	(461, 'BRG0461', 4, 'BTPN', 'Gapit lempit besar hartini', 4, 4, 4, 5, 1, 10, 100, 8.00, 12.00, '', 'TRUE', '', '', '0000-00-00 00:00:00', '0000-00-00 00:00:00'),
	(462, 'BRG0462', 4, 'BTPN', 'Gapit lempit pita hartini', 4, 4, 4, 5, 1, 10, 100, 8.00, 12.00, '', 'TRUE', '', '', '0000-00-00 00:00:00', '0000-00-00 00:00:00'),
	(463, 'BRG0463', 4, 'BTPN', 'Cipiran kecil Hartini', 4, 4, 4, 5, 1, 10, 100, 10.00, 13.00, '', 'TRUE', '', '', '0000-00-00 00:00:00', '0000-00-00 00:00:00'),
	(464, 'BRG0464', 4, 'BTPN', 'Matahari besar Hartini', 4, 4, 4, 5, 1, 10, 100, 12.00, 15.00, '', 'TRUE', '', '', '0000-00-00 00:00:00', '0000-00-00 00:00:00'),
	(465, 'BRG0465', 4, 'BTPN', 'Kripik pisang bulat Hartini', 4, 4, 4, 5, 1, 10, 100, 8.00, 12.00, '', 'TRUE', '', '', '0000-00-00 00:00:00', '0000-00-00 00:00:00'),
	(466, 'BRG0466', 4, 'BTPN', 'Gapit Semprong', 4, 4, 4, 5, 1, 10, 100, 10.00, 12.00, '', 'TRUE', '', '', '0000-00-00 00:00:00', '0000-00-00 00:00:00'),
	(467, 'BRG0467', 4, 'BTPN', 'Madu Murni nusantara 650 ml', 4, 4, 4, 5, 1, 10, 100, 91.20, 110.00, '', 'TRUE', '', '', '0000-00-00 00:00:00', '0000-00-00 00:00:00'),
	(468, 'BRG0468', 4, 'BTPN', 'Madu Murni Tanggung 250 ml', 4, 4, 4, 5, 1, 10, 100, 48.00, 55.00, '', 'TRUE', '', '', '0000-00-00 00:00:00', '0000-00-00 00:00:00'),
	(469, 'BRG0469', 4, 'BTPN', 'Madu Klengkeng tanggung 250 ml', 4, 4, 4, 5, 1, 10, 100, 58.00, 66.00, '', 'TRUE', '', '', '0000-00-00 00:00:00', '0000-00-00 00:00:00'),
	(470, 'BRG0470', 4, 'BTPN', 'Madu Super tanggung 250 ml', 4, 4, 4, 5, 1, 10, 100, 58.00, 68.00, '', 'TRUE', '', '', '0000-00-00 00:00:00', '0000-00-00 00:00:00'),
	(471, 'BRG0471', 4, 'BTPN', 'Yakult ', 4, 4, 4, 5, 1, 10, 100, 7.25, 8.50, '', 'TRUE', '', '', '0000-00-00 00:00:00', '0000-00-00 00:00:00'),
	(472, 'BRG0472', 4, 'BTPN', 'Manisan Asem', 4, 4, 4, 5, 1, 10, 100, 3.00, 3.50, '', 'TRUE', '', '', '0000-00-00 00:00:00', '0000-00-00 00:00:00'),
	(473, 'BRG0473', 4, 'BTPN', 'Pia bulan kacang ijo Sidoarjo ', 4, 4, 4, 5, 1, 10, 100, 10.00, 13.00, '', 'TRUE', '', '', '0000-00-00 00:00:00', '0000-00-00 00:00:00'),
	(474, 'BRG0474', 4, 'BTPN', 'Bakpia ungu', 4, 4, 4, 5, 1, 10, 100, 18.00, 20.00, '', 'TRUE', '', '', '0000-00-00 00:00:00', '0000-00-00 00:00:00'),
	(475, 'BRG0475', 4, 'BTPN', 'Kripik Tempe Murni', 4, 4, 4, 5, 1, 10, 100, 10.50, 13.00, '', 'TRUE', '', '', '0000-00-00 00:00:00', '0000-00-00 00:00:00'),
	(476, 'BRG0476', 4, 'BTPN', 'Telur Asin', 4, 4, 4, 5, 1, 10, 100, 3.00, 3.50, '', 'TRUE', '', '', '0000-00-00 00:00:00', '0000-00-00 00:00:00'),
	(477, 'BRG0477', 4, 'BTPN', 'Kripik singkong masbro', 4, 4, 4, 5, 1, 10, 100, 8.00, 11.00, '', 'TRUE', '', '', '0000-00-00 00:00:00', '0000-00-00 00:00:00'),
	(478, 'BRG0478', 4, 'BTPN', 'Brangkal telo besar', 4, 4, 4, 5, 1, 10, 100, 9.50, 10.00, '', 'TRUE', '', '', '0000-00-00 00:00:00', '0000-00-00 00:00:00'),
	(479, 'BRG0479', 4, 'BTPN', 'Krupuk pangsit massita', 4, 4, 4, 5, 1, 10, 100, 8.00, 10.00, '', 'TRUE', '', '', '0000-00-00 00:00:00', '0000-00-00 00:00:00'),
	(480, 'BRG0480', 4, 'BTPN', 'Minyak Zaitun 60 ml', 4, 4, 4, 5, 1, 10, 100, 17.00, 19.00, '', 'TRUE', '', '', '0000-00-00 00:00:00', '0000-00-00 00:00:00'),
	(481, 'BRG0481', 4, 'BTPN', 'Minyak Zaitun ekstra virgin 60 ml', 4, 4, 4, 5, 1, 10, 100, 22.00, 24.00, '', 'TRUE', '', '', '0000-00-00 00:00:00', '0000-00-00 00:00:00'),
	(482, 'BRG0482', 4, 'BTPN', 'Minyak Zaitun 350 ml', 4, 4, 4, 5, 1, 10, 100, 44.00, 46.00, '', 'TRUE', '', '', '0000-00-00 00:00:00', '0000-00-00 00:00:00'),
	(483, 'BRG0483', 4, 'BTPN', 'Minyak Zaitun ekstra virgin 350 ml', 4, 4, 4, 5, 1, 10, 100, 60.00, 62.00, '', 'TRUE', '', '', '0000-00-00 00:00:00', '0000-00-00 00:00:00'),
	(484, 'BRG0484', 4, 'BTPN', 'Sari Kurma', 4, 4, 4, 5, 1, 10, 100, 26.00, 28.00, '', 'TRUE', '', '', '0000-00-00 00:00:00', '0000-00-00 00:00:00'),
	(485, 'BRG0485', 6, 'BP', 'Al - Ashifa', 4, 4, 4, 5, 1, 10, 100, 35.00, 38.00, '', 'TRUE', '', '', '0000-00-00 00:00:00', '0000-00-00 00:00:00'),
	(486, 'BRG0486', 4, 'BTPN', 'Madu pahit insulin 470 gr', 4, 4, 4, 5, 1, 10, 100, 60.00, 70.00, '', 'TRUE', '', '', '0000-00-00 00:00:00', '0000-00-00 00:00:00'),
	(487, 'BRG0487', 6, 'BP', 'Ades tanggung', 4, 4, 4, 5, 1, 10, 100, 1.80, 2.50, '', 'TRUE', '', '', '0000-00-00 00:00:00', '0000-00-00 00:00:00'),
	(488, 'BRG0488', 4, 'BTPN', 'Minute Pulpy orange', 4, 4, 4, 5, 1, 10, 100, 4.10, 6.50, '', 'TRUE', '', '', '0000-00-00 00:00:00', '0000-00-00 00:00:00'),
	(489, 'BRG0489', 4, 'BTPN', 'Teh pucuk 350 ml', 4, 4, 4, 5, 1, 10, 100, 2.30, 3.00, '', 'TRUE', '', '', '0000-00-00 00:00:00', '0000-00-00 00:00:00'),
	(490, 'BRG0490', 4, 'BTPN', 'Teh pucuk 500 ml', 4, 4, 4, 5, 1, 10, 100, 4.50, 5.50, '', 'TRUE', '', '', '0000-00-00 00:00:00', '0000-00-00 00:00:00'),
	(491, 'BRG0491', 4, 'BTPN', 'Guava ', 4, 4, 4, 5, 1, 10, 100, 4.20, 5.00, '', 'TRUE', '', '', '0000-00-00 00:00:00', '0000-00-00 00:00:00'),
	(492, 'BRG0492', 4, 'BTPN', 'Ultra mimi all fariant', 4, 4, 4, 5, 1, 10, 100, 2.30, 3.50, '', 'TRUE', '', '', '0000-00-00 00:00:00', '0000-00-00 00:00:00'),
	(493, 'BRG0493', 4, 'BTPN', 'Ultra All fariant', 4, 4, 4, 5, 1, 10, 100, 3.65, 5.00, '', 'TRUE', '', '', '0000-00-00 00:00:00', '0000-00-00 00:00:00'),
	(494, 'BRG0494', 4, 'BTPN', 'Ultra 1 Liter ', 4, 4, 4, 5, 1, 10, 100, 15.25, 16.50, '', 'TRUE', '', '', '0000-00-00 00:00:00', '0000-00-00 00:00:00'),
	(495, 'BRG0495', 4, 'BTPN', 'Ultra low fat 1 liter', 4, 4, 4, 5, 1, 10, 100, 16.10, 17.50, '', 'TRUE', '', '', '0000-00-00 00:00:00', '0000-00-00 00:00:00'),
	(496, 'BRG0496', 4, 'BTPN', 'Teh Kotak 350 ml', 4, 4, 4, 5, 1, 10, 100, 2.60, 3.50, '', 'TRUE', '', '', '0000-00-00 00:00:00', '0000-00-00 00:00:00'),
	(497, 'BRG0497', 4, 'BTPN', 'Teh Kotak 500 ml', 4, 4, 4, 5, 1, 10, 100, 5.00, 6.00, '', 'TRUE', '', '', '0000-00-00 00:00:00', '0000-00-00 00:00:00'),
	(498, 'BRG0498', 4, 'BTPN', 'Sari asem', 4, 4, 4, 5, 1, 10, 100, 3.90, 5.00, '', 'TRUE', '', '', '0000-00-00 00:00:00', '0000-00-00 00:00:00'),
	(499, 'BRG0499', 4, 'BTPN', 'Mete', 4, 4, 4, 5, 1, 10, 100, 16.00, 19.00, '', 'TRUE', '', '', '0000-00-00 00:00:00', '0000-00-00 00:00:00'),
	(500, 'BRG0500', 4, 'BTPN', 'Mete Rayuda 60 gr', 4, 4, 4, 5, 1, 10, 100, 13.00, 14.00, '', 'TRUE', '', '', '0000-00-00 00:00:00', '0000-00-00 00:00:00'),
	(501, 'BRG0501', 4, 'BTPN', 'Teri Besar', 4, 4, 4, 5, 1, 10, 100, 36.00, 40.00, '', 'TRUE', '', '', '0000-00-00 00:00:00', '0000-00-00 00:00:00'),
	(502, 'BRG0502', 4, 'BTPN', 'Teri kecil', 4, 4, 4, 5, 1, 10, 100, 18.00, 20.00, '', 'TRUE', '', '', '0000-00-00 00:00:00', '0000-00-00 00:00:00'),
	(503, 'BRG0503', 6, 'BP', 'Arumanis Cup 40 gr', 4, 4, 4, 5, 1, 10, 100, 3.50, 4.00, '', 'TRUE', '', '', '0000-00-00 00:00:00', '0000-00-00 00:00:00'),
	(504, 'BRG0504', 6, 'BP', 'Arumanis Cup 130 gr', 4, 4, 4, 5, 1, 10, 100, 9.00, 10.00, '', 'TRUE', '', '', '0000-00-00 00:00:00', '0000-00-00 00:00:00'),
	(505, 'BRG0505', 6, 'BP', 'Arumanis Kipas 125 gr', 4, 4, 4, 5, 1, 10, 100, 12.00, 14.00, '', 'TRUE', '', '', '0000-00-00 00:00:00', '0000-00-00 00:00:00'),
	(506, 'BRG0506', 4, 'BTPN', 'Vit 600 ml', 4, 4, 4, 5, 1, 10, 100, 1.25, 2.50, '', 'TRUE', '', '', '0000-00-00 00:00:00', '0000-00-00 00:00:00'),
	(507, 'BRG0507', 4, 'BTPN', 'You C 1000', 4, 4, 4, 5, 1, 10, 100, 4.90, 6.50, '', 'TRUE', '', '', '0000-00-00 00:00:00', '0000-00-00 00:00:00'),
	(508, 'BRG0508', 4, 'BTPN', 'Floridina ', 4, 4, 4, 5, 1, 10, 100, 2.50, 3.50, '', 'TRUE', '', '', '0000-00-00 00:00:00', '0000-00-00 00:00:00'),
	(509, 'BRG0509', 4, 'BTPN', 'Latansa Gelas', 4, 4, 4, 5, 1, 10, 100, 400.00, 500.00, '', 'TRUE', '', '', '0000-00-00 00:00:00', '0000-00-00 00:00:00'),
	(510, 'BRG0510', 4, 'BTPN', 'Latansa Gelas Karton', 4, 4, 4, 5, 1, 10, 100, 17.50, 19.00, '', 'TRUE', '', '', '0000-00-00 00:00:00', '0000-00-00 00:00:00'),
	(511, 'BRG0511', 6, 'BP', 'Aqua gelas  ', 4, 4, 4, 5, 1, 10, 100, 600.00, 1.00, '', 'TRUE', '', '', '0000-00-00 00:00:00', '0000-00-00 00:00:00'),
	(512, 'BRG0512', 6, 'BP', 'Aqua gelas karton', 4, 4, 4, 5, 1, 10, 100, 26.50, 30.00, '', 'TRUE', '', '', '0000-00-00 00:00:00', '0000-00-00 00:00:00'),
	(513, 'BRG0513', 4, 'BTPN', 'Bear brand', 4, 4, 4, 5, 1, 10, 100, 7.70, 8.50, '', 'TRUE', '', '', '0000-00-00 00:00:00', '0000-00-00 00:00:00'),
	(514, 'BRG0514', 4, 'BTPN', 'Milo 115 ml', 4, 4, 4, 5, 1, 10, 100, 2.20, 3.00, '', 'TRUE', '', '', '0000-00-00 00:00:00', '0000-00-00 00:00:00'),
	(515, 'BRG0515', 4, 'BTPN', 'Milo 190 ml', 4, 4, 4, 5, 1, 10, 100, 3.75, 4.50, '', 'TRUE', '', '', '0000-00-00 00:00:00', '0000-00-00 00:00:00'),
	(516, 'BRG0516', 4, 'BTPN', 'Sari kacang hijau 150 ml', 4, 4, 4, 5, 1, 10, 100, 2.20, 3.50, '', 'TRUE', '', '', '0000-00-00 00:00:00', '0000-00-00 00:00:00'),
	(517, 'BRG0517', 4, 'BTPN', 'Sari kacang hijau 250 ml', 4, 4, 4, 5, 1, 10, 100, 3.20, 5.00, '', 'TRUE', '', '', '0000-00-00 00:00:00', '0000-00-00 00:00:00'),
	(518, 'BRG0518', 4, 'BTPN', 'Lilin Magic ', 4, 4, 4, 5, 1, 10, 100, 4.25, 8.00, '', 'TRUE', '', '', '0000-00-00 00:00:00', '0000-00-00 00:00:00'),
	(519, 'BRG0519', 4, 'BTPN', 'Madu Randu Saraswangi 350 ml', 4, 4, 4, 5, 1, 10, 100, 43.00, 48.00, '', 'TRUE', '', '', '0000-00-00 00:00:00', '0000-00-00 00:00:00'),
	(520, 'BRG0520', 4, 'BTPN', 'Madu Randu 400 ml', 4, 4, 4, 5, 1, 10, 100, 48.00, 53.00, '', 'TRUE', '', '', '0000-00-00 00:00:00', '0000-00-00 00:00:00'),
	(521, 'BRG0521', 4, 'BTPN', 'Madu Randu 120 ml', 4, 4, 4, 5, 1, 10, 100, 20.00, 25.00, '', 'TRUE', '', '', '0000-00-00 00:00:00', '0000-00-00 00:00:00'),
	(522, 'BRG0522', 4, 'BTPN', 'Madu Rambutan 350 ml', 4, 4, 4, 5, 1, 10, 100, 44.00, 49.00, '', 'TRUE', '', '', '0000-00-00 00:00:00', '0000-00-00 00:00:00'),
	(523, 'BRG0523', 4, 'BTPN', 'Madu Rambutan 120 ml', 4, 4, 4, 5, 1, 10, 100, 22.00, 27.00, '', 'TRUE', '', '', '0000-00-00 00:00:00', '0000-00-00 00:00:00'),
	(524, 'BRG0524', 4, 'BTPN', 'Madu Klengkeng 120 ml', 4, 4, 4, 5, 1, 10, 100, 22.00, 27.00, '', 'TRUE', '', '', '0000-00-00 00:00:00', '0000-00-00 00:00:00'),
	(525, 'BRG0525', 4, 'BTPN', 'Madu Klengkeng Saraswangi 350 ml', 4, 4, 4, 5, 1, 10, 100, 50.00, 55.00, '', 'TRUE', '', '', '0000-00-00 00:00:00', '0000-00-00 00:00:00'),
	(526, 'BRG0526', 4, 'BTPN', 'Teh Manggis ', 4, 4, 4, 5, 1, 10, 100, 25.00, 27.00, '', 'TRUE', '', '', '0000-00-00 00:00:00', '0000-00-00 00:00:00'),
	(527, 'BRG0527', 4, 'BTPN', 'Teh Sirsak', 4, 4, 4, 5, 1, 10, 100, 25.00, 27.00, '', 'TRUE', '', '', '0000-00-00 00:00:00', '0000-00-00 00:00:00'),
	(528, 'BRG0528', 4, 'BTPN', 'Sari Kurma Qu 330 Gram', 4, 4, 4, 5, 1, 10, 100, 26.00, 28.00, '', 'TRUE', '', '', '0000-00-00 00:00:00', '0000-00-00 00:00:00'),
	(529, 'BRG0529', 4, 'BTPN', 'Jaddie Platinum', 4, 4, 4, 5, 1, 10, 100, 30.00, 32.00, '', 'TRUE', '', '', '0000-00-00 00:00:00', '0000-00-00 00:00:00'),
	(530, 'BRG0530', 4, 'BTPN', 'Susu kambing Gomars', 4, 4, 4, 5, 1, 10, 100, 25.00, 27.00, '', 'TRUE', '', '', '0000-00-00 00:00:00', '0000-00-00 00:00:00'),
	(531, 'BRG0531', 4, 'BTPN', 'Madu Syamil', 4, 4, 4, 5, 1, 10, 100, 27.00, 29.00, '', 'TRUE', '', '', '0000-00-00 00:00:00', '0000-00-00 00:00:00'),
	(532, 'BRG0532', 3, 'BJ', 'Tart 18 bulat', 4, 4, 4, 5, 1, 10, 100, 110.40, 153.00, '', 'TRUE', '', '', '0000-00-00 00:00:00', '0000-00-00 00:00:00'),
	(533, 'BRG0533', 3, 'BJ', 'Tart 20 bulat', 4, 4, 4, 5, 1, 10, 100, 134.40, 183.00, '', 'TRUE', '', '', '0000-00-00 00:00:00', '0000-00-00 00:00:00'),
	(534, 'BRG0534', 3, 'BJ', 'Tart 24 Bulat ', 4, 4, 4, 5, 1, 10, 100, 163.20, 219.00, '', 'TRUE', '', '', '0000-00-00 00:00:00', '0000-00-00 00:00:00'),
	(535, 'BRG0535', 3, 'BJ', 'Tart 26 Bulat ', 4, 4, 4, 5, 1, 10, 100, 177.60, 237.00, '', 'TRUE', '', '', '0000-00-00 00:00:00', '0000-00-00 00:00:00'),
	(536, 'BRG0536', 3, 'BJ', 'Tart 30 Bulat ', 4, 4, 4, 5, 1, 10, 100, 249.60, 312.00, '', 'TRUE', '', '', '0000-00-00 00:00:00', '0000-00-00 00:00:00'),
	(537, 'BRG0537', 3, 'BJ', 'Tart 20 Kotak ', 4, 4, 4, 5, 1, 10, 100, 144.00, 195.00, '', 'TRUE', '', '', '0000-00-00 00:00:00', '0000-00-00 00:00:00'),
	(538, 'BRG0538', 3, 'BJ', 'Tart 24 Kotak', 4, 4, 4, 5, 1, 10, 100, 177.60, 237.00, '', 'TRUE', '', '', '0000-00-00 00:00:00', '0000-00-00 00:00:00'),
	(539, 'BRG0539', 3, 'BJ', 'Tart 26 Kotak', 4, 4, 4, 5, 1, 10, 100, 254.40, 333.00, '', 'TRUE', '', '', '0000-00-00 00:00:00', '0000-00-00 00:00:00'),
	(540, 'BRG0540', 3, 'BJ', 'Tart 30 Kotak', 4, 4, 4, 5, 1, 10, 100, 312.00, 390.00, '', 'TRUE', '', '', '0000-00-00 00:00:00', '0000-00-00 00:00:00'),
	(541, 'BRG0541', 3, 'BJ', 'Tart 30*40 Kotak', 4, 4, 4, 5, 1, 10, 100, 374.40, 468.00, '', 'TRUE', '', '', '0000-00-00 00:00:00', '0000-00-00 00:00:00'),
	(542, 'BRG0542', 3, 'BJ', 'Tart 24 Susun bulat', 4, 4, 4, 5, 1, 10, 100, 240.00, 315.00, '', 'TRUE', '', '', '0000-00-00 00:00:00', '0000-00-00 00:00:00'),
	(543, 'BRG0543', 3, 'BJ', 'Tart 26 Susun bulat', 4, 4, 4, 5, 1, 10, 100, 288.00, 375.00, '', 'TRUE', '', '', '0000-00-00 00:00:00', '0000-00-00 00:00:00'),
	(544, 'BRG0544', 3, 'BJ', 'Tart 30 Susun bulat', 4, 4, 4, 5, 1, 10, 100, 336.00, 435.00, '', 'TRUE', '', '', '0000-00-00 00:00:00', '0000-00-00 00:00:00'),
	(545, 'BRG0545', 3, 'BJ', 'BF 18 bulat', 4, 4, 4, 5, 1, 10, 100, 124.80, 171.00, '', 'TRUE', '', '', '0000-00-00 00:00:00', '0000-00-00 00:00:00'),
	(546, 'BRG0546', 3, 'BJ', 'BF 20 bulat', 4, 4, 4, 5, 1, 10, 100, 153.60, 207.00, '', 'TRUE', '', '', '0000-00-00 00:00:00', '0000-00-00 00:00:00'),
	(547, 'BRG0547', 3, 'BJ', 'BF 24 bulat', 4, 4, 4, 5, 1, 10, 100, 240.00, 315.00, '', 'TRUE', '', '', '0000-00-00 00:00:00', '0000-00-00 00:00:00'),
	(548, 'BRG0548', 3, 'BJ', 'BF 26 bulat', 4, 4, 4, 5, 1, 10, 100, 288.00, 375.00, '', 'TRUE', '', '', '0000-00-00 00:00:00', '0000-00-00 00:00:00'),
	(549, 'BRG0549', 3, 'BJ', 'BF 30 bulat', 4, 4, 4, 5, 1, 10, 100, 369.60, 477.00, '', 'TRUE', '', '', '0000-00-00 00:00:00', '0000-00-00 00:00:00'),
	(550, 'BRG0550', 3, 'BJ', 'BF 20 kotak ', 4, 4, 4, 5, 1, 10, 100, 177.60, 237.00, '', 'TRUE', '', '', '0000-00-00 00:00:00', '0000-00-00 00:00:00'),
	(551, 'BRG0551', 3, 'BJ', 'BF 24 kotak', 4, 4, 4, 5, 1, 10, 100, 254.40, 333.00, '', 'TRUE', '', '', '0000-00-00 00:00:00', '0000-00-00 00:00:00'),
	(552, 'BRG0552', 3, 'BJ', 'BF 26 kotak', 4, 4, 4, 5, 1, 10, 100, 336.00, 435.00, '', 'TRUE', '', '', '0000-00-00 00:00:00', '0000-00-00 00:00:00'),
	(553, 'BRG0553', 3, 'BJ', 'BF 30 kotak', 4, 4, 4, 5, 1, 10, 100, 340.00, 425.00, '', 'TRUE', '', '', '0000-00-00 00:00:00', '0000-00-00 00:00:00'),
	(554, 'BRG0554', 3, 'BJ', 'Tart 30 kotak susun', 4, 4, 4, 5, 1, 10, 100, 408.00, 525.00, '', 'TRUE', '', '', '0000-00-00 00:00:00', '0000-00-00 00:00:00'),
	(555, 'BRG0555', 3, 'BJ', 'Tart 30*40 Kotak 2 Lps', 4, 4, 4, 5, 1, 10, 100, 465.60, 597.00, '', 'TRUE', '', '', '0000-00-00 00:00:00', '0000-00-00 00:00:00'),
	(556, 'BRG0556', 3, 'BJ', 'Tart 30*40 Kotak 3 Lps', 4, 4, 4, 5, 1, 10, 100, 513.60, 657.00, '', 'TRUE', '', '', '0000-00-00 00:00:00', '0000-00-00 00:00:00'),
	(1411, 'i_code', 3, 'BJ', 'i_name', 4, 4, 4, 5, 1, 10, 100, 0.00, 0.00, '', 'TRUE', '', 'i_det', '0000-00-00 00:00:00', '0000-00-00 00:00:00'),
	(1412, 'BRG1111', 3, 'BB', 'Bawang', 4, 4, 4, 6, 1, 10, 100, 455.00, 5100.00, 'Y', 'TRUE', 'Y', NULL, '2018-11-07 10:10:27', NULL),
	(1413, 'BRG5000', 3, 'BB', 'Terigu', 4, 4, 4, 5, 5, 5, 5, 100.00, 100.00, 'Y', 'TRUE', 'Y', NULL, '2018-12-04 07:33:41', NULL),
	(1414, 'BRG5001', 3, 'BB', 'Gula Halus', 4, 4, 4, 5, 5, 5, 5, 100.00, 2000.00, 'Y', 'TRUE', 'Y', NULL, '2018-12-04 07:34:04', NULL),
	(1415, 'BRG5002', 3, 'BB', 'Palmia', 4, 4, 4, 4, 5, 5, 5, 100.00, 2000.00, 'Y', 'TRUE', 'Y', NULL, '2018-12-04 07:34:39', NULL),
	(1416, 'BRG5003', 3, 'BB', 'Bos', 4, 4, 4, 5, 5, 5, 5, 100.00, 100.00, 'Y', 'TRUE', 'Y', NULL, '2018-12-04 07:35:32', NULL),
	(1417, 'BRG5004', 3, 'BB', 'Kuning Telur', 4, 4, 4, 5, 5, 5, 5, 100.00, 100.00, 'Y', 'TRUE', 'Y', NULL, '2018-12-04 07:35:32', NULL),
	(1418, 'BRG5005', 3, 'BB', 'Putih Telur', 4, 4, 4, 5, 5, 5, 5, 100.00, 100.00, 'Y', 'TRUE', 'Y', NULL, '2018-12-04 07:35:32', NULL),
	(1419, 'BRG5006', 3, 'BTPN', 'Putih Telur Barokah', 4, 4, 4, 5, 5, 5, 5, 100.00, 100.00, 'Y', 'TRUE', 'Y', NULL, '2018-12-04 07:35:32', NULL);
/*!40000 ALTER TABLE `m_item` ENABLE KEYS */;


-- Dumping structure for table alamrayasite_nabila.m_machine
CREATE TABLE IF NOT EXISTS `m_machine` (
  `m_id` int(11) NOT NULL AUTO_INCREMENT,
  `m_type` char(50) DEFAULT NULL,
  `m_name` varchar(50) DEFAULT NULL,
  `m_active` char(50) DEFAULT NULL,
  `m_insert` date DEFAULT NULL,
  `m_update` date DEFAULT NULL,
  PRIMARY KEY (`m_id`)
) ENGINE=InnoDB AUTO_INCREMENT=4 DEFAULT CHARSET=latin1;

-- Dumping data for table alamrayasite_nabila.m_machine: ~2 rows (approximately)
DELETE FROM `m_machine`;
/*!40000 ALTER TABLE `m_machine` DISABLE KEYS */;
INSERT INTO `m_machine` (`m_id`, `m_type`, `m_name`, `m_active`, `m_insert`, `m_update`) VALUES
	(2, 'Toko', 'Kasir 1', NULL, NULL, NULL),
	(3, 'Toko', 'Kasir 2', NULL, NULL, NULL);
/*!40000 ALTER TABLE `m_machine` ENABLE KEYS */;


-- Dumping structure for table alamrayasite_nabila.m_paymentmethod
CREATE TABLE IF NOT EXISTS `m_paymentmethod` (
  `pm_id` tinyint(4) NOT NULL,
  `pm_year` varchar(50) DEFAULT NULL,
  `pm_name` varchar(50) DEFAULT NULL,
  `pm_coa_comp` varchar(10) NOT NULL,
  `pm_coa_year` varchar(4) NOT NULL,
  `pm_coa_code` varchar(9) NOT NULL,
  `pm_firur` varchar(50) DEFAULT NULL,
  `pm_active` enum('Y','N') DEFAULT 'Y',
  `pm_insert` timestamp NULL DEFAULT NULL,
  `pm_update` timestamp NULL DEFAULT NULL,
  PRIMARY KEY (`pm_id`)
) ENGINE=InnoDB DEFAULT CHARSET=latin1;

-- Dumping data for table alamrayasite_nabila.m_paymentmethod: ~6 rows (approximately)
DELETE FROM `m_paymentmethod`;
/*!40000 ALTER TABLE `m_paymentmethod` DISABLE KEYS */;
INSERT INTO `m_paymentmethod` (`pm_id`, `pm_year`, `pm_name`, `pm_coa_comp`, `pm_coa_year`, `pm_coa_code`, `pm_firur`, `pm_active`, `pm_insert`, `pm_update`) VALUES
	(1, '2018', 'TUNAI', 'RMZ-', '2018', '1010.....', 'Penjualan', 'Y', NULL, NULL),
	(2, '2018', 'BCA', '', '2018', '1010.....', 'Penjualan', 'Y', NULL, NULL),
	(3, '2018', 'MANDIRI', '', '2018', '', 'Penjualan', 'Y', NULL, NULL),
	(4, '2018', 'BNI', '', '2018', '', 'Penjualan', 'Y', NULL, NULL),
	(5, '2018', 'BRI', '', '2018', '', 'Penjualan', 'Y', NULL, NULL),
	(6, '2018', 'HUTANG', '', '2018', '', 'Penjualan', 'Y', NULL, NULL);
/*!40000 ALTER TABLE `m_paymentmethod` ENABLE KEYS */;


-- Dumping structure for table alamrayasite_nabila.m_price
CREATE TABLE IF NOT EXISTS `m_price` (
  `m_pid` int(11) NOT NULL AUTO_INCREMENT,
  `m_pitem` int(11) NOT NULL DEFAULT '0',
  `m_pbuy1` decimal(10,2) NOT NULL DEFAULT '0.00' COMMENT 'Harga Beli/Satuan Utama',
  `m_pbuy2` decimal(10,2) NOT NULL DEFAULT '0.00' COMMENT 'Harga Beli/Satuan2',
  `m_pbuy3` decimal(10,2) NOT NULL DEFAULT '0.00' COMMENT 'Harga Beli/Satuan3',
  `m_psell1` decimal(10,2) NOT NULL DEFAULT '0.00' COMMENT 'Harga Jual/Satuan Utama',
  `m_psell2` decimal(10,2) NOT NULL DEFAULT '0.00' COMMENT 'Harga Jual/Satuan2',
  `m_psell3` decimal(10,2) NOT NULL DEFAULT '0.00' COMMENT 'Harga Jual/Satuan3',
  `m_pcreated` timestamp NOT NULL DEFAULT CURRENT_TIMESTAMP,
  `m_pupdated` timestamp NULL DEFAULT NULL,
  PRIMARY KEY (`m_pid`)
) ENGINE=InnoDB AUTO_INCREMENT=646 DEFAULT CHARSET=latin1;

-- Dumping data for table alamrayasite_nabila.m_price: ~645 rows (approximately)
DELETE FROM `m_price`;
/*!40000 ALTER TABLE `m_price` DISABLE KEYS */;
INSERT INTO `m_price` (`m_pid`, `m_pitem`, `m_pbuy1`, `m_pbuy2`, `m_pbuy3`, `m_psell1`, `m_psell2`, `m_psell3`, `m_pcreated`, `m_pupdated`) VALUES
	(1, 1, 0.00, 0.00, 0.00, 2500.00, 2500.00, 2500.00, '2018-06-05 02:58:18', NULL),
	(2, 2, 0.00, 0.00, 0.00, 19000.00, 19000.00, 19000.00, '2018-06-05 02:58:18', NULL),
	(3, 3, 5888.00, 0.00, 0.00, 8000.00, 6000.00, 5000.00, '2018-06-05 02:58:18', NULL),
	(4, 4, 11000.00, 0.00, 0.00, 7000.00, 7000.00, 7000.00, '2018-06-05 02:58:18', NULL),
	(5, 5, 50.00, 0.00, 0.00, 7000.00, 7000.00, 7000.00, '2018-06-05 02:58:18', NULL),
	(6, 6, 94500.00, 0.00, 0.00, 6000.00, 6000.00, 6000.00, '2018-06-05 02:58:18', NULL),
	(7, 7, 210.52, 0.00, 0.00, 3500.00, 3500.00, 3500.00, '2018-06-05 02:58:18', NULL),
	(8, 8, 6340.00, 0.00, 0.00, 9000.00, 9000.00, 9000.00, '2018-06-05 02:58:18', NULL),
	(9, 9, 68000.00, 0.00, 0.00, 15000.00, 15000.00, 15000.00, '2018-06-05 02:58:18', NULL),
	(10, 10, 1090.90, 0.00, 0.00, 11000.00, 11000.00, 11000.00, '2018-06-05 02:58:18', NULL),
	(11, 11, 0.00, 0.00, 0.00, 13000.00, 13000.00, 13000.00, '2018-06-05 02:58:18', NULL),
	(12, 12, 0.00, 0.00, 0.00, 16000.00, 16000.00, 16000.00, '2018-06-05 02:58:18', NULL),
	(13, 13, 2000.00, 0.00, 0.00, 7000.00, 7000.00, 7000.00, '2018-06-05 02:58:18', NULL),
	(14, 14, 0.00, 0.00, 0.00, 4000.00, 4000.00, 4000.00, '2018-06-05 02:58:18', NULL),
	(15, 15, 0.00, 0.00, 0.00, 14000.00, 14000.00, 14000.00, '2018-06-05 02:58:18', NULL),
	(16, 16, 0.00, 0.00, 0.00, 7500.00, 7500.00, 7500.00, '2018-06-05 02:58:18', NULL),
	(17, 17, 0.00, 0.00, 0.00, 6000.00, 6000.00, 6000.00, '2018-06-05 02:58:18', NULL),
	(18, 18, 34000.00, 0.00, 0.00, 2500.00, 2500.00, 2500.00, '2018-06-05 02:58:18', NULL),
	(19, 19, 57000.00, 0.00, 0.00, 3000.00, 3000.00, 3000.00, '2018-06-05 02:58:18', NULL),
	(20, 20, 1000.00, 0.00, 0.00, 3500.00, 3500.00, 3500.00, '2018-06-05 02:58:18', NULL),
	(21, 21, 0.00, 0.00, 0.00, 4000.00, 4000.00, 4000.00, '2018-06-05 02:58:18', NULL),
	(22, 22, 23000.00, 0.00, 0.00, 5000.00, 5000.00, 5000.00, '2018-06-05 02:58:18', NULL),
	(23, 23, 6600.00, 0.00, 0.00, 6000.00, 6000.00, 6000.00, '2018-06-05 02:58:18', NULL),
	(24, 24, 13666.66, 0.00, 0.00, 7000.00, 7000.00, 7000.00, '2018-06-05 02:58:18', NULL),
	(25, 25, 9466.66, 0.00, 0.00, 4000.00, 4000.00, 4000.00, '2018-06-05 02:58:18', NULL),
	(26, 26, 57000.00, 0.00, 0.00, 6500.00, 6500.00, 6500.00, '2018-06-05 02:58:18', NULL),
	(27, 27, 4750.00, 0.00, 0.00, 7500.00, 7500.00, 7500.00, '2018-06-05 02:58:18', NULL),
	(28, 28, 84400.00, 0.00, 0.00, 7000.00, 7000.00, 7000.00, '2018-06-05 02:58:18', NULL),
	(29, 29, 6174.93, 0.00, 0.00, 6000.00, 6000.00, 6000.00, '2018-06-05 02:58:18', NULL),
	(30, 30, 33583.33, 0.00, 0.00, 7000.00, 7000.00, 7000.00, '2018-06-05 02:58:18', NULL),
	(31, 31, 122000.00, 0.00, 0.00, 9000.00, 9000.00, 9000.00, '2018-06-05 02:58:18', NULL),
	(32, 32, 200000.00, 0.00, 0.00, 10000.00, 10000.00, 10000.00, '2018-06-05 02:58:18', NULL),
	(33, 33, 5500.00, 0.00, 0.00, 6000.00, 6000.00, 6000.00, '2018-06-05 02:58:18', NULL),
	(34, 34, 1345.83, 0.00, 0.00, 19000.00, 19000.00, 19000.00, '2018-06-05 02:58:18', NULL),
	(35, 35, 103000.00, 0.00, 0.00, 13000.00, 13000.00, 13000.00, '2018-06-05 02:58:18', NULL),
	(36, 36, 25000.00, 0.00, 0.00, 10000.00, 10000.00, 10000.00, '2018-06-05 02:58:18', NULL),
	(37, 37, 16500.00, 0.00, 0.00, 8000.00, 8000.00, 8000.00, '2018-06-05 02:58:18', '2018-06-28 09:54:18'),
	(38, 38, 10000.00, 0.00, 0.00, 7000.00, 7000.00, 7000.00, '2018-06-05 02:58:18', NULL),
	(39, 39, 10833.33, 0.00, 0.00, 6000.00, 6000.00, 6000.00, '2018-06-05 02:58:18', NULL),
	(40, 40, 30000.00, 0.00, 0.00, 4000.00, 4000.00, 4000.00, '2018-06-05 02:58:18', NULL),
	(41, 41, 0.00, 0.00, 0.00, 6000.00, 6000.00, 6000.00, '2018-06-05 02:58:18', NULL),
	(42, 42, 0.00, 0.00, 0.00, 7000.00, 7000.00, 7000.00, '2018-06-05 02:58:18', NULL),
	(43, 43, 43000.00, 0.00, 0.00, 6000.00, 6000.00, 6000.00, '2018-06-05 02:58:18', NULL),
	(44, 44, 0.00, 0.00, 0.00, 7000.00, 7000.00, 7000.00, '2018-06-05 02:58:18', NULL),
	(45, 45, 4000.00, 0.00, 0.00, 4000.00, 4000.00, 4000.00, '2018-06-05 02:58:18', NULL),
	(46, 46, 0.00, 0.00, 0.00, 10000.00, 10000.00, 10000.00, '2018-06-05 02:58:18', NULL),
	(47, 47, 0.00, 0.00, 0.00, 7000.00, 7000.00, 7000.00, '2018-06-05 02:58:18', NULL),
	(48, 48, 32615.38, 0.00, 0.00, 6000.00, 6000.00, 6000.00, '2018-06-05 02:58:18', NULL),
	(49, 49, 10520.00, 0.00, 0.00, 5500.00, 5500.00, 5500.00, '2018-06-05 02:58:18', NULL),
	(50, 50, 0.00, 0.00, 0.00, 4500.00, 4500.00, 4500.00, '2018-06-05 02:58:18', NULL),
	(51, 51, 0.00, 0.00, 0.00, 7000.00, 7000.00, 7000.00, '2018-06-05 02:58:18', NULL),
	(52, 52, 0.00, 0.00, 0.00, 4500.00, 4500.00, 4500.00, '2018-06-05 02:58:18', NULL),
	(53, 53, 15500.00, 0.00, 0.00, 11000.00, 11000.00, 11000.00, '2018-06-05 02:58:18', NULL),
	(54, 54, 11555.55, 0.00, 0.00, 9000.00, 9000.00, 9000.00, '2018-06-05 02:58:18', NULL),
	(55, 55, 9400.00, 0.00, 0.00, 6000.00, 6000.00, 6000.00, '2018-06-05 02:58:18', NULL),
	(56, 56, 80.00, 0.00, 0.00, 7000.00, 7000.00, 7000.00, '2018-06-05 02:58:18', NULL),
	(57, 57, 180.00, 0.00, 0.00, 15000.00, 15000.00, 15000.00, '2018-06-05 02:58:18', NULL),
	(58, 58, 120.00, 0.00, 0.00, 10000.00, 10000.00, 10000.00, '2018-06-05 02:58:18', NULL),
	(59, 59, 150.00, 0.00, 0.00, 12000.00, 12000.00, 12000.00, '2018-06-05 02:58:18', NULL),
	(60, 60, 170.00, 0.00, 0.00, 14000.00, 14000.00, 14000.00, '2018-06-05 02:58:18', NULL),
	(61, 61, 20000.00, 0.00, 0.00, 16000.00, 16000.00, 16000.00, '2018-06-05 02:58:18', NULL),
	(62, 62, 16000.00, 0.00, 0.00, 8000.00, 8000.00, 8000.00, '2018-06-05 02:58:18', NULL),
	(63, 63, 120.00, 0.00, 0.00, 7000.00, 7000.00, 7000.00, '2018-06-05 02:58:18', NULL),
	(64, 64, 0.00, 0.00, 0.00, 6000.00, 6000.00, 6000.00, '2018-06-05 02:58:18', NULL),
	(65, 65, 58000.00, 0.00, 0.00, 7000.00, 7000.00, 7000.00, '2018-06-05 02:58:18', NULL),
	(66, 66, 24000.00, 0.00, 0.00, 11000.00, 11000.00, 11000.00, '2018-06-05 02:58:18', NULL),
	(67, 67, 0.00, 0.00, 0.00, 14000.00, 14000.00, 14000.00, '2018-06-05 02:58:18', NULL),
	(68, 68, 6520.00, 0.00, 0.00, 7000.00, 7000.00, 7000.00, '2018-06-05 02:58:18', NULL),
	(69, 69, 35000.00, 0.00, 0.00, 20000.00, 20000.00, 20000.00, '2018-06-05 02:58:18', NULL),
	(70, 70, 35000.00, 0.00, 0.00, 12000.00, 12000.00, 12000.00, '2018-06-05 02:58:18', NULL),
	(71, 71, 36000.00, 0.00, 0.00, 14000.00, 14000.00, 14000.00, '2018-06-05 02:58:18', NULL),
	(72, 72, 144000.00, 0.00, 0.00, 13000.00, 13000.00, 13000.00, '2018-06-05 02:58:18', NULL),
	(73, 73, 120.00, 0.00, 0.00, 14000.00, 14000.00, 14000.00, '2018-06-05 02:58:18', NULL),
	(74, 74, 110.00, 0.00, 0.00, 12000.00, 12000.00, 12000.00, '2018-06-05 02:58:18', NULL),
	(75, 75, 100.00, 0.00, 0.00, 8000.00, 8000.00, 8000.00, '2018-06-05 02:58:18', NULL),
	(76, 76, 18000.00, 0.00, 0.00, 6000.00, 6000.00, 6000.00, '2018-06-05 02:58:18', NULL),
	(77, 77, 180.00, 0.00, 0.00, 6000.00, 6000.00, 6000.00, '2018-06-05 02:58:18', NULL),
	(78, 78, 21458.33, 0.00, 0.00, 6000.00, 6000.00, 6000.00, '2018-06-05 02:58:18', NULL),
	(79, 79, 0.00, 0.00, 0.00, 7000.00, 7000.00, 7000.00, '2018-06-05 02:58:18', NULL),
	(80, 80, 0.00, 0.00, 0.00, 7000.00, 7000.00, 7000.00, '2018-06-05 02:58:18', NULL),
	(81, 81, 0.00, 0.00, 0.00, 6000.00, 6000.00, 6000.00, '2018-06-05 02:58:18', NULL),
	(82, 82, 0.00, 0.00, 0.00, 7000.00, 7000.00, 7000.00, '2018-06-05 02:58:18', NULL),
	(83, 83, 0.00, 0.00, 0.00, 8000.00, 8000.00, 8000.00, '2018-06-05 02:58:18', NULL),
	(84, 84, 0.00, 0.00, 0.00, 2000.00, 2000.00, 2000.00, '2018-06-05 02:58:18', NULL),
	(85, 85, 45000.00, 0.00, 0.00, 4000.00, 4000.00, 4000.00, '2018-06-05 02:58:18', NULL),
	(86, 86, 0.00, 0.00, 0.00, 6000.00, 6000.00, 6000.00, '2018-06-05 02:58:18', NULL),
	(87, 87, 750.00, 0.00, 0.00, 2300.00, 2300.00, 2300.00, '2018-06-05 02:58:18', NULL),
	(88, 88, 0.00, 0.00, 0.00, 25000.00, 25000.00, 25000.00, '2018-06-05 02:58:18', NULL),
	(89, 89, 0.00, 0.00, 0.00, 25000.00, 25000.00, 25000.00, '2018-06-05 02:58:18', NULL),
	(90, 90, 0.00, 0.00, 0.00, 25000.00, 25000.00, 25000.00, '2018-06-05 02:58:18', NULL),
	(91, 91, 5000.00, 0.00, 0.00, 25000.00, 25000.00, 25000.00, '2018-06-05 02:58:18', NULL),
	(92, 92, 11000.00, 0.00, 0.00, 25000.00, 25000.00, 25000.00, '2018-06-05 02:58:18', NULL),
	(93, 93, 0.00, 0.00, 0.00, 27000.00, 27000.00, 27000.00, '2018-06-05 02:58:18', NULL),
	(94, 94, 0.00, 0.00, 0.00, 12000.00, 12000.00, 12000.00, '2018-06-05 02:58:18', NULL),
	(95, 95, 0.00, 0.00, 0.00, 12000.00, 12000.00, 12000.00, '2018-06-05 02:58:18', NULL),
	(96, 96, 0.00, 0.00, 0.00, 12000.00, 12000.00, 12000.00, '2018-06-05 02:58:18', NULL),
	(97, 97, 0.00, 0.00, 0.00, 12000.00, 12000.00, 12000.00, '2018-06-05 02:58:18', NULL),
	(98, 98, 0.00, 0.00, 0.00, 12000.00, 12000.00, 12000.00, '2018-06-05 02:58:18', NULL),
	(99, 99, 0.00, 0.00, 0.00, 15000.00, 15000.00, 15000.00, '2018-06-05 02:58:18', NULL),
	(100, 100, 36750.00, 0.00, 0.00, 2700.00, 2700.00, 2700.00, '2018-06-05 02:58:18', NULL),
	(101, 101, 0.00, 0.00, 0.00, 20000.00, 20000.00, 20000.00, '2018-06-05 02:58:18', NULL),
	(102, 102, 0.00, 0.00, 0.00, 11000.00, 11000.00, 11000.00, '2018-06-05 02:58:18', NULL),
	(103, 103, 0.00, 0.00, 0.00, 2000.00, 2000.00, 2000.00, '2018-06-05 02:58:18', NULL),
	(104, 104, 0.00, 0.00, 0.00, 7000.00, 7000.00, 7000.00, '2018-06-05 02:58:18', NULL),
	(105, 105, 45000.00, 0.00, 0.00, 11000.00, 11000.00, 11000.00, '2018-06-05 02:58:18', NULL),
	(106, 106, 42500.00, 0.00, 0.00, 13000.00, 13000.00, 13000.00, '2018-06-05 02:58:18', NULL),
	(107, 107, 0.00, 0.00, 0.00, 14000.00, 14000.00, 14000.00, '2018-06-05 02:58:18', NULL),
	(108, 108, 0.00, 0.00, 0.00, 12000.00, 12000.00, 12000.00, '2018-06-05 02:58:18', NULL),
	(109, 109, 35000.00, 0.00, 0.00, 14000.00, 14000.00, 14000.00, '2018-06-05 02:58:18', NULL),
	(110, 110, 0.00, 0.00, 0.00, 11000.00, 11000.00, 11000.00, '2018-06-05 02:58:18', NULL),
	(111, 111, 0.00, 0.00, 0.00, 12000.00, 12000.00, 12000.00, '2018-06-05 02:58:18', NULL),
	(112, 112, 19800.00, 0.00, 0.00, 5000.00, 5000.00, 5000.00, '2018-06-05 02:58:18', NULL),
	(113, 113, 0.00, 0.00, 0.00, 4000.00, 4000.00, 4000.00, '2018-06-05 02:58:18', NULL),
	(114, 114, 0.00, 0.00, 0.00, 4000.00, 4000.00, 4000.00, '2018-06-05 02:58:18', NULL),
	(115, 115, 0.00, 0.00, 0.00, 5000.00, 5000.00, 5000.00, '2018-06-05 02:58:18', NULL),
	(116, 116, 39000.00, 0.00, 0.00, 5000.00, 5000.00, 5000.00, '2018-06-05 02:58:18', NULL),
	(117, 117, 0.00, 0.00, 0.00, 2500.00, 2500.00, 2500.00, '2018-06-05 02:58:18', NULL),
	(118, 118, 24066.66, 0.00, 0.00, 6000.00, 6000.00, 6000.00, '2018-06-05 02:58:18', NULL),
	(119, 119, 0.00, 0.00, 0.00, 6000.00, 6000.00, 6000.00, '2018-06-05 02:58:18', NULL),
	(120, 120, 0.00, 0.00, 0.00, 7000.00, 7000.00, 7000.00, '2018-06-05 02:58:18', NULL),
	(121, 121, 1345.83, 0.00, 0.00, 6000.00, 6000.00, 6000.00, '2018-06-05 02:58:18', NULL),
	(122, 122, 0.00, 0.00, 0.00, 9000.00, 9000.00, 9000.00, '2018-06-05 02:58:18', NULL),
	(123, 123, 0.00, 0.00, 0.00, 6000.00, 6000.00, 6000.00, '2018-06-05 02:58:18', NULL),
	(124, 124, 0.00, 0.00, 0.00, 6000.00, 6000.00, 6000.00, '2018-06-05 02:58:18', NULL),
	(125, 125, 20000.00, 0.00, 0.00, 14000.00, 14000.00, 14000.00, '2018-06-05 02:58:18', NULL),
	(126, 126, 20000.00, 0.00, 0.00, 7000.00, 7000.00, 7000.00, '2018-06-05 02:58:18', NULL),
	(127, 127, 0.00, 0.00, 0.00, 8000.00, 8000.00, 8000.00, '2018-06-05 02:58:18', NULL),
	(128, 128, 1345.83, 0.00, 0.00, 9000.00, 9000.00, 9000.00, '2018-06-05 02:58:18', NULL),
	(129, 129, 0.00, 0.00, 0.00, 9000.00, 9000.00, 9000.00, '2018-06-05 02:58:18', NULL),
	(130, 130, 0.00, 0.00, 0.00, 6000.00, 6000.00, 6000.00, '2018-06-05 02:58:18', NULL),
	(131, 131, 0.00, 0.00, 0.00, 8000.00, 8000.00, 8000.00, '2018-06-05 02:58:18', NULL),
	(132, 132, 350.00, 0.00, 0.00, 64000.00, 64000.00, 64000.00, '2018-06-05 02:58:18', NULL),
	(133, 133, 1345.83, 0.00, 0.00, 7000.00, 7000.00, 7000.00, '2018-06-05 02:58:18', NULL),
	(134, 134, 1345.00, 0.00, 0.00, 56000.00, 56000.00, 56000.00, '2018-06-05 02:58:18', NULL),
	(135, 135, 1345.83, 0.00, 0.00, 7000.00, 7000.00, 7000.00, '2018-06-05 02:58:18', NULL),
	(136, 136, 1345.83, 0.00, 0.00, 56000.00, 56000.00, 56000.00, '2018-06-05 02:58:18', NULL),
	(137, 137, 0.00, 0.00, 0.00, 10000.00, 10000.00, 10000.00, '2018-06-05 02:58:18', NULL),
	(138, 138, 0.00, 0.00, 0.00, 7000.00, 7000.00, 7000.00, '2018-06-05 02:58:18', NULL),
	(139, 139, 65500.00, 0.00, 0.00, 6000.00, 6000.00, 6000.00, '2018-06-05 02:58:18', NULL),
	(140, 140, 24499.00, 0.00, 0.00, 6000.00, 6000.00, 6000.00, '2018-06-05 02:58:18', NULL),
	(141, 141, 0.00, 0.00, 0.00, 14000.00, 14000.00, 14000.00, '2018-06-05 02:58:18', NULL),
	(142, 142, 12000.00, 0.00, 0.00, 16000.00, 16000.00, 16000.00, '2018-06-05 02:58:18', NULL),
	(143, 143, 1354.33, 0.00, 0.00, 24000.00, 24000.00, 24000.00, '2018-06-05 02:58:18', NULL),
	(144, 144, 0.00, 0.00, 0.00, 24000.00, 24000.00, 24000.00, '2018-06-05 02:58:18', NULL),
	(145, 145, 0.00, 0.00, 0.00, 16000.00, 16000.00, 16000.00, '2018-06-05 02:58:18', NULL),
	(146, 146, 0.00, 0.00, 0.00, 7000.00, 7000.00, 7000.00, '2018-06-05 02:58:18', NULL),
	(147, 147, 0.00, 0.00, 0.00, 24000.00, 24000.00, 24000.00, '2018-06-05 02:58:18', NULL),
	(148, 148, 0.00, 0.00, 0.00, 5000.00, 5000.00, 5000.00, '2018-06-05 02:58:18', NULL),
	(149, 149, 380.00, 0.00, 0.00, 5000.00, 5000.00, 5000.00, '2018-06-05 02:58:18', NULL),
	(150, 150, 360.00, 0.00, 0.00, 6000.00, 6000.00, 6000.00, '2018-06-05 02:58:18', NULL),
	(151, 151, 3000.00, 0.00, 0.00, 6000.00, 6000.00, 6000.00, '2018-06-05 02:58:18', NULL),
	(152, 152, 0.00, 0.00, 0.00, 6000.00, 6000.00, 6000.00, '2018-06-05 02:58:18', NULL),
	(153, 153, 4400.00, 0.00, 0.00, 5000.00, 5000.00, 5000.00, '2018-06-05 02:58:18', NULL),
	(154, 154, 60.00, 0.00, 0.00, 7000.00, 7000.00, 7000.00, '2018-06-05 02:58:18', NULL),
	(155, 155, 35.00, 0.00, 0.00, 6000.00, 6000.00, 6000.00, '2018-06-05 02:58:18', NULL),
	(156, 156, 25.00, 0.00, 0.00, 6000.00, 6000.00, 6000.00, '2018-06-05 02:58:18', NULL),
	(157, 157, 0.00, 0.00, 0.00, 6000.00, 6000.00, 6000.00, '2018-06-05 02:58:18', NULL),
	(158, 158, 6000.00, 0.00, 0.00, 5000.00, 5000.00, 5000.00, '2018-06-05 02:58:18', NULL),
	(159, 159, 230.00, 0.00, 0.00, 5000.00, 5000.00, 5000.00, '2018-06-05 02:58:18', NULL),
	(160, 160, 0.00, 0.00, 0.00, 5000.00, 5000.00, 5000.00, '2018-06-05 02:58:18', '2018-06-29 03:47:12'),
	(161, 161, 0.00, 0.00, 0.00, 5000.00, 5000.00, 5000.00, '2018-06-05 02:58:18', NULL),
	(162, 162, 12941.52, 0.00, 0.00, 5000.00, 5000.00, 5000.00, '2018-06-05 02:58:18', '2018-06-27 23:05:54'),
	(163, 163, 32500.00, 0.00, 0.00, 6000.00, 6000.00, 6000.00, '2018-06-05 02:58:18', '2018-06-27 23:27:11'),
	(164, 164, 16000.00, 0.00, 0.00, 7000.00, 7000.00, 7000.00, '2018-06-05 02:58:18', NULL),
	(165, 165, 0.00, 0.00, 0.00, 8000.00, 8000.00, 8000.00, '2018-06-05 02:58:18', NULL),
	(166, 166, 0.00, 0.00, 0.00, 4000.00, 4000.00, 4000.00, '2018-06-05 02:58:18', NULL),
	(167, 167, 0.00, 0.00, 0.00, 24000.00, 24000.00, 24000.00, '2018-06-05 02:58:18', NULL),
	(168, 168, 0.00, 0.00, 0.00, 4000.00, 4000.00, 4000.00, '2018-06-05 02:58:18', NULL),
	(169, 169, 3849.49, 0.00, 0.00, 24000.00, 24000.00, 24000.00, '2018-06-05 02:58:18', NULL),
	(170, 170, 0.00, 0.00, 0.00, 4000.00, 4000.00, 4000.00, '2018-06-05 02:58:18', NULL),
	(171, 171, 0.00, 0.00, 0.00, 4000.00, 4000.00, 4000.00, '2018-06-05 02:58:18', NULL),
	(172, 172, 0.00, 0.00, 0.00, 24000.00, 24000.00, 24000.00, '2018-06-05 02:58:18', NULL),
	(173, 173, 0.00, 0.00, 0.00, 4000.00, 4000.00, 4000.00, '2018-06-05 02:58:18', NULL),
	(174, 174, 0.00, 0.00, 0.00, 50000.00, 50000.00, 50000.00, '2018-06-05 02:58:18', NULL),
	(175, 175, 0.00, 0.00, 0.00, 3000.00, 3000.00, 3000.00, '2018-06-05 02:58:18', NULL),
	(176, 176, 0.00, 0.00, 0.00, 3200.00, 3200.00, 3200.00, '2018-06-05 02:58:18', NULL),
	(177, 177, 0.00, 0.00, 0.00, 17000.00, 17000.00, 17000.00, '2018-06-05 02:58:18', NULL),
	(178, 178, 0.00, 0.00, 0.00, 28000.00, 28000.00, 28000.00, '2018-06-05 02:58:18', NULL),
	(179, 179, 0.00, 0.00, 0.00, 4000.00, 4000.00, 4000.00, '2018-06-05 02:58:18', NULL),
	(180, 180, 0.00, 0.00, 0.00, 24000.00, 24000.00, 24000.00, '2018-06-05 02:58:18', NULL),
	(181, 181, 0.00, 0.00, 0.00, 3500.00, 3500.00, 3500.00, '2018-06-05 02:58:18', NULL),
	(182, 182, 0.00, 0.00, 0.00, 21000.00, 21000.00, 21000.00, '2018-06-05 02:58:18', NULL),
	(183, 183, 19000.00, 0.00, 0.00, 4500.00, 4500.00, 4500.00, '2018-06-05 02:58:18', NULL),
	(184, 184, 18000.00, 0.00, 0.00, 27000.00, 27000.00, 27000.00, '2018-06-05 02:58:18', NULL),
	(185, 185, 17000.00, 0.00, 0.00, 3500.00, 3500.00, 3500.00, '2018-06-05 02:58:18', NULL),
	(186, 186, 28000.00, 0.00, 0.00, 4000.00, 4000.00, 4000.00, '2018-06-05 02:58:18', NULL),
	(187, 187, 115000.00, 0.00, 0.00, 4000.00, 4000.00, 4000.00, '2018-06-05 02:58:18', NULL),
	(188, 188, 68400.00, 0.00, 0.00, 9000.00, 9000.00, 9000.00, '2018-06-05 02:58:18', NULL),
	(189, 189, 190000.00, 0.00, 0.00, 9000.00, 9000.00, 9000.00, '2018-06-05 02:58:18', NULL),
	(190, 190, 65000.00, 0.00, 0.00, 1500.00, 1500.00, 1500.00, '2018-06-05 02:58:18', NULL),
	(191, 191, 35000.00, 0.00, 0.00, 2000.00, 2000.00, 2000.00, '2018-06-05 02:58:18', NULL),
	(192, 192, 18055.55, 0.00, 0.00, 13000.00, 13000.00, 13000.00, '2018-06-05 02:58:18', NULL),
	(193, 193, 0.00, 0.00, 0.00, 4000.00, 4000.00, 4000.00, '2018-06-05 02:58:18', NULL),
	(194, 194, 0.00, 0.00, 0.00, 5000.00, 5000.00, 5000.00, '2018-06-05 02:58:18', NULL),
	(195, 195, 5000.00, 0.00, 0.00, 5000.00, 5000.00, 5000.00, '2018-06-05 02:58:18', NULL),
	(196, 196, 0.00, 0.00, 0.00, 4000.00, 4000.00, 4000.00, '2018-06-05 02:58:18', NULL),
	(197, 197, 15600.00, 0.00, 0.00, 5000.00, 5000.00, 5000.00, '2018-06-05 02:58:18', NULL),
	(198, 198, 0.00, 0.00, 0.00, 3000.00, 3000.00, 3000.00, '2018-06-05 02:58:18', NULL),
	(199, 199, 0.00, 0.00, 0.00, 3000.00, 3000.00, 3000.00, '2018-06-05 02:58:18', NULL),
	(200, 200, 0.00, 0.00, 0.00, 6.00, 6.00, 6.00, '2018-06-05 02:58:18', NULL),
	(201, 201, 0.00, 0.00, 0.00, 18.00, 18.00, 18.00, '2018-06-05 02:58:18', NULL),
	(202, 202, 0.00, 0.00, 0.00, 20.00, 20.00, 20.00, '2018-06-05 02:58:18', NULL),
	(203, 203, 0.00, 0.00, 0.00, 7.00, 7.00, 7.00, '2018-06-05 02:58:18', NULL),
	(204, 204, 0.00, 0.00, 0.00, 35000.00, 35000.00, 35000.00, '2018-06-05 02:58:18', NULL),
	(205, 205, 0.00, 0.00, 0.00, 37000.00, 37000.00, 37000.00, '2018-06-05 02:58:18', NULL),
	(206, 206, 0.00, 0.00, 0.00, 1600.00, 1600.00, 1600.00, '2018-06-05 02:58:18', NULL),
	(207, 207, 0.00, 0.00, 0.00, 1300.00, 1300.00, 1300.00, '2018-06-05 02:58:18', NULL),
	(208, 208, 0.00, 0.00, 0.00, 25000.00, 25000.00, 25000.00, '2018-06-05 02:58:18', NULL),
	(209, 209, 0.00, 0.00, 0.00, 41000.00, 41000.00, 41000.00, '2018-06-05 02:58:18', NULL),
	(210, 210, 3500.00, 0.00, 0.00, 1800.00, 1800.00, 1800.00, '2018-06-05 02:58:18', NULL),
	(211, 211, 0.00, 0.00, 0.00, 43000.00, 43000.00, 43000.00, '2018-06-05 02:58:18', NULL),
	(212, 212, 0.00, 0.00, 0.00, 1500.00, 1500.00, 1500.00, '2018-06-05 02:58:18', NULL),
	(213, 213, 0.00, 0.00, 0.00, 45000.00, 45000.00, 45000.00, '2018-06-05 02:58:18', NULL),
	(214, 214, 0.00, 0.00, 0.00, 170000.00, 170000.00, 170000.00, '2018-06-05 02:58:18', NULL),
	(215, 215, 0.00, 0.00, 0.00, 2500.00, 2500.00, 2500.00, '2018-06-05 02:58:18', NULL),
	(216, 216, 0.00, 0.00, 0.00, 33000.00, 33000.00, 33000.00, '2018-06-05 02:58:18', NULL),
	(217, 217, 1345.83, 0.00, 0.00, 35000.00, 35000.00, 35000.00, '2018-06-05 02:58:18', NULL),
	(218, 218, 0.00, 0.00, 0.00, 1800.00, 1800.00, 1800.00, '2018-06-05 02:58:18', NULL),
	(219, 219, 0.00, 0.00, 0.00, 5000.00, 5000.00, 5000.00, '2018-06-05 02:58:18', NULL),
	(220, 220, 0.00, 0.00, 0.00, 170000.00, 170000.00, 170000.00, '2018-06-05 02:58:18', NULL),
	(221, 221, 0.00, 0.00, 0.00, 175000.00, 175000.00, 175000.00, '2018-06-05 02:58:18', NULL),
	(222, 222, 0.00, 0.00, 0.00, 3000.00, 3000.00, 3000.00, '2018-06-05 02:58:18', NULL),
	(223, 223, 0.00, 0.00, 0.00, 35.00, 35.00, 35.00, '2018-06-05 02:58:18', NULL),
	(224, 224, 0.00, 0.00, 0.00, 27.00, 27.00, 27.00, '2018-06-05 02:58:18', NULL),
	(225, 225, 0.00, 0.00, 0.00, 37.00, 37.00, 37.00, '2018-06-05 02:58:18', NULL),
	(226, 226, 0.00, 0.00, 0.00, 280000.00, 280000.00, 280000.00, '2018-06-05 02:58:18', NULL),
	(227, 227, 0.00, 0.00, 0.00, 300000.00, 300000.00, 300000.00, '2018-06-05 02:58:18', NULL),
	(228, 228, 0.00, 0.00, 0.00, 5000.00, 5000.00, 5000.00, '2018-06-05 02:58:18', NULL),
	(229, 229, 0.00, 0.00, 0.00, 160000.00, 160000.00, 160000.00, '2018-06-05 02:58:18', NULL),
	(230, 230, 0.00, 0.00, 0.00, 55000.00, 55000.00, 55000.00, '2018-06-05 02:58:18', NULL),
	(231, 231, 0.00, 0.00, 0.00, 6000.00, 6000.00, 6000.00, '2018-06-05 02:58:18', NULL),
	(232, 232, 0.00, 0.00, 0.00, 10000.00, 10000.00, 10000.00, '2018-06-05 02:58:18', NULL),
	(233, 234, 26500.00, 0.00, 0.00, 50000.00, 50000.00, 50000.00, '2018-06-05 02:58:18', NULL),
	(234, 235, 102000.00, 0.00, 0.00, 23000.00, 23000.00, 23000.00, '2018-06-05 02:58:18', NULL),
	(235, 236, 0.00, 0.00, 0.00, 3000.00, 3000.00, 3000.00, '2018-06-05 02:58:18', NULL),
	(236, 237, 30000.00, 0.00, 0.00, 55000.00, 55000.00, 55000.00, '2018-06-05 02:58:18', NULL),
	(237, 238, 6000.00, 0.00, 0.00, 8000.00, 8000.00, 8000.00, '2018-06-05 02:58:18', NULL),
	(238, 239, 0.00, 0.00, 0.00, 57000.00, 57000.00, 57000.00, '2018-06-05 02:58:18', NULL),
	(239, 240, 12003.75, 0.00, 0.00, 8500.00, 8500.00, 8500.00, '2018-06-05 02:58:18', NULL),
	(240, 241, 23000.00, 0.00, 0.00, 57000.00, 57000.00, 57000.00, '2018-06-05 02:58:18', NULL),
	(241, 242, 10000.00, 0.00, 0.00, 8500.00, 8500.00, 8500.00, '2018-06-05 02:58:18', NULL),
	(242, 243, 10900.00, 0.00, 0.00, 58000.00, 58000.00, 58000.00, '2018-06-05 02:58:18', NULL),
	(243, 244, 16800.00, 0.00, 0.00, 9000.00, 9000.00, 9000.00, '2018-06-05 02:58:18', NULL),
	(244, 245, 14440.00, 0.00, 0.00, 2000.00, 2000.00, 2000.00, '2018-06-05 02:58:18', NULL),
	(245, 246, 12825.00, 0.00, 0.00, 29000.00, 29000.00, 29000.00, '2018-06-05 02:58:18', NULL),
	(246, 247, 22600.00, 0.00, 0.00, 140000.00, 140000.00, 140000.00, '2018-06-05 02:58:18', NULL),
	(247, 248, 85000.00, 0.00, 0.00, 145000.00, 145000.00, 145000.00, '2018-06-05 02:58:18', NULL),
	(248, 249, 8000.00, 0.00, 0.00, 13000.00, 13000.00, 13000.00, '2018-06-05 02:58:18', NULL),
	(249, 250, 10000.00, 0.00, 0.00, 15000.00, 15000.00, 15000.00, '2018-06-05 02:58:18', NULL),
	(250, 251, 98300.00, 0.00, 0.00, 13000.00, 13000.00, 13000.00, '2018-06-05 02:58:18', NULL),
	(251, 252, 9400.00, 0.00, 0.00, 15000.00, 15000.00, 15000.00, '2018-06-05 02:58:18', NULL),
	(252, 253, 7000.00, 0.00, 0.00, 20000.00, 20000.00, 20000.00, '2018-06-05 02:58:18', NULL),
	(253, 254, 39695.00, 0.00, 0.00, 35000.00, 35000.00, 35000.00, '2018-06-05 02:58:18', NULL),
	(254, 255, 15000.00, 0.00, 0.00, 38000.00, 38000.00, 38000.00, '2018-06-05 02:58:18', NULL),
	(255, 256, 225000.00, 0.00, 0.00, 45000.00, 45000.00, 45000.00, '2018-06-05 02:58:18', NULL),
	(256, 257, 11800.00, 0.00, 0.00, 22000.00, 22000.00, 22000.00, '2018-06-05 02:58:18', NULL),
	(257, 258, 69400.00, 0.00, 0.00, 2000.00, 2000.00, 2000.00, '2018-06-05 02:58:18', NULL),
	(258, 259, 4900.00, 0.00, 0.00, 24000.00, 24000.00, 24000.00, '2018-06-05 02:58:18', NULL),
	(259, 260, 22600.00, 0.00, 0.00, 2200.00, 2200.00, 2200.00, '2018-06-05 02:58:18', NULL),
	(260, 261, 2040.00, 0.00, 0.00, 42000.00, 42000.00, 42000.00, '2018-06-05 02:58:18', NULL),
	(261, 262, 2040.00, 0.00, 0.00, 3500.00, 3500.00, 3500.00, '2018-06-05 02:58:18', NULL),
	(262, 263, 0.00, 0.00, 0.00, 46000.00, 46000.00, 46000.00, '2018-06-05 02:58:18', NULL),
	(263, 264, 10500.00, 0.00, 0.00, 4000.00, 4000.00, 4000.00, '2018-06-05 02:58:18', NULL),
	(264, 265, 0.00, 0.00, 0.00, 12000.00, 12000.00, 12000.00, '2018-06-05 02:58:18', NULL),
	(265, 266, 0.00, 0.00, 0.00, 45000.00, 45000.00, 45000.00, '2018-06-05 02:58:18', NULL),
	(266, 267, 0.00, 0.00, 0.00, 4000.00, 4000.00, 4000.00, '2018-06-05 02:58:18', NULL),
	(267, 268, 17500.00, 0.00, 0.00, 5500.00, 5500.00, 5500.00, '2018-06-05 02:58:18', NULL),
	(268, 269, 525000.00, 0.00, 0.00, 2000.00, 2000.00, 2000.00, '2018-06-05 02:58:18', NULL),
	(269, 270, 2000.00, 0.00, 0.00, 2200.00, 2200.00, 2200.00, '2018-06-05 02:58:18', NULL),
	(270, 271, 5000.00, 0.00, 0.00, 2500.00, 2500.00, 2500.00, '2018-06-05 02:58:18', NULL),
	(271, 272, 0.00, 0.00, 0.00, 34000.00, 34000.00, 34000.00, '2018-06-05 02:58:18', NULL),
	(272, 273, 200.00, 0.00, 0.00, 2500.00, 2500.00, 2500.00, '2018-06-05 02:58:18', NULL),
	(273, 274, 0.00, 0.00, 0.00, 3000.00, 3000.00, 3000.00, '2018-06-05 02:58:18', NULL),
	(274, 275, 14000.00, 0.00, 0.00, 32000.00, 32000.00, 32000.00, '2018-06-05 02:58:18', NULL),
	(275, 276, 8000.00, 0.00, 0.00, 17000.00, 17000.00, 17000.00, '2018-06-05 02:58:18', NULL),
	(276, 277, 0.00, 0.00, 0.00, 2500.00, 2500.00, 2500.00, '2018-06-05 02:58:18', NULL),
	(277, 278, 52500.00, 0.00, 0.00, 3000.00, 3000.00, 3000.00, '2018-06-05 02:58:18', NULL),
	(278, 279, 14000.00, 0.00, 0.00, 95000.00, 95000.00, 95000.00, '2018-06-05 02:58:18', NULL),
	(279, 280, 100000.00, 0.00, 0.00, 9000.00, 9000.00, 9000.00, '2018-06-05 02:58:18', NULL),
	(280, 281, 16000.00, 0.00, 0.00, 35000.00, 35000.00, 35000.00, '2018-06-05 02:58:18', NULL),
	(281, 282, 0.00, 0.00, 0.00, 20000.00, 20000.00, 20000.00, '2018-06-05 02:58:18', NULL),
	(282, 283, 0.00, 0.00, 0.00, 3000.00, 3000.00, 3000.00, '2018-06-05 02:58:18', NULL),
	(283, 284, 2000.00, 0.00, 0.00, 3500.00, 3500.00, 3500.00, '2018-06-05 02:58:18', NULL),
	(284, 285, 1268.00, 0.00, 0.00, 100000.00, 100000.00, 100000.00, '2018-06-05 02:58:18', NULL),
	(285, 286, 0.00, 0.00, 0.00, 15000.00, 15000.00, 15000.00, '2018-06-05 02:58:18', NULL),
	(286, 287, 1932.00, 0.00, 0.00, 3000.00, 3000.00, 3000.00, '2018-06-05 02:58:18', NULL),
	(287, 288, 0.00, 0.00, 0.00, 16000.00, 16000.00, 16000.00, '2018-06-05 02:58:18', NULL),
	(288, 289, 0.00, 0.00, 0.00, 3000.00, 3000.00, 3000.00, '2018-06-05 02:58:18', NULL),
	(289, 290, 0.00, 0.00, 0.00, 28000.00, 28000.00, 28000.00, '2018-06-05 02:58:18', NULL),
	(290, 291, 0.00, 0.00, 0.00, 15000.00, 15000.00, 15000.00, '2018-06-05 02:58:18', NULL),
	(291, 292, 0.00, 0.00, 0.00, 28000.00, 28000.00, 28000.00, '2018-06-05 02:58:18', NULL),
	(292, 293, 4791.00, 0.00, 0.00, 15000.00, 15000.00, 15000.00, '2018-06-05 02:58:18', NULL),
	(293, 294, 0.00, 0.00, 0.00, 35000.00, 35000.00, 35000.00, '2018-06-05 02:58:18', NULL),
	(294, 295, 0.00, 0.00, 0.00, 40000.00, 40000.00, 40000.00, '2018-06-05 02:58:18', NULL),
	(295, 296, 0.00, 0.00, 0.00, 150000.00, 150000.00, 150000.00, '2018-06-05 02:58:18', NULL),
	(296, 297, 0.00, 0.00, 0.00, 10000.00, 10000.00, 10000.00, '2018-06-05 02:58:18', NULL),
	(297, 298, 0.00, 0.00, 0.00, 14000.00, 14000.00, 14000.00, '2018-06-05 02:58:18', NULL),
	(298, 299, 15165.49, 0.00, 0.00, 2500.00, 2500.00, 2500.00, '2018-06-05 02:58:18', NULL),
	(299, 300, 0.00, 0.00, 0.00, 2500.00, 2500.00, 2500.00, '2018-06-05 02:58:18', NULL),
	(300, 301, 633079.00, 0.00, 0.00, 3000.00, 3000.00, 3000.00, '2018-06-05 02:58:18', NULL),
	(301, 302, 20000.00, 0.00, 0.00, 2500.00, 2500.00, 2500.00, '2018-06-05 02:58:18', NULL),
	(302, 303, 7708.05, 0.00, 0.00, 2500.00, 2500.00, 2500.00, '2018-06-05 02:58:18', NULL),
	(303, 304, 5076.00, 0.00, 0.00, 2500.00, 2500.00, 2500.00, '2018-06-05 02:58:18', NULL),
	(304, 305, 0.00, 0.00, 0.00, 2500.00, 2500.00, 2500.00, '2018-06-05 02:58:18', NULL),
	(305, 306, 0.00, 0.00, 0.00, 2500.00, 2500.00, 2500.00, '2018-06-05 02:58:18', NULL),
	(306, 307, 0.00, 0.00, 0.00, 3000.00, 3000.00, 3000.00, '2018-06-05 02:58:18', NULL),
	(307, 308, 0.00, 0.00, 0.00, 2500.00, 2500.00, 2500.00, '2018-06-05 02:58:18', NULL),
	(308, 309, 0.00, 0.00, 0.00, 3500.00, 3500.00, 3500.00, '2018-06-05 02:58:18', NULL),
	(309, 310, 0.00, 0.00, 0.00, 30000.00, 30000.00, 30000.00, '2018-06-05 02:58:18', NULL),
	(310, 311, 15643.33, 0.00, 0.00, 3000.00, 3000.00, 3000.00, '2018-06-05 02:58:18', NULL),
	(311, 312, 8508.00, 0.00, 0.00, 1500.00, 1500.00, 1500.00, '2018-06-05 02:58:18', NULL),
	(312, 313, 0.00, 0.00, 0.00, 37000.00, 37000.00, 37000.00, '2018-06-05 02:58:18', NULL),
	(313, 314, 0.00, 0.00, 0.00, 35000.00, 35000.00, 35000.00, '2018-06-05 02:58:18', NULL),
	(314, 315, 0.00, 0.00, 0.00, 1600.00, 1600.00, 1600.00, '2018-06-05 02:58:18', NULL),
	(315, 316, 0.00, 0.00, 0.00, 1300.00, 1300.00, 1300.00, '2018-06-05 02:58:18', NULL),
	(316, 317, 0.00, 0.00, 0.00, 2500.00, 2500.00, 2500.00, '2018-06-05 02:58:18', NULL),
	(317, 318, 0.00, 0.00, 0.00, 9000.00, 9000.00, 9000.00, '2018-06-05 02:58:18', NULL),
	(318, 319, 0.00, 0.00, 0.00, 20000.00, 20000.00, 20000.00, '2018-06-05 02:58:18', NULL),
	(319, 320, 0.00, 0.00, 0.00, 42000.00, 42000.00, 42000.00, '2018-06-05 02:58:18', NULL),
	(320, 321, 0.00, 0.00, 0.00, 40000.00, 40000.00, 40000.00, '2018-06-05 02:58:18', NULL),
	(321, 322, 0.00, 0.00, 0.00, 1800.00, 1800.00, 1800.00, '2018-06-05 02:58:18', NULL),
	(322, 323, 0.00, 0.00, 0.00, 1500.00, 1500.00, 1500.00, '2018-06-05 02:58:18', NULL),
	(323, 324, 11376.49, 0.00, 0.00, 165000.00, 165000.00, 165000.00, '2018-06-05 02:58:18', NULL),
	(324, 325, 22187.62, 0.00, 0.00, 170000.00, 170000.00, 170000.00, '2018-06-05 02:58:18', NULL),
	(325, 326, 17535.00, 0.00, 0.00, 2500.00, 2500.00, 2500.00, '2018-06-05 02:58:18', NULL),
	(326, 327, 6012.00, 0.00, 0.00, 35000.00, 35000.00, 35000.00, '2018-06-05 02:58:18', NULL),
	(327, 328, 25000.00, 0.00, 0.00, 60000.00, 60000.00, 60000.00, '2018-06-05 02:58:18', NULL),
	(328, 329, 0.00, 0.00, 0.00, 115000.00, 115000.00, 115000.00, '2018-06-05 02:58:18', NULL),
	(329, 330, 0.00, 0.00, 0.00, 120000.00, 120000.00, 120000.00, '2018-06-05 02:58:18', NULL),
	(330, 331, 32000.00, 0.00, 0.00, 2500.00, 2500.00, 2500.00, '2018-06-05 02:58:18', NULL),
	(331, 332, 0.00, 0.00, 0.00, 2500.00, 2500.00, 2500.00, '2018-06-05 02:58:18', NULL),
	(332, 333, 19000.00, 0.00, 0.00, 55000.00, 55000.00, 55000.00, '2018-06-05 02:58:18', NULL),
	(333, 334, 0.00, 0.00, 0.00, 3500.00, 3500.00, 3500.00, '2018-06-05 02:58:18', NULL),
	(334, 335, 11167.00, 0.00, 0.00, 70000.00, 70000.00, 70000.00, '2018-06-05 02:58:18', NULL),
	(335, 336, 0.00, 0.00, 0.00, 40000.00, 40000.00, 40000.00, '2018-06-05 02:58:18', NULL),
	(336, 337, 11264.23, 0.00, 0.00, 165000.00, 165000.00, 165000.00, '2018-06-05 02:58:18', NULL),
	(337, 338, 21000.00, 0.00, 0.00, 2500.00, 2500.00, 2500.00, '2018-06-05 02:58:18', NULL),
	(338, 339, 23000.00, 0.00, 0.00, 2500.00, 2500.00, 2500.00, '2018-06-05 02:58:18', NULL),
	(339, 340, 21000.00, 0.00, 0.00, 2500.00, 2500.00, 2500.00, '2018-06-05 02:58:18', NULL),
	(340, 341, 9437.50, 0.00, 0.00, 3000.00, 3000.00, 3000.00, '2018-06-05 02:58:18', NULL),
	(341, 342, 0.00, 0.00, 0.00, 2500.00, 2500.00, 2500.00, '2018-06-05 02:58:18', NULL),
	(342, 343, 9856.00, 0.00, 0.00, 2500.00, 2500.00, 2500.00, '2018-06-05 02:58:18', NULL),
	(343, 344, 7496.00, 0.00, 0.00, 2500.00, 2500.00, 2500.00, '2018-06-05 02:58:18', NULL),
	(344, 345, 0.00, 0.00, 0.00, 7000.00, 7000.00, 7000.00, '2018-06-05 02:58:18', NULL),
	(345, 346, 12941.17, 0.00, 0.00, 7500.00, 7500.00, 7500.00, '2018-06-05 02:58:18', NULL),
	(346, 347, 12096.00, 0.00, 0.00, 8000.00, 8000.00, 8000.00, '2018-06-05 02:58:18', NULL),
	(347, 348, 6876.71, 0.00, 0.00, 8500.00, 8500.00, 8500.00, '2018-06-05 02:58:18', NULL),
	(348, 349, 16965.00, 0.00, 0.00, 10000.00, 10000.00, 10000.00, '2018-06-05 02:58:18', NULL),
	(349, 350, 16965.00, 0.00, 0.00, 8500.00, 8500.00, 8500.00, '2018-06-05 02:58:18', NULL),
	(350, 351, 0.00, 0.00, 0.00, 8500.00, 8500.00, 8500.00, '2018-06-05 02:58:18', NULL),
	(351, 352, 19000.00, 0.00, 0.00, 17000.00, 17000.00, 17000.00, '2018-06-05 02:58:18', NULL),
	(352, 353, 0.00, 0.00, 0.00, 20000.00, 20000.00, 20000.00, '2018-06-05 02:58:18', NULL),
	(353, 354, 0.00, 0.00, 0.00, 20000.00, 20000.00, 20000.00, '2018-06-05 02:58:18', NULL),
	(354, 355, 0.00, 0.00, 0.00, 22000.00, 22000.00, 22000.00, '2018-06-05 02:58:18', NULL),
	(355, 356, 0.00, 0.00, 0.00, 6000.00, 6000.00, 6000.00, '2018-06-05 02:58:18', NULL),
	(356, 357, 8770.18, 0.00, 0.00, 4000.00, 4000.00, 4000.00, '2018-06-05 02:58:18', NULL),
	(357, 358, 0.00, 0.00, 0.00, 3500.00, 3500.00, 3500.00, '2018-06-05 02:58:18', NULL),
	(358, 359, 21000.00, 0.00, 0.00, 3000.00, 3000.00, 3000.00, '2018-06-05 02:58:18', NULL),
	(359, 360, 0.00, 0.00, 0.00, 6500.00, 6500.00, 6500.00, '2018-06-05 02:58:18', NULL),
	(360, 361, 8116.82, 0.00, 0.00, 4500.00, 4500.00, 4500.00, '2018-06-05 02:58:18', NULL),
	(361, 362, 14645.98, 0.00, 0.00, 10000.00, 10000.00, 10000.00, '2018-06-05 02:58:18', NULL),
	(362, 363, 0.00, 0.00, 0.00, 8000.00, 8000.00, 8000.00, '2018-06-05 02:58:18', NULL),
	(363, 364, 15000.00, 0.00, 0.00, 6000.00, 6000.00, 6000.00, '2018-06-05 02:58:18', NULL),
	(364, 365, 0.00, 0.00, 0.00, 4000.00, 4000.00, 4000.00, '2018-06-05 02:58:18', NULL),
	(365, 366, 0.00, 0.00, 0.00, 10000.00, 10000.00, 10000.00, '2018-06-05 02:58:18', NULL),
	(366, 367, 0.00, 0.00, 0.00, 8000.00, 8000.00, 8000.00, '2018-06-05 02:58:18', NULL),
	(367, 368, 0.00, 0.00, 0.00, 6000.00, 6000.00, 6000.00, '2018-06-05 02:58:18', NULL),
	(368, 369, 0.00, 0.00, 0.00, 12000.00, 12000.00, 12000.00, '2018-06-05 02:58:18', NULL),
	(369, 370, 3500.00, 0.00, 0.00, 28000.00, 28000.00, 28000.00, '2018-06-05 02:58:18', NULL),
	(370, 371, 5500.00, 0.00, 0.00, 56000.00, 56000.00, 56000.00, '2018-06-05 02:58:18', NULL),
	(371, 372, 0.00, 0.00, 0.00, 58000.00, 58000.00, 58000.00, '2018-06-05 02:58:18', NULL),
	(372, 373, 0.00, 0.00, 0.00, 2500.00, 2500.00, 2500.00, '2018-06-05 02:58:18', NULL),
	(373, 374, 0.00, 0.00, 0.00, 6000.00, 6000.00, 6000.00, '2018-06-05 02:58:18', NULL),
	(374, 375, 0.00, 0.00, 0.00, 36000.00, 36000.00, 36000.00, '2018-06-05 02:58:18', NULL),
	(375, 376, 0.00, 0.00, 0.00, 20000.00, 20000.00, 20000.00, '2018-06-05 02:58:18', NULL),
	(376, 377, 106000.00, 0.00, 0.00, 4000.00, 4000.00, 4000.00, '2018-06-05 02:58:18', NULL),
	(377, 378, 0.00, 0.00, 0.00, 38000.00, 38000.00, 38000.00, '2018-06-05 02:58:18', NULL),
	(378, 379, 210000.00, 0.00, 0.00, 6000.00, 6000.00, 6000.00, '2018-06-05 02:58:18', NULL),
	(379, 380, 0.00, 0.00, 0.00, 4000.00, 4000.00, 4000.00, '2018-06-05 02:58:18', NULL),
	(380, 381, 12000.00, 0.00, 0.00, 6000.00, 6000.00, 6000.00, '2018-06-05 02:58:18', NULL),
	(381, 382, 0.00, 0.00, 0.00, 35000.00, 35000.00, 35000.00, '2018-06-05 02:58:18', NULL),
	(382, 383, 0.00, 0.00, 0.00, 12000.00, 12000.00, 12000.00, '2018-06-05 02:58:18', NULL),
	(383, 384, 0.00, 0.00, 0.00, 14000.00, 14000.00, 14000.00, '2018-06-05 02:58:18', NULL),
	(384, 385, 0.00, 0.00, 0.00, 25000.00, 25000.00, 25000.00, '2018-06-05 02:58:18', NULL),
	(385, 386, 0.00, 0.00, 0.00, 45000.00, 45000.00, 45000.00, '2018-06-05 02:58:18', NULL),
	(386, 387, 97000.00, 0.00, 0.00, 70000.00, 70000.00, 70000.00, '2018-06-05 02:58:18', NULL),
	(387, 388, 0.00, 0.00, 0.00, 100000.00, 100000.00, 100000.00, '2018-06-05 02:58:18', NULL),
	(388, 389, 28675.00, 0.00, 0.00, 10000.00, 10000.00, 10000.00, '2018-06-05 02:58:18', NULL),
	(389, 390, 0.00, 0.00, 0.00, 5000.00, 5000.00, 5000.00, '2018-06-05 02:58:18', NULL),
	(390, 391, 110760.00, 0.00, 0.00, 12000.00, 12000.00, 12000.00, '2018-06-05 02:58:18', NULL),
	(391, 392, 0.00, 0.00, 0.00, 2000.00, 2000.00, 2000.00, '2018-06-05 02:58:18', NULL),
	(392, 393, 0.00, 0.00, 0.00, 2500.00, 2500.00, 2500.00, '2018-06-05 02:58:18', NULL),
	(393, 394, 0.00, 0.00, 0.00, 2500.00, 2500.00, 2500.00, '2018-06-05 02:58:18', NULL),
	(394, 395, 0.00, 0.00, 0.00, 7000.00, 7000.00, 7000.00, '2018-06-05 02:58:18', NULL),
	(395, 396, 0.00, 0.00, 0.00, 47000.00, 47000.00, 47000.00, '2018-06-05 02:58:18', NULL),
	(396, 397, 0.00, 0.00, 0.00, 85000.00, 85000.00, 85000.00, '2018-06-05 02:58:18', NULL),
	(397, 398, 0.00, 0.00, 0.00, 35000.00, 35000.00, 35000.00, '2018-06-05 02:58:18', NULL),
	(398, 399, 0.00, 0.00, 0.00, 55000.00, 55000.00, 55000.00, '2018-06-05 02:58:18', NULL),
	(399, 400, 50000.00, 0.00, 0.00, 35000.00, 35000.00, 35000.00, '2018-06-05 02:58:18', NULL),
	(400, 401, 0.00, 0.00, 0.00, 60000.00, 60000.00, 60000.00, '2018-06-05 02:58:18', NULL),
	(401, 402, 0.00, 0.00, 0.00, 8000.00, 8000.00, 8000.00, '2018-06-05 02:58:18', NULL),
	(402, 403, 0.00, 0.00, 0.00, 12000.00, 12000.00, 12000.00, '2018-06-05 02:58:18', NULL),
	(403, 404, 0.00, 0.00, 0.00, 4000.00, 4000.00, 4000.00, '2018-06-05 02:58:18', NULL),
	(404, 405, 1550000.00, 0.00, 0.00, 14000.00, 14000.00, 14000.00, '2018-06-05 02:58:18', NULL),
	(405, 406, 0.00, 0.00, 0.00, 60000.00, 60000.00, 60000.00, '2018-06-05 02:58:18', NULL),
	(406, 407, 0.00, 0.00, 0.00, 30000.00, 30000.00, 30000.00, '2018-06-05 02:58:18', NULL),
	(407, 408, 230.00, 0.00, 0.00, 30000.00, 30000.00, 30000.00, '2018-06-05 02:58:18', NULL),
	(408, 409, 0.00, 0.00, 0.00, 45000.00, 45000.00, 45000.00, '2018-06-05 02:58:18', NULL),
	(409, 410, 0.00, 0.00, 0.00, 45000.00, 45000.00, 45000.00, '2018-06-05 02:58:18', NULL),
	(410, 411, 0.00, 0.00, 0.00, 2500.00, 2500.00, 2500.00, '2018-06-05 02:58:18', NULL),
	(411, 412, 0.00, 0.00, 0.00, 3000.00, 3000.00, 3000.00, '2018-06-05 02:58:18', NULL),
	(412, 413, 0.00, 0.00, 0.00, 3500.00, 3500.00, 3500.00, '2018-06-05 02:58:18', NULL),
	(413, 414, 0.00, 0.00, 0.00, 2500.00, 2500.00, 2500.00, '2018-06-05 02:58:18', NULL),
	(414, 415, 0.00, 0.00, 0.00, 2500.00, 2500.00, 2500.00, '2018-06-05 02:58:18', NULL),
	(415, 416, 0.00, 0.00, 0.00, 2000.00, 2000.00, 2000.00, '2018-06-05 02:58:18', NULL),
	(416, 417, 290000.00, 0.00, 0.00, 2500.00, 2500.00, 2500.00, '2018-06-05 02:58:18', NULL),
	(417, 418, 0.00, 0.00, 0.00, 12000.00, 12000.00, 12000.00, '2018-06-05 02:58:18', NULL),
	(418, 419, 335000.00, 0.00, 0.00, 55000.00, 55000.00, 55000.00, '2018-06-05 02:58:18', NULL),
	(419, 420, 435000.00, 0.00, 0.00, 3000.00, 3000.00, 3000.00, '2018-06-05 02:58:18', NULL),
	(420, 422, 0.00, 0.00, 0.00, 4000.00, 4000.00, 4000.00, '2018-06-05 02:58:18', NULL),
	(421, 423, 1400000.00, 0.00, 0.00, 5000.00, 5000.00, 5000.00, '2018-06-05 02:58:18', NULL),
	(422, 424, 60000.00, 0.00, 0.00, 10000.00, 10000.00, 10000.00, '2018-06-05 02:58:18', NULL),
	(423, 425, 0.00, 0.00, 0.00, 10000.00, 10000.00, 10000.00, '2018-06-05 02:58:18', NULL),
	(424, 426, 0.00, 0.00, 0.00, 18000.00, 18000.00, 18000.00, '2018-06-05 02:58:18', NULL),
	(425, 427, 0.00, 0.00, 0.00, 28000.00, 28000.00, 28000.00, '2018-06-05 02:58:18', NULL),
	(426, 428, 0.00, 0.00, 0.00, 2000.00, 2000.00, 2000.00, '2018-06-05 02:58:18', NULL),
	(427, 429, 0.00, 0.00, 0.00, 2500.00, 2500.00, 2500.00, '2018-06-05 02:58:18', NULL),
	(428, 430, 59280.00, 0.00, 0.00, 20000.00, 20000.00, 20000.00, '2018-06-05 02:58:18', NULL),
	(429, 431, 0.00, 0.00, 0.00, 20000.00, 20000.00, 20000.00, '2018-06-05 02:58:18', NULL),
	(430, 432, 17500.00, 0.00, 0.00, 100000.00, 100000.00, 100000.00, '2018-06-05 02:58:18', NULL),
	(431, 433, 0.00, 0.00, 0.00, 15000.00, 15000.00, 15000.00, '2018-06-05 02:58:18', NULL),
	(432, 434, 0.00, 0.00, 0.00, 15000.00, 15000.00, 15000.00, '2018-06-05 02:58:18', NULL),
	(433, 435, 0.00, 0.00, 0.00, 9000.00, 9000.00, 9000.00, '2018-06-05 02:58:18', NULL),
	(434, 436, 0.00, 0.00, 0.00, 10000.00, 10000.00, 10000.00, '2018-06-05 02:58:18', NULL),
	(435, 437, 0.00, 0.00, 0.00, 13.00, 13.00, 13.00, '2018-06-05 02:58:18', NULL),
	(436, 438, 1800.00, 0.00, 0.00, 24.00, 24.00, 24.00, '2018-06-05 02:58:18', NULL),
	(437, 439, 0.00, 0.00, 0.00, 1.00, 1.00, 1.00, '2018-06-05 02:58:18', NULL),
	(438, 440, 52910.00, 0.00, 0.00, 5.00, 5.00, 5.00, '2018-06-05 02:58:18', NULL),
	(439, 441, 0.00, 0.00, 0.00, 9.50, 9.50, 9.50, '2018-06-05 02:58:18', NULL),
	(440, 442, 250000.00, 0.00, 0.00, 4.50, 4.50, 4.50, '2018-06-05 02:58:18', NULL),
	(441, 443, 195000.00, 0.00, 0.00, 4.50, 4.50, 4.50, '2018-06-05 02:58:18', NULL),
	(442, 444, 0.00, 0.00, 0.00, 2.00, 2.00, 2.00, '2018-06-05 02:58:18', NULL),
	(443, 445, 0.00, 0.00, 0.00, 3.50, 3.50, 3.50, '2018-06-05 02:58:18', NULL),
	(444, 446, 0.00, 0.00, 0.00, 4.50, 4.50, 4.50, '2018-06-05 02:58:18', NULL),
	(445, 447, 15500.00, 0.00, 0.00, 6.00, 6.00, 6.00, '2018-06-05 02:58:18', NULL),
	(446, 448, 0.00, 0.00, 0.00, 7.00, 7.00, 7.00, '2018-06-05 02:58:18', NULL),
	(447, 449, 10000.00, 0.00, 0.00, 25.00, 25.00, 25.00, '2018-06-05 02:58:18', NULL),
	(448, 450, 201000.00, 0.00, 0.00, 6.00, 6.00, 6.00, '2018-06-05 02:58:18', NULL),
	(449, 451, 0.00, 0.00, 0.00, 10.50, 10.50, 10.50, '2018-06-05 02:58:18', NULL),
	(450, 452, 0.00, 0.00, 0.00, 12.00, 12.00, 12.00, '2018-06-05 02:58:18', NULL),
	(451, 453, 41000.00, 0.00, 0.00, 25.00, 25.00, 25.00, '2018-06-05 02:58:18', NULL),
	(452, 454, 41000.00, 0.00, 0.00, 17.00, 17.00, 17.00, '2018-06-05 02:58:18', NULL),
	(453, 455, 41000.00, 0.00, 0.00, 25.00, 25.00, 25.00, '2018-06-05 02:58:18', NULL),
	(454, 456, 50000.00, 0.00, 0.00, 16.00, 16.00, 16.00, '2018-06-05 02:58:18', NULL),
	(455, 457, 41000.00, 0.00, 0.00, 10.00, 10.00, 10.00, '2018-06-05 02:58:18', NULL),
	(456, 458, 0.00, 0.00, 0.00, 17.00, 17.00, 17.00, '2018-06-05 02:58:18', NULL),
	(457, 459, 41000.00, 0.00, 0.00, 16.00, 16.00, 16.00, '2018-06-05 02:58:18', NULL),
	(458, 460, 41000.00, 0.00, 0.00, 10.00, 10.00, 10.00, '2018-06-05 02:58:18', NULL),
	(459, 461, 0.00, 0.00, 0.00, 12.00, 12.00, 12.00, '2018-06-05 02:58:18', NULL),
	(460, 462, 0.00, 0.00, 0.00, 12.00, 12.00, 12.00, '2018-06-05 02:58:18', NULL),
	(461, 463, 0.00, 0.00, 0.00, 13.00, 13.00, 13.00, '2018-06-05 02:58:18', NULL),
	(462, 464, 0.00, 0.00, 0.00, 15.00, 15.00, 15.00, '2018-06-05 02:58:18', NULL),
	(463, 465, 0.00, 0.00, 0.00, 12.00, 12.00, 12.00, '2018-06-05 02:58:18', NULL),
	(464, 466, 0.00, 0.00, 0.00, 12.00, 12.00, 12.00, '2018-06-05 02:58:18', NULL),
	(465, 467, 0.00, 0.00, 0.00, 110.00, 110.00, 110.00, '2018-06-05 02:58:18', NULL),
	(466, 468, 0.00, 0.00, 0.00, 55.00, 55.00, 55.00, '2018-06-05 02:58:18', NULL),
	(467, 469, 0.00, 0.00, 0.00, 66.00, 66.00, 66.00, '2018-06-05 02:58:18', NULL),
	(468, 470, 0.00, 0.00, 0.00, 68.00, 68.00, 68.00, '2018-06-05 02:58:18', NULL),
	(469, 471, 0.00, 0.00, 0.00, 8.50, 8.50, 8.50, '2018-06-05 02:58:18', NULL),
	(470, 472, 0.00, 0.00, 0.00, 3.50, 3.50, 3.50, '2018-06-05 02:58:18', NULL),
	(471, 473, 0.00, 0.00, 0.00, 13.00, 13.00, 13.00, '2018-06-05 02:58:18', NULL),
	(472, 474, 0.00, 0.00, 0.00, 20.00, 20.00, 20.00, '2018-06-05 02:58:18', NULL),
	(473, 475, 0.00, 0.00, 0.00, 13.00, 13.00, 13.00, '2018-06-05 02:58:18', NULL),
	(474, 476, 0.00, 0.00, 0.00, 3.50, 3.50, 3.50, '2018-06-05 02:58:18', NULL),
	(475, 477, 0.00, 0.00, 0.00, 11.00, 11.00, 11.00, '2018-06-05 02:58:18', NULL),
	(476, 478, 0.00, 0.00, 0.00, 10.00, 10.00, 10.00, '2018-06-05 02:58:18', NULL),
	(477, 479, 0.00, 0.00, 0.00, 10.00, 10.00, 10.00, '2018-06-05 02:58:18', NULL),
	(478, 480, 0.00, 0.00, 0.00, 19.00, 19.00, 19.00, '2018-06-05 02:58:18', NULL),
	(479, 481, 0.00, 0.00, 0.00, 24.00, 24.00, 24.00, '2018-06-05 02:58:18', NULL),
	(480, 482, 440.00, 0.00, 0.00, 46.00, 46.00, 46.00, '2018-06-05 02:58:18', NULL),
	(481, 483, 0.00, 0.00, 0.00, 62.00, 62.00, 62.00, '2018-06-05 02:58:18', NULL),
	(482, 484, 0.00, 0.00, 0.00, 28.00, 28.00, 28.00, '2018-06-05 02:58:18', NULL),
	(483, 485, 0.00, 0.00, 0.00, 38.00, 38.00, 38.00, '2018-06-05 02:58:18', NULL),
	(484, 486, 11000.00, 0.00, 0.00, 70.00, 70.00, 70.00, '2018-06-05 02:58:18', NULL),
	(485, 487, 90000.00, 0.00, 0.00, 2.50, 2.50, 2.50, '2018-06-05 02:58:18', NULL),
	(486, 488, 16095.00, 0.00, 0.00, 6.50, 6.50, 6.50, '2018-06-05 02:58:18', NULL),
	(487, 489, 21367.50, 0.00, 0.00, 3.00, 3.00, 3.00, '2018-06-05 02:58:18', NULL),
	(488, 490, 0.00, 0.00, 0.00, 5.50, 5.50, 5.50, '2018-06-05 02:58:18', NULL),
	(489, 491, 0.00, 0.00, 0.00, 5.00, 5.00, 5.00, '2018-06-05 02:58:18', NULL),
	(490, 492, 0.00, 0.00, 0.00, 3.50, 3.50, 3.50, '2018-06-05 02:58:18', NULL),
	(491, 493, 0.00, 0.00, 0.00, 5.00, 5.00, 5.00, '2018-06-05 02:58:18', NULL),
	(492, 494, 0.00, 0.00, 0.00, 16.50, 16.50, 16.50, '2018-06-05 02:58:18', NULL),
	(493, 495, 0.00, 0.00, 0.00, 17.50, 17.50, 17.50, '2018-06-05 02:58:18', NULL),
	(494, 496, 65212.50, 0.00, 0.00, 3.50, 3.50, 3.50, '2018-06-05 02:58:18', NULL),
	(495, 497, 0.00, 0.00, 0.00, 6.00, 6.00, 6.00, '2018-06-05 02:58:18', NULL),
	(496, 498, 0.00, 0.00, 0.00, 5.00, 5.00, 5.00, '2018-06-05 02:58:18', NULL),
	(497, 499, 0.00, 0.00, 0.00, 19.00, 19.00, 19.00, '2018-06-05 02:58:18', NULL),
	(498, 500, 0.00, 0.00, 0.00, 14.00, 14.00, 14.00, '2018-06-05 02:58:18', NULL),
	(499, 501, 0.00, 0.00, 0.00, 40.00, 40.00, 40.00, '2018-06-05 02:58:18', NULL),
	(500, 502, 18000.00, 0.00, 0.00, 20.00, 20.00, 20.00, '2018-06-05 02:58:18', NULL),
	(501, 503, 0.00, 0.00, 0.00, 4.00, 4.00, 4.00, '2018-06-05 02:58:18', NULL),
	(502, 504, 0.00, 0.00, 0.00, 10.00, 10.00, 10.00, '2018-06-05 02:58:18', NULL),
	(503, 505, 216520.00, 0.00, 0.00, 14.00, 14.00, 14.00, '2018-06-05 02:58:18', NULL),
	(504, 506, 0.00, 0.00, 0.00, 2.50, 2.50, 2.50, '2018-06-05 02:58:18', NULL),
	(505, 507, 0.00, 0.00, 0.00, 6.50, 6.50, 6.50, '2018-06-05 02:58:18', NULL),
	(506, 508, 0.00, 0.00, 0.00, 3.50, 3.50, 3.50, '2018-06-05 02:58:18', NULL),
	(507, 509, 0.00, 0.00, 0.00, 500.00, 500.00, 500.00, '2018-06-05 02:58:18', NULL),
	(508, 510, 0.00, 0.00, 0.00, 19.00, 19.00, 19.00, '2018-06-05 02:58:18', NULL),
	(509, 511, 0.00, 0.00, 0.00, 1.00, 1.00, 1.00, '2018-06-05 02:58:18', NULL),
	(510, 512, 0.00, 0.00, 0.00, 30.00, 30.00, 30.00, '2018-06-05 02:58:18', NULL),
	(511, 513, 0.00, 0.00, 0.00, 8.50, 8.50, 8.50, '2018-06-05 02:58:18', NULL),
	(512, 514, 28000.00, 0.00, 0.00, 3.00, 3.00, 3.00, '2018-06-05 02:58:18', NULL),
	(513, 515, 25000.00, 0.00, 0.00, 4.50, 4.50, 4.50, '2018-06-05 02:58:18', NULL),
	(514, 516, 17000.00, 0.00, 0.00, 3.50, 3.50, 3.50, '2018-06-05 02:58:18', NULL),
	(515, 517, 23000.00, 0.00, 0.00, 5.00, 5.00, 5.00, '2018-06-05 02:58:18', NULL),
	(516, 518, 0.00, 0.00, 0.00, 8.00, 8.00, 8.00, '2018-06-05 02:58:18', NULL),
	(517, 519, 0.00, 0.00, 0.00, 48.00, 48.00, 48.00, '2018-06-05 02:58:18', NULL),
	(518, 520, 27000.00, 0.00, 0.00, 53.00, 53.00, 53.00, '2018-06-05 02:58:18', NULL),
	(519, 521, 0.00, 0.00, 0.00, 25.00, 25.00, 25.00, '2018-06-05 02:58:18', NULL),
	(520, 522, 16000.00, 0.00, 0.00, 49.00, 49.00, 49.00, '2018-06-05 02:58:18', NULL),
	(521, 523, 0.00, 0.00, 0.00, 27.00, 27.00, 27.00, '2018-06-05 02:58:18', NULL),
	(522, 524, 0.00, 0.00, 0.00, 27.00, 27.00, 27.00, '2018-06-05 02:58:18', NULL),
	(523, 525, 20000.00, 0.00, 0.00, 55.00, 55.00, 55.00, '2018-06-05 02:58:18', NULL),
	(524, 526, 0.00, 0.00, 0.00, 27.00, 27.00, 27.00, '2018-06-05 02:58:18', NULL),
	(525, 527, 0.00, 0.00, 0.00, 27.00, 27.00, 27.00, '2018-06-05 02:58:18', NULL),
	(526, 528, 10000.00, 0.00, 0.00, 28.00, 28.00, 28.00, '2018-06-05 02:58:18', NULL),
	(527, 529, 57500.00, 0.00, 0.00, 32.00, 32.00, 32.00, '2018-06-05 02:58:18', NULL),
	(528, 530, 45000.00, 0.00, 0.00, 27.00, 27.00, 27.00, '2018-06-05 02:58:18', NULL),
	(529, 531, 0.00, 0.00, 0.00, 29.00, 29.00, 29.00, '2018-06-05 02:58:18', NULL),
	(530, 532, 0.00, 0.00, 0.00, 153.00, 153.00, 153.00, '2018-06-05 02:58:18', NULL),
	(531, 533, 0.00, 0.00, 0.00, 183.00, 183.00, 183.00, '2018-06-05 02:58:18', NULL),
	(532, 534, 0.00, 0.00, 0.00, 219.00, 219.00, 219.00, '2018-06-05 02:58:18', NULL),
	(533, 535, 0.00, 0.00, 0.00, 237.00, 237.00, 237.00, '2018-06-05 02:58:18', NULL),
	(534, 536, 0.00, 0.00, 0.00, 312.00, 312.00, 312.00, '2018-06-05 02:58:18', NULL),
	(535, 537, 15000.00, 0.00, 0.00, 195.00, 195.00, 195.00, '2018-06-05 02:58:18', NULL),
	(536, 538, 0.00, 0.00, 0.00, 237.00, 237.00, 237.00, '2018-06-05 02:58:18', NULL),
	(537, 539, 0.00, 0.00, 0.00, 333.00, 333.00, 333.00, '2018-06-05 02:58:18', NULL),
	(538, 540, 0.00, 0.00, 0.00, 390.00, 390.00, 390.00, '2018-06-05 02:58:18', NULL),
	(539, 541, 0.00, 0.00, 0.00, 468.00, 468.00, 468.00, '2018-06-05 02:58:18', NULL),
	(540, 542, 0.00, 0.00, 0.00, 315.00, 315.00, 315.00, '2018-06-05 02:58:18', NULL),
	(541, 543, 0.00, 0.00, 0.00, 375.00, 375.00, 375.00, '2018-06-05 02:58:18', NULL),
	(542, 544, 0.00, 0.00, 0.00, 435.00, 435.00, 435.00, '2018-06-05 02:58:18', NULL),
	(543, 545, 6500.00, 0.00, 0.00, 171.00, 171.00, 171.00, '2018-06-05 02:58:18', NULL),
	(544, 546, 0.00, 0.00, 0.00, 207.00, 207.00, 207.00, '2018-06-05 02:58:18', NULL),
	(545, 547, 0.00, 0.00, 0.00, 315.00, 315.00, 315.00, '2018-06-05 02:58:18', NULL),
	(546, 548, 0.00, 0.00, 0.00, 375.00, 375.00, 375.00, '2018-06-05 02:58:18', NULL),
	(547, 549, 0.00, 0.00, 0.00, 477.00, 477.00, 477.00, '2018-06-05 02:58:18', NULL),
	(548, 550, 0.00, 0.00, 0.00, 237.00, 237.00, 237.00, '2018-06-05 02:58:18', NULL),
	(549, 551, 0.00, 0.00, 0.00, 333.00, 333.00, 333.00, '2018-06-05 02:58:18', NULL),
	(550, 552, 0.00, 0.00, 0.00, 435.00, 435.00, 435.00, '2018-06-05 02:58:18', NULL),
	(551, 553, 18000.00, 0.00, 0.00, 425.00, 425.00, 425.00, '2018-06-05 02:58:18', NULL),
	(552, 554, 0.00, 0.00, 0.00, 525.00, 525.00, 525.00, '2018-06-05 02:58:18', NULL),
	(553, 555, 0.00, 0.00, 0.00, 597.00, 597.00, 597.00, '2018-06-05 02:58:18', NULL),
	(554, 556, 18000.00, 0.00, 0.00, 657.00, 657.00, 657.00, '2018-06-05 02:58:18', NULL),
	(555, 557, 0.00, 0.00, 0.00, 21000.00, 0.00, 0.00, '2018-06-05 02:58:18', NULL),
	(556, 558, 0.00, 0.00, 0.00, 300000.00, 0.00, 0.00, '2018-06-05 02:58:18', NULL),
	(557, 559, 0.00, 0.00, 0.00, 11000.00, 0.00, 0.00, '2018-06-05 02:58:18', NULL),
	(558, 560, 0.00, 0.00, 0.00, 28000.00, 0.00, 0.00, '2018-06-05 02:58:18', NULL),
	(559, 561, 11000.00, 0.00, 0.00, 10500.00, 0.00, 0.00, '2018-06-05 02:58:18', NULL),
	(560, 562, 0.00, 0.00, 0.00, 37000.00, 0.00, 0.00, '2018-06-05 02:58:18', NULL),
	(561, 563, 216520.00, 0.00, 0.00, 257000.00, 0.00, 0.00, '2018-06-05 02:58:18', NULL),
	(562, 564, 0.00, 0.00, 0.00, 30400.00, 0.00, 0.00, '2018-06-05 02:58:18', NULL),
	(563, 565, 0.00, 0.00, 0.00, 30875.00, 0.00, 0.00, '2018-06-05 02:58:18', NULL),
	(564, 566, 0.00, 0.00, 0.00, 29450.00, 0.00, 0.00, '2018-06-05 02:58:18', NULL),
	(565, 567, 0.00, 0.00, 0.00, 117250.00, 0.00, 0.00, '2018-06-05 02:58:18', NULL),
	(566, 568, 0.00, 0.00, 0.00, 125000.00, 0.00, 0.00, '2018-06-05 02:58:18', NULL),
	(567, 569, 5415.00, 0.00, 0.00, 0.00, 0.00, 0.00, '2018-06-05 02:58:18', NULL),
	(568, 570, 0.00, 0.00, 0.00, 0.00, 0.00, 0.00, '2018-06-05 02:58:18', NULL),
	(569, 571, 0.00, 0.00, 0.00, 0.00, 0.00, 0.00, '2018-06-05 02:58:18', NULL),
	(570, 572, 0.00, 0.00, 0.00, 16000.00, 0.00, 0.00, '2018-06-05 02:58:18', NULL),
	(571, 574, 0.00, 0.00, 0.00, 0.00, 0.00, 0.00, '2018-06-05 02:58:18', NULL),
	(572, 575, 0.00, 0.00, 0.00, 0.00, 0.00, 0.00, '2018-06-05 02:58:18', NULL),
	(573, 576, 0.00, 0.00, 0.00, 0.00, 0.00, 0.00, '2018-06-05 02:58:18', NULL),
	(574, 577, 0.00, 0.00, 0.00, 72000.00, 0.00, 0.00, '2018-06-05 02:58:18', NULL),
	(575, 578, 0.00, 0.00, 0.00, 72000.00, 0.00, 0.00, '2018-06-05 02:58:18', NULL),
	(576, 579, 0.00, 0.00, 0.00, 72000.00, 0.00, 0.00, '2018-06-05 02:58:18', NULL),
	(577, 580, 0.00, 0.00, 0.00, 72000.00, 0.00, 0.00, '2018-06-05 02:58:18', NULL),
	(578, 581, 0.00, 0.00, 0.00, 72000.00, 0.00, 0.00, '2018-06-05 02:58:18', NULL),
	(579, 582, 0.00, 0.00, 0.00, 72000.00, 0.00, 0.00, '2018-06-05 02:58:18', NULL),
	(580, 583, 0.00, 0.00, 0.00, 72000.00, 0.00, 0.00, '2018-06-05 02:58:18', NULL),
	(581, 584, 0.00, 0.00, 0.00, 72000.00, 0.00, 0.00, '2018-06-05 02:58:18', NULL),
	(582, 585, 0.00, 0.00, 0.00, 72000.00, 0.00, 0.00, '2018-06-05 02:58:18', NULL),
	(583, 586, 0.00, 0.00, 0.00, 72000.00, 0.00, 0.00, '2018-06-05 02:58:18', NULL),
	(584, 587, 0.00, 0.00, 0.00, 72000.00, 0.00, 0.00, '2018-06-05 02:58:18', NULL),
	(585, 588, 0.00, 0.00, 0.00, 72000.00, 0.00, 0.00, '2018-06-05 02:58:18', NULL),
	(586, 589, 0.00, 0.00, 0.00, 72000.00, 0.00, 0.00, '2018-06-05 02:58:18', NULL),
	(587, 590, 0.00, 0.00, 0.00, 72000.00, 0.00, 0.00, '2018-06-05 02:58:18', NULL),
	(588, 591, 0.00, 0.00, 0.00, 72000.00, 0.00, 0.00, '2018-06-05 02:58:18', NULL),
	(589, 592, 0.00, 0.00, 0.00, 72000.00, 0.00, 0.00, '2018-06-05 02:58:18', NULL),
	(590, 593, 0.00, 0.00, 0.00, 35000.00, 0.00, 0.00, '2018-06-05 02:58:18', NULL),
	(591, 594, 0.00, 0.00, 0.00, 72000.00, 0.00, 0.00, '2018-06-05 02:58:18', NULL),
	(592, 595, 0.00, 0.00, 0.00, 72000.00, 0.00, 0.00, '2018-06-05 02:58:18', NULL),
	(593, 596, 0.00, 0.00, 0.00, 72000.00, 0.00, 0.00, '2018-06-05 02:58:18', NULL),
	(594, 597, 0.00, 0.00, 0.00, 72000.00, 0.00, 0.00, '2018-06-05 02:58:18', NULL),
	(595, 598, 0.00, 0.00, 0.00, 51000.00, 0.00, 0.00, '2018-06-05 02:58:18', NULL),
	(596, 599, 41000.00, 0.00, 0.00, 51000.00, 0.00, 0.00, '2018-06-05 02:58:18', NULL),
	(597, 600, 0.00, 0.00, 0.00, 51000.00, 0.00, 0.00, '2018-06-05 02:58:18', NULL),
	(598, 601, 0.00, 0.00, 0.00, 51000.00, 0.00, 0.00, '2018-06-05 02:58:18', NULL),
	(599, 602, 41000.00, 0.00, 0.00, 51000.00, 0.00, 0.00, '2018-06-05 02:58:18', NULL),
	(600, 603, 0.00, 0.00, 0.00, 51000.00, 0.00, 0.00, '2018-06-05 02:58:18', NULL),
	(601, 604, 41000.00, 0.00, 0.00, 51000.00, 0.00, 0.00, '2018-06-05 02:58:18', NULL),
	(602, 605, 41000.00, 0.00, 0.00, 51000.00, 0.00, 0.00, '2018-06-05 02:58:18', NULL),
	(603, 606, 0.00, 0.00, 0.00, 51000.00, 0.00, 0.00, '2018-06-05 02:58:18', NULL),
	(604, 607, 0.00, 0.00, 0.00, 51000.00, 0.00, 0.00, '2018-06-05 02:58:18', NULL),
	(605, 608, 0.00, 0.00, 0.00, 51000.00, 0.00, 0.00, '2018-06-05 02:58:18', NULL),
	(606, 609, 0.00, 0.00, 0.00, 51000.00, 0.00, 0.00, '2018-06-05 02:58:18', NULL),
	(607, 610, 0.00, 0.00, 0.00, 51000.00, 0.00, 0.00, '2018-06-05 02:58:18', NULL),
	(608, 611, 0.00, 0.00, 0.00, 72000.00, 0.00, 0.00, '2018-06-05 02:58:18', NULL),
	(609, 612, 23000.00, 0.00, 0.00, 50000.00, 0.00, 0.00, '2018-06-05 02:58:18', NULL),
	(610, 613, 0.00, 0.00, 0.00, 50000.00, 0.00, 0.00, '2018-06-05 02:58:18', NULL),
	(611, 614, 0.00, 0.00, 0.00, 50000.00, 0.00, 0.00, '2018-06-05 02:58:18', NULL),
	(612, 615, 0.00, 0.00, 0.00, 50000.00, 0.00, 0.00, '2018-06-05 02:58:18', NULL),
	(613, 616, 0.00, 0.00, 0.00, 50000.00, 0.00, 0.00, '2018-06-05 02:58:18', NULL),
	(614, 617, 0.00, 0.00, 0.00, 50000.00, 0.00, 0.00, '2018-06-05 02:58:18', NULL),
	(615, 618, 0.00, 0.00, 0.00, 50000.00, 0.00, 0.00, '2018-06-05 02:58:18', NULL),
	(616, 619, 0.00, 0.00, 0.00, 50000.00, 0.00, 0.00, '2018-06-05 02:58:18', NULL),
	(617, 620, 0.00, 0.00, 0.00, 50000.00, 0.00, 0.00, '2018-06-05 02:58:18', NULL),
	(618, 621, 0.00, 0.00, 0.00, 50000.00, 0.00, 0.00, '2018-06-05 02:58:18', NULL),
	(619, 622, 0.00, 0.00, 0.00, 50000.00, 0.00, 0.00, '2018-06-05 02:58:18', NULL),
	(620, 623, 0.00, 0.00, 0.00, 50000.00, 0.00, 0.00, '2018-06-05 02:58:18', NULL),
	(621, 624, 0.00, 0.00, 0.00, 50000.00, 0.00, 0.00, '2018-06-05 02:58:18', NULL),
	(622, 625, 0.00, 0.00, 0.00, 50000.00, 0.00, 0.00, '2018-06-05 02:58:18', NULL),
	(623, 626, 0.00, 0.00, 0.00, 50000.00, 0.00, 0.00, '2018-06-05 02:58:18', NULL),
	(624, 627, 0.00, 0.00, 0.00, 50000.00, 0.00, 0.00, '2018-06-05 02:58:18', NULL),
	(625, 628, 0.00, 0.00, 0.00, 50000.00, 0.00, 0.00, '2018-06-05 02:58:18', NULL),
	(626, 629, 0.00, 0.00, 0.00, 50000.00, 0.00, 0.00, '2018-06-05 02:58:18', NULL),
	(627, 630, 27000.00, 0.00, 0.00, 50000.00, 0.00, 0.00, '2018-06-05 02:58:18', NULL),
	(628, 631, 41000.00, 0.00, 0.00, 0.00, 0.00, 0.00, '2018-06-05 02:58:18', NULL),
	(629, 632, 23000.00, 0.00, 0.00, 27500.00, 0.00, 0.00, '2018-06-05 02:58:18', NULL),
	(630, 633, 0.00, 0.00, 0.00, 20000.00, 0.00, 0.00, '2018-06-05 02:58:18', NULL),
	(631, 634, 0.00, 0.00, 0.00, 0.00, 0.00, 0.00, '2018-06-05 02:58:18', NULL),
	(632, 635, 0.00, 0.00, 0.00, 0.00, 0.00, 0.00, '2018-06-05 02:58:18', NULL),
	(633, 636, 0.00, 0.00, 0.00, 0.00, 0.00, 0.00, '2018-06-05 02:58:18', NULL),
	(634, 637, 18000.00, 0.00, 0.00, 21000.00, 0.00, 0.00, '2018-06-05 02:58:18', NULL),
	(635, 638, 0.00, 0.00, 0.00, 19000.00, 0.00, 0.00, '2018-06-05 02:58:18', NULL),
	(636, 639, 18000.00, 0.00, 0.00, 20000.00, 0.00, 0.00, '2018-06-05 02:58:18', NULL),
	(637, 640, 0.00, 0.00, 0.00, 19000.00, 0.00, 0.00, '2018-06-05 02:58:18', NULL),
	(638, 641, 0.00, 0.00, 0.00, 20000.00, 0.00, 0.00, '2018-06-05 02:58:18', NULL),
	(639, 642, 0.00, 0.00, 0.00, 0.00, 0.00, 0.00, '2018-06-05 02:58:18', NULL),
	(640, 643, 0.00, 0.00, 0.00, 0.00, 0.00, 0.00, '2018-06-05 02:58:18', NULL),
	(641, 644, 0.00, 0.00, 0.00, 0.00, 0.00, 0.00, '2018-06-05 02:58:18', NULL),
	(642, 645, 0.00, 0.00, 0.00, 0.00, 0.00, 0.00, '2018-06-05 02:58:18', NULL),
	(643, 647, 800.00, 8000.00, 8000.00, 0.00, 0.00, 0.00, '2018-07-03 04:05:25', NULL),
	(644, 648, 3500.00, 42000.00, 42000.00, 0.00, 0.00, 0.00, '2018-07-03 04:12:09', NULL),
	(645, 651, 1200.00, 24000.00, 24000.00, 0.00, 0.00, 0.00, '2018-07-03 04:18:37', NULL);
/*!40000 ALTER TABLE `m_price` ENABLE KEYS */;


-- Dumping structure for table alamrayasite_nabila.m_satuan
CREATE TABLE IF NOT EXISTS `m_satuan` (
  `s_id` int(11) NOT NULL AUTO_INCREMENT,
  `s_name` varchar(50) DEFAULT NULL,
  `s_detname` varchar(50) DEFAULT NULL,
  `s_create` timestamp NULL DEFAULT CURRENT_TIMESTAMP,
  `s_update` timestamp NULL DEFAULT NULL,
  PRIMARY KEY (`s_id`)
) ENGINE=InnoDB AUTO_INCREMENT=13 DEFAULT CHARSET=latin1;

-- Dumping data for table alamrayasite_nabila.m_satuan: ~12 rows (approximately)
DELETE FROM `m_satuan`;
/*!40000 ALTER TABLE `m_satuan` DISABLE KEYS */;
INSERT INTO `m_satuan` (`s_id`, `s_name`, `s_detname`, `s_create`, `s_update`) VALUES
	(1, 'PACK', 'PACK', '2018-06-06 12:57:10', NULL),
	(2, 'UNIT', 'UNIT', '2018-06-06 12:57:34', NULL),
	(3, 'KG', 'KILOGRAM', '2018-07-03 15:29:07', NULL),
	(4, 'PCS', 'PIECES', '2018-07-03 15:29:22', NULL),
	(5, 'KLG', 'KALENG', '2018-07-03 16:16:03', NULL),
	(6, 'BTL', 'BOTOL', '2018-07-04 00:39:45', NULL),
	(7, 'LTR', 'LITER', '2018-07-04 00:40:08', NULL),
	(8, 'GR', 'GRAM', '2018-07-04 00:45:16', NULL),
	(9, 'ONS', 'ONS', '2018-07-04 00:45:35', NULL),
	(10, 'LBR', 'LEMBAR', '2018-07-04 00:46:03', NULL),
	(11, 'MTR', 'METER', '2018-07-04 00:46:22', NULL),
	(12, 'PJK', 'PAJAK', '2018-07-04 00:57:22', NULL);
/*!40000 ALTER TABLE `m_satuan` ENABLE KEYS */;


-- Dumping structure for table alamrayasite_nabila.m_stock_cabang
CREATE TABLE IF NOT EXISTS `m_stock_cabang` (
  `sc_id` int(11) NOT NULL AUTO_INCREMENT,
  `sc_name` varchar(50) DEFAULT NULL,
  PRIMARY KEY (`sc_id`)
) ENGINE=InnoDB AUTO_INCREMENT=25 DEFAULT CHARSET=latin1;

-- Dumping data for table alamrayasite_nabila.m_stock_cabang: ~24 rows (approximately)
DELETE FROM `m_stock_cabang`;
/*!40000 ALTER TABLE `m_stock_cabang` DISABLE KEYS */;
INSERT INTO `m_stock_cabang` (`sc_id`, `sc_name`) VALUES
	(1, 'Gudang Bahan Baku Master 1'),
	(2, 'Gudang Bahan Baku Master 2'),
	(3, 'Gudang Bahan Baku Cabang 1'),
	(4, 'Gudang Bahan Baku Cabang 2'),
	(5, 'Gudang Grosir Master 1'),
	(6, 'Gudang Grosir Master 2'),
	(7, 'Gudang Grosir Cabang 1'),
	(8, 'Gudang Grosir Cabang 2'),
	(9, 'Gudang Retail Master 1'),
	(10, 'Gudang Retail Master 2'),
	(11, 'Gudang Retail Cabang 1'),
	(12, 'Gudang Retail Cabang 2'),
	(13, 'Gudang Customer Master 1'),
	(14, 'Gudang Customer Master 2'),
	(15, 'Gudang Customer Cabang 1'),
	(16, 'Gudang Customer Cabang 2'),
	(17, 'Gudang Produksi Master 1'),
	(18, 'Gudang Produksi Master 2'),
	(19, 'Gudang Produksi Cabang 1'),
	(20, 'Gudang Produksi Cabang 2'),
	(21, 'Gudang Sending Master 1'),
	(22, 'Gudang Sending Master 2'),
	(23, 'Gudang Sending Cabang 1'),
	(24, 'Gudang Sending Cabang 2');
/*!40000 ALTER TABLE `m_stock_cabang` ENABLE KEYS */;


-- Dumping structure for table alamrayasite_nabila.m_supplier
CREATE TABLE IF NOT EXISTS `m_supplier` (
  `s_id` int(11) NOT NULL AUTO_INCREMENT,
  `s_company` varchar(100) DEFAULT NULL,
  `s_name` varchar(100) DEFAULT NULL,
  `s_npwp` varchar(100) DEFAULT NULL,
  `s_address` varchar(100) DEFAULT NULL,
  `s_phone` varchar(100) DEFAULT NULL,
  `s_phone1` varchar(50) DEFAULT NULL,
  `s_phone2` varchar(50) DEFAULT NULL,
  `s_rekening` varchar(25) DEFAULT NULL,
  `s_bank` varchar(25) DEFAULT NULL,
  `s_fax` varchar(50) DEFAULT NULL,
  `s_note` text,
  `s_top` date DEFAULT NULL COMMENT 'termin of payment (tgl jatuh tempo bayar hutang)',
  `s_deposit` date DEFAULT NULL COMMENT 'tanggal jatuh tempo pengiriman barang',
  `s_limit` decimal(12,2) NOT NULL DEFAULT '0.00' COMMENT 'limit hutang supplier',
  `s_hutang` decimal(12,2) NOT NULL DEFAULT '0.00' COMMENT 'hutang supplier',
  `s_item_list` varchar(150) DEFAULT NULL COMMENT 'array item list',
  `s_insert` timestamp NULL DEFAULT NULL,
  `s_update` timestamp NOT NULL DEFAULT CURRENT_TIMESTAMP ON UPDATE CURRENT_TIMESTAMP,
  PRIMARY KEY (`s_id`)
) ENGINE=InnoDB AUTO_INCREMENT=5 DEFAULT CHARSET=latin1;

-- Dumping data for table alamrayasite_nabila.m_supplier: ~4 rows (approximately)
DELETE FROM `m_supplier`;
/*!40000 ALTER TABLE `m_supplier` DISABLE KEYS */;
INSERT INTO `m_supplier` (`s_id`, `s_company`, `s_name`, `s_npwp`, `s_address`, `s_phone`, `s_phone1`, `s_phone2`, `s_rekening`, `s_bank`, `s_fax`, `s_note`, `s_top`, `s_deposit`, `s_limit`, `s_hutang`, `s_item_list`, `s_insert`, `s_update`) VALUES
	(1, 'Tacik', 'April', NULL, NULL, NULL, NULL, NULL, NULL, NULL, NULL, NULL, NULL, NULL, 0.00, 0.00, NULL, NULL, '2018-12-04 07:29:50'),
	(2, 'BERAS PKL', 'Mahmud', NULL, NULL, NULL, NULL, NULL, NULL, NULL, NULL, NULL, NULL, NULL, 0.00, 0.00, NULL, NULL, '2018-12-04 07:29:36'),
	(3, 'DUS', 'Suratno', NULL, NULL, NULL, NULL, NULL, NULL, NULL, NULL, NULL, NULL, NULL, 0.00, 0.00, NULL, NULL, '2018-12-04 07:30:21'),
	(4, 'Daging Ayam', 'Pahino', NULL, NULL, NULL, NULL, NULL, NULL, NULL, NULL, NULL, NULL, NULL, 0.00, 0.00, NULL, NULL, '2018-12-04 07:30:39');
/*!40000 ALTER TABLE `m_supplier` ENABLE KEYS */;


-- Dumping structure for table alamrayasite_nabila.m_toko_titip
CREATE TABLE IF NOT EXISTS `m_toko_titip` (
  `tt_id` int(11) NOT NULL AUTO_INCREMENT,
  `tt_company` varchar(100) DEFAULT NULL,
  `tt_name` varchar(100) DEFAULT NULL,
  `tt_address` varchar(100) DEFAULT NULL,
  `tt_phone` varchar(50) DEFAULT NULL,
  `tt_fax` varchar(50) DEFAULT NULL,
  `tt_note` text,
  `tt_created` timestamp NULL DEFAULT NULL,
  `tt_updated` timestamp NOT NULL DEFAULT CURRENT_TIMESTAMP ON UPDATE CURRENT_TIMESTAMP,
  `tt_active` enum('Y','N') DEFAULT 'Y',
  PRIMARY KEY (`tt_id`)
) ENGINE=InnoDB DEFAULT CHARSET=latin1;

-- Dumping data for table alamrayasite_nabila.m_toko_titip: ~0 rows (approximately)
DELETE FROM `m_toko_titip`;
/*!40000 ALTER TABLE `m_toko_titip` DISABLE KEYS */;
/*!40000 ALTER TABLE `m_toko_titip` ENABLE KEYS */;


-- Dumping structure for table alamrayasite_nabila.m_users
CREATE TABLE IF NOT EXISTS `m_users` (
  `id` int(10) unsigned NOT NULL AUTO_INCREMENT,
  `name` varchar(255) NOT NULL,
  `email` varchar(255) NOT NULL,
  `username` varchar(255) NOT NULL,
  `password` varchar(255) NOT NULL,
  `remember_token` varchar(100) DEFAULT NULL,
  `created_at` timestamp NULL DEFAULT NULL,
  `updated_at` timestamp NULL DEFAULT NULL,
  PRIMARY KEY (`id`)
) ENGINE=InnoDB AUTO_INCREMENT=3 DEFAULT CHARSET=latin1 ROW_FORMAT=DYNAMIC;

-- Dumping data for table alamrayasite_nabila.m_users: ~2 rows (approximately)
DELETE FROM `m_users`;
/*!40000 ALTER TABLE `m_users` DISABLE KEYS */;
INSERT INTO `m_users` (`id`, `name`, `email`, `username`, `password`, `remember_token`, `created_at`, `updated_at`) VALUES
	(1, 'amdin1', 'admin22@gmail.com', 'admin', '$2y$10$hFooeUmTUWV5bmY8HMPvJOEo1kGC/CqEWeWtX226xvM4qgMUBP6oe', 'IAuRvsCRBpGsCDZuxcWNByFrpMnMUsqiClo78vkRjmV2cJLZGQpQMbVnGetI', '2017-12-19 06:20:05', '2018-04-02 05:26:19'),
	(2, 'Bravo', 'bravo@bravo.com', 'bravo', '$2y$10$ORK70cBLfoFFcXBJFNFwFeIPpUKnk3Vf3ro/0GZOGYfDLntxxFzF6', 'swMqwu1kNY36uWl56Rmsqssjtvp7I5u7QJGVVofjXNIgrkjKcB9MbHanhxjL', '2018-02-03 01:46:43', '2018-02-03 01:46:51');
/*!40000 ALTER TABLE `m_users` ENABLE KEYS */;


-- Dumping structure for table alamrayasite_nabila.password_resets
CREATE TABLE IF NOT EXISTS `password_resets` (
  `email` varchar(255) NOT NULL,
  `token` varchar(255) NOT NULL,
  `created_at` varchar(50) NOT NULL
) ENGINE=MyISAM DEFAULT CHARSET=latin1 ROW_FORMAT=DYNAMIC;

-- Dumping data for table alamrayasite_nabila.password_resets: 110 rows
DELETE FROM `password_resets`;
/*!40000 ALTER TABLE `password_resets` DISABLE KEYS */;
INSERT INTO `password_resets` (`email`, `token`, `created_at`) VALUES
	('bravo@bravo.com', 'cf414a57670872d4bd8c1b0f18d3509f5deb06a0c579f51ca494b81d4dc4e8c9', '2018-02-03 01:48:46'),
	('bravo@bravo.com', 'cf414a57670872d4bd8c1b0f18d3509f5deb06a0c579f51ca494b81d4dc4e8c9', '2018-02-03 01:48:46'),
	('bravo@bravo.com', 'cf414a57670872d4bd8c1b0f18d3509f5deb06a0c579f51ca494b81d4dc4e8c9', '2018-02-03 01:48:46'),
	('bravo@bravo.com', 'cf414a57670872d4bd8c1b0f18d3509f5deb06a0c579f51ca494b81d4dc4e8c9', '2018-02-03 01:48:46'),
	('bravo@bravo.com', 'cf414a57670872d4bd8c1b0f18d3509f5deb06a0c579f51ca494b81d4dc4e8c9', '2018-02-03 01:48:46'),
	('bravo@bravo.com', 'cf414a57670872d4bd8c1b0f18d3509f5deb06a0c579f51ca494b81d4dc4e8c9', '2018-02-03 01:48:46'),
	('bravo@bravo.com', 'cf414a57670872d4bd8c1b0f18d3509f5deb06a0c579f51ca494b81d4dc4e8c9', '2018-02-03 01:48:46'),
	('bravo@bravo.com', 'cf414a57670872d4bd8c1b0f18d3509f5deb06a0c579f51ca494b81d4dc4e8c9', '2018-02-03 01:48:46'),
	('bravo@bravo.com', 'cf414a57670872d4bd8c1b0f18d3509f5deb06a0c579f51ca494b81d4dc4e8c9', '2018-02-03 01:48:46'),
	('bravo@bravo.com', 'cf414a57670872d4bd8c1b0f18d3509f5deb06a0c579f51ca494b81d4dc4e8c9', '2018-02-03 01:48:46'),
	('bravo@bravo.com', 'cf414a57670872d4bd8c1b0f18d3509f5deb06a0c579f51ca494b81d4dc4e8c9', '2018-02-03 01:48:46'),
	('bravo@bravo.com', 'cf414a57670872d4bd8c1b0f18d3509f5deb06a0c579f51ca494b81d4dc4e8c9', '2018-02-03 01:48:46'),
	('bravo@bravo.com', 'cf414a57670872d4bd8c1b0f18d3509f5deb06a0c579f51ca494b81d4dc4e8c9', '2018-02-03 01:48:46'),
	('bravo@bravo.com', 'cf414a57670872d4bd8c1b0f18d3509f5deb06a0c579f51ca494b81d4dc4e8c9', '2018-02-03 01:48:46'),
	('bravo@bravo.com', 'cf414a57670872d4bd8c1b0f18d3509f5deb06a0c579f51ca494b81d4dc4e8c9', '2018-02-03 01:48:46'),
	('bravo@bravo.com', 'cf414a57670872d4bd8c1b0f18d3509f5deb06a0c579f51ca494b81d4dc4e8c9', '2018-02-03 01:48:46'),
	('bravo@bravo.com', 'cf414a57670872d4bd8c1b0f18d3509f5deb06a0c579f51ca494b81d4dc4e8c9', '2018-02-03 01:48:46'),
	('bravo@bravo.com', 'cf414a57670872d4bd8c1b0f18d3509f5deb06a0c579f51ca494b81d4dc4e8c9', '2018-02-03 01:48:46'),
	('bravo@bravo.com', 'cf414a57670872d4bd8c1b0f18d3509f5deb06a0c579f51ca494b81d4dc4e8c9', '2018-02-03 01:48:46'),
	('bravo@bravo.com', 'cf414a57670872d4bd8c1b0f18d3509f5deb06a0c579f51ca494b81d4dc4e8c9', '2018-02-03 01:48:46'),
	('bravo@bravo.com', 'cf414a57670872d4bd8c1b0f18d3509f5deb06a0c579f51ca494b81d4dc4e8c9', '2018-02-03 01:48:46'),
	('bravo@bravo.com', 'cf414a57670872d4bd8c1b0f18d3509f5deb06a0c579f51ca494b81d4dc4e8c9', '2018-02-03 01:48:46'),
	('bravo@bravo.com', 'cf414a57670872d4bd8c1b0f18d3509f5deb06a0c579f51ca494b81d4dc4e8c9', '2018-02-03 01:48:46'),
	('bravo@bravo.com', 'cf414a57670872d4bd8c1b0f18d3509f5deb06a0c579f51ca494b81d4dc4e8c9', '2018-02-03 01:48:46'),
	('bravo@bravo.com', 'cf414a57670872d4bd8c1b0f18d3509f5deb06a0c579f51ca494b81d4dc4e8c9', '2018-02-03 01:48:46'),
	('bravo@bravo.com', 'cf414a57670872d4bd8c1b0f18d3509f5deb06a0c579f51ca494b81d4dc4e8c9', '2018-02-03 01:48:46'),
	('bravo@bravo.com', 'cf414a57670872d4bd8c1b0f18d3509f5deb06a0c579f51ca494b81d4dc4e8c9', '2018-02-03 01:48:46'),
	('bravo@bravo.com', 'cf414a57670872d4bd8c1b0f18d3509f5deb06a0c579f51ca494b81d4dc4e8c9', '2018-02-03 01:48:46'),
	('bravo@bravo.com', 'cf414a57670872d4bd8c1b0f18d3509f5deb06a0c579f51ca494b81d4dc4e8c9', '2018-02-03 01:48:46'),
	('bravo@bravo.com', 'cf414a57670872d4bd8c1b0f18d3509f5deb06a0c579f51ca494b81d4dc4e8c9', '2018-02-03 01:48:46'),
	('bravo@bravo.com', 'cf414a57670872d4bd8c1b0f18d3509f5deb06a0c579f51ca494b81d4dc4e8c9', '2018-02-03 01:48:46'),
	('bravo@bravo.com', 'cf414a57670872d4bd8c1b0f18d3509f5deb06a0c579f51ca494b81d4dc4e8c9', '2018-02-03 01:48:46'),
	('bravo@bravo.com', 'cf414a57670872d4bd8c1b0f18d3509f5deb06a0c579f51ca494b81d4dc4e8c9', '2018-02-03 01:48:46'),
	('bravo@bravo.com', 'cf414a57670872d4bd8c1b0f18d3509f5deb06a0c579f51ca494b81d4dc4e8c9', '2018-02-03 01:48:46'),
	('bravo@bravo.com', 'cf414a57670872d4bd8c1b0f18d3509f5deb06a0c579f51ca494b81d4dc4e8c9', '2018-02-03 01:48:46'),
	('bravo@bravo.com', 'cf414a57670872d4bd8c1b0f18d3509f5deb06a0c579f51ca494b81d4dc4e8c9', '2018-02-03 01:48:46'),
	('bravo@bravo.com', 'cf414a57670872d4bd8c1b0f18d3509f5deb06a0c579f51ca494b81d4dc4e8c9', '2018-02-03 01:48:46'),
	('bravo@bravo.com', 'cf414a57670872d4bd8c1b0f18d3509f5deb06a0c579f51ca494b81d4dc4e8c9', '2018-02-03 01:48:46'),
	('bravo@bravo.com', 'cf414a57670872d4bd8c1b0f18d3509f5deb06a0c579f51ca494b81d4dc4e8c9', '2018-02-03 01:48:46'),
	('bravo@bravo.com', 'cf414a57670872d4bd8c1b0f18d3509f5deb06a0c579f51ca494b81d4dc4e8c9', '2018-02-03 01:48:46'),
	('bravo@bravo.com', 'cf414a57670872d4bd8c1b0f18d3509f5deb06a0c579f51ca494b81d4dc4e8c9', '2018-02-03 01:48:46'),
	('bravo@bravo.com', 'cf414a57670872d4bd8c1b0f18d3509f5deb06a0c579f51ca494b81d4dc4e8c9', '2018-02-03 01:48:46'),
	('bravo@bravo.com', 'cf414a57670872d4bd8c1b0f18d3509f5deb06a0c579f51ca494b81d4dc4e8c9', '2018-02-03 01:48:46'),
	('bravo@bravo.com', 'cf414a57670872d4bd8c1b0f18d3509f5deb06a0c579f51ca494b81d4dc4e8c9', '2018-02-03 01:48:46'),
	('bravo@bravo.com', 'cf414a57670872d4bd8c1b0f18d3509f5deb06a0c579f51ca494b81d4dc4e8c9', '2018-02-03 01:48:46'),
	('bravo@bravo.com', 'cf414a57670872d4bd8c1b0f18d3509f5deb06a0c579f51ca494b81d4dc4e8c9', '2018-02-03 01:48:46'),
	('bravo@bravo.com', 'cf414a57670872d4bd8c1b0f18d3509f5deb06a0c579f51ca494b81d4dc4e8c9', '2018-02-03 01:48:46'),
	('bravo@bravo.com', 'cf414a57670872d4bd8c1b0f18d3509f5deb06a0c579f51ca494b81d4dc4e8c9', '2018-02-03 01:48:46'),
	('bravo@bravo.com', 'cf414a57670872d4bd8c1b0f18d3509f5deb06a0c579f51ca494b81d4dc4e8c9', '2018-02-03 01:48:46'),
	('bravo@bravo.com', 'cf414a57670872d4bd8c1b0f18d3509f5deb06a0c579f51ca494b81d4dc4e8c9', '2018-02-03 01:48:46'),
	('bravo@bravo.com', 'cf414a57670872d4bd8c1b0f18d3509f5deb06a0c579f51ca494b81d4dc4e8c9', '2018-02-03 01:48:46'),
	('bravo@bravo.com', 'cf414a57670872d4bd8c1b0f18d3509f5deb06a0c579f51ca494b81d4dc4e8c9', '2018-02-03 01:48:46'),
	('bravo@bravo.com', 'cf414a57670872d4bd8c1b0f18d3509f5deb06a0c579f51ca494b81d4dc4e8c9', '2018-02-03 01:48:46'),
	('bravo@bravo.com', 'cf414a57670872d4bd8c1b0f18d3509f5deb06a0c579f51ca494b81d4dc4e8c9', '2018-02-03 01:48:46'),
	('bravo@bravo.com', 'cf414a57670872d4bd8c1b0f18d3509f5deb06a0c579f51ca494b81d4dc4e8c9', '2018-02-03 01:48:46'),
	('bravo@bravo.com', 'cf414a57670872d4bd8c1b0f18d3509f5deb06a0c579f51ca494b81d4dc4e8c9', '2018-02-03 01:48:46'),
	('bravo@bravo.com', 'cf414a57670872d4bd8c1b0f18d3509f5deb06a0c579f51ca494b81d4dc4e8c9', '2018-02-03 01:48:46'),
	('bravo@bravo.com', 'cf414a57670872d4bd8c1b0f18d3509f5deb06a0c579f51ca494b81d4dc4e8c9', '2018-02-03 01:48:46'),
	('bravo@bravo.com', 'cf414a57670872d4bd8c1b0f18d3509f5deb06a0c579f51ca494b81d4dc4e8c9', '2018-02-03 01:48:46'),
	('bravo@bravo.com', 'cf414a57670872d4bd8c1b0f18d3509f5deb06a0c579f51ca494b81d4dc4e8c9', '2018-02-03 01:48:46'),
	('bravo@bravo.com', 'cf414a57670872d4bd8c1b0f18d3509f5deb06a0c579f51ca494b81d4dc4e8c9', '2018-02-03 01:48:46'),
	('bravo@bravo.com', 'cf414a57670872d4bd8c1b0f18d3509f5deb06a0c579f51ca494b81d4dc4e8c9', '2018-02-03 01:48:46'),
	('bravo@bravo.com', 'cf414a57670872d4bd8c1b0f18d3509f5deb06a0c579f51ca494b81d4dc4e8c9', '2018-02-03 01:48:46'),
	('bravo@bravo.com', 'cf414a57670872d4bd8c1b0f18d3509f5deb06a0c579f51ca494b81d4dc4e8c9', '2018-02-03 01:48:46'),
	('bravo@bravo.com', 'cf414a57670872d4bd8c1b0f18d3509f5deb06a0c579f51ca494b81d4dc4e8c9', '2018-02-03 01:48:46'),
	('bravo@bravo.com', 'cf414a57670872d4bd8c1b0f18d3509f5deb06a0c579f51ca494b81d4dc4e8c9', '2018-02-03 01:48:46'),
	('bravo@bravo.com', 'cf414a57670872d4bd8c1b0f18d3509f5deb06a0c579f51ca494b81d4dc4e8c9', '2018-02-03 01:48:46'),
	('bravo@bravo.com', 'cf414a57670872d4bd8c1b0f18d3509f5deb06a0c579f51ca494b81d4dc4e8c9', '2018-02-03 01:48:46'),
	('bravo@bravo.com', 'cf414a57670872d4bd8c1b0f18d3509f5deb06a0c579f51ca494b81d4dc4e8c9', '2018-02-03 01:48:46'),
	('bravo@bravo.com', 'cf414a57670872d4bd8c1b0f18d3509f5deb06a0c579f51ca494b81d4dc4e8c9', '2018-02-03 01:48:46'),
	('bravo@bravo.com', 'cf414a57670872d4bd8c1b0f18d3509f5deb06a0c579f51ca494b81d4dc4e8c9', '2018-02-03 01:48:46'),
	('bravo@bravo.com', 'cf414a57670872d4bd8c1b0f18d3509f5deb06a0c579f51ca494b81d4dc4e8c9', '2018-02-03 01:48:46'),
	('bravo@bravo.com', 'cf414a57670872d4bd8c1b0f18d3509f5deb06a0c579f51ca494b81d4dc4e8c9', '2018-02-03 01:48:46'),
	('bravo@bravo.com', 'cf414a57670872d4bd8c1b0f18d3509f5deb06a0c579f51ca494b81d4dc4e8c9', '2018-02-03 01:48:46'),
	('bravo@bravo.com', 'cf414a57670872d4bd8c1b0f18d3509f5deb06a0c579f51ca494b81d4dc4e8c9', '2018-02-03 01:48:46'),
	('bravo@bravo.com', 'cf414a57670872d4bd8c1b0f18d3509f5deb06a0c579f51ca494b81d4dc4e8c9', '2018-02-03 01:48:46'),
	('bravo@bravo.com', 'cf414a57670872d4bd8c1b0f18d3509f5deb06a0c579f51ca494b81d4dc4e8c9', '2018-02-03 01:48:46'),
	('bravo@bravo.com', 'cf414a57670872d4bd8c1b0f18d3509f5deb06a0c579f51ca494b81d4dc4e8c9', '2018-02-03 01:48:46'),
	('bravo@bravo.com', 'cf414a57670872d4bd8c1b0f18d3509f5deb06a0c579f51ca494b81d4dc4e8c9', '2018-02-03 01:48:46'),
	('bravo@bravo.com', 'cf414a57670872d4bd8c1b0f18d3509f5deb06a0c579f51ca494b81d4dc4e8c9', '2018-02-03 01:48:46'),
	('bravo@bravo.com', 'cf414a57670872d4bd8c1b0f18d3509f5deb06a0c579f51ca494b81d4dc4e8c9', '2018-02-03 01:48:46'),
	('bravo@bravo.com', 'cf414a57670872d4bd8c1b0f18d3509f5deb06a0c579f51ca494b81d4dc4e8c9', '2018-02-03 01:48:46'),
	('bravo@bravo.com', 'cf414a57670872d4bd8c1b0f18d3509f5deb06a0c579f51ca494b81d4dc4e8c9', '2018-02-03 01:48:46'),
	('bravo@bravo.com', 'cf414a57670872d4bd8c1b0f18d3509f5deb06a0c579f51ca494b81d4dc4e8c9', '2018-02-03 01:48:46'),
	('bravo@bravo.com', 'cf414a57670872d4bd8c1b0f18d3509f5deb06a0c579f51ca494b81d4dc4e8c9', '2018-02-03 01:48:46'),
	('bravo@bravo.com', 'cf414a57670872d4bd8c1b0f18d3509f5deb06a0c579f51ca494b81d4dc4e8c9', '2018-02-03 01:48:46'),
	('bravo@bravo.com', 'cf414a57670872d4bd8c1b0f18d3509f5deb06a0c579f51ca494b81d4dc4e8c9', '2018-02-03 01:48:46'),
	('bravo@bravo.com', 'cf414a57670872d4bd8c1b0f18d3509f5deb06a0c579f51ca494b81d4dc4e8c9', '2018-02-03 01:48:46'),
	('bravo@bravo.com', 'cf414a57670872d4bd8c1b0f18d3509f5deb06a0c579f51ca494b81d4dc4e8c9', '2018-02-03 01:48:46'),
	('bravo@bravo.com', 'cf414a57670872d4bd8c1b0f18d3509f5deb06a0c579f51ca494b81d4dc4e8c9', '2018-02-03 01:48:46'),
	('bravo@bravo.com', 'cf414a57670872d4bd8c1b0f18d3509f5deb06a0c579f51ca494b81d4dc4e8c9', '2018-02-03 01:48:46'),
	('bravo@bravo.com', 'cf414a57670872d4bd8c1b0f18d3509f5deb06a0c579f51ca494b81d4dc4e8c9', '2018-02-03 01:48:46'),
	('bravo@bravo.com', 'cf414a57670872d4bd8c1b0f18d3509f5deb06a0c579f51ca494b81d4dc4e8c9', '2018-02-03 01:48:46'),
	('bravo@bravo.com', 'cf414a57670872d4bd8c1b0f18d3509f5deb06a0c579f51ca494b81d4dc4e8c9', '2018-02-03 01:48:46'),
	('bravo@bravo.com', 'cf414a57670872d4bd8c1b0f18d3509f5deb06a0c579f51ca494b81d4dc4e8c9', '2018-02-03 01:48:46'),
	('bravo@bravo.com', 'cf414a57670872d4bd8c1b0f18d3509f5deb06a0c579f51ca494b81d4dc4e8c9', '2018-02-03 01:48:46'),
	('bravo@bravo.com', 'cf414a57670872d4bd8c1b0f18d3509f5deb06a0c579f51ca494b81d4dc4e8c9', '2018-02-03 01:48:46'),
	('bravo@bravo.com', 'cf414a57670872d4bd8c1b0f18d3509f5deb06a0c579f51ca494b81d4dc4e8c9', '2018-02-03 01:48:46'),
	('bravo@bravo.com', 'cf414a57670872d4bd8c1b0f18d3509f5deb06a0c579f51ca494b81d4dc4e8c9', '2018-02-03 01:48:46'),
	('bravo@bravo.com', 'cf414a57670872d4bd8c1b0f18d3509f5deb06a0c579f51ca494b81d4dc4e8c9', '2018-02-03 01:48:46'),
	('bravo@bravo.com', 'cf414a57670872d4bd8c1b0f18d3509f5deb06a0c579f51ca494b81d4dc4e8c9', '2018-02-03 01:48:46'),
	('bravo@bravo.com', 'cf414a57670872d4bd8c1b0f18d3509f5deb06a0c579f51ca494b81d4dc4e8c9', '2018-02-03 01:48:46'),
	('bravo@bravo.com', 'cf414a57670872d4bd8c1b0f18d3509f5deb06a0c579f51ca494b81d4dc4e8c9', '2018-02-03 01:48:46'),
	('bravo@bravo.com', 'cf414a57670872d4bd8c1b0f18d3509f5deb06a0c579f51ca494b81d4dc4e8c9', '2018-02-03 01:48:46'),
	('bravo@bravo.com', 'cf414a57670872d4bd8c1b0f18d3509f5deb06a0c579f51ca494b81d4dc4e8c9', '2018-02-03 01:48:46'),
	('bravo@bravo.com', 'cf414a57670872d4bd8c1b0f18d3509f5deb06a0c579f51ca494b81d4dc4e8c9', '2018-02-03 01:48:46'),
	('bravo@bravo.com', 'cf414a57670872d4bd8c1b0f18d3509f5deb06a0c579f51ca494b81d4dc4e8c9', '2018-02-03 01:48:46'),
	('bravo@bravo.com', 'cf414a57670872d4bd8c1b0f18d3509f5deb06a0c579f51ca494b81d4dc4e8c9', '2018-02-03 01:48:46'),
	('bravo@bravo.com', 'cf414a57670872d4bd8c1b0f18d3509f5deb06a0c579f51ca494b81d4dc4e8c9', '2018-02-03 01:48:46'),
	('bravo@bravo.com', 'cf414a57670872d4bd8c1b0f18d3509f5deb06a0c579f51ca494b81d4dc4e8c9', '2018-02-03 01:48:46');
/*!40000 ALTER TABLE `password_resets` ENABLE KEYS */;


-- Dumping structure for table alamrayasite_nabila.spk_formula
CREATE TABLE IF NOT EXISTS `spk_formula` (
  `fr_spk` int(12) DEFAULT NULL,
  `fr_detailid` int(12) DEFAULT NULL,
  `fr_formula` int(12) DEFAULT NULL,
  `fr_value` decimal(10,2) DEFAULT NULL,
  `fr_scale` varchar(50) DEFAULT NULL,
  `fr_status` enum('Y','N') DEFAULT 'N',
  KEY `FK_spk_formula_d_spk` (`fr_spk`),
  KEY `fr_detailid` (`fr_detailid`),
  CONSTRAINT `FK_spk_formula_d_spk` FOREIGN KEY (`fr_spk`) REFERENCES `d_spk` (`spk_id`) ON DELETE CASCADE ON UPDATE CASCADE
) ENGINE=InnoDB DEFAULT CHARSET=latin1;

-- Dumping data for table alamrayasite_nabila.spk_formula: ~3 rows (approximately)
DELETE FROM `spk_formula`;
/*!40000 ALTER TABLE `spk_formula` DISABLE KEYS */;
INSERT INTO `spk_formula` (`fr_spk`, `fr_detailid`, `fr_formula`, `fr_value`, `fr_scale`, `fr_status`) VALUES
	(1, 1, 1412, 20.00, '4', 'N'),
	(2, 1, 1412, 2.00, '4', 'N'),
	(3, 1, 1412, 8.00, '4', 'N');
/*!40000 ALTER TABLE `spk_formula` ENABLE KEYS */;


-- Dumping structure for table alamrayasite_nabila.table 68
CREATE TABLE IF NOT EXISTS `table 68` (
  `COL 1` varchar(4) DEFAULT NULL,
  `COL 2` varchar(7) DEFAULT NULL,
  `COL 3` varchar(16) DEFAULT NULL,
  `COL 4` varchar(6) DEFAULT NULL,
  `COL 5` varchar(34) DEFAULT NULL,
  `COL 6` varchar(8) DEFAULT NULL,
  `COL 7` varchar(9) DEFAULT NULL,
  `COL 8` varchar(9) DEFAULT NULL,
  `COL 9` varchar(8) DEFAULT NULL,
  `COL 10` varchar(8) DEFAULT NULL,
  `COL 11` varchar(5) DEFAULT NULL,
  `COL 12` varchar(16) DEFAULT NULL,
  `COL 13` varchar(8) DEFAULT NULL
) ENGINE=InnoDB DEFAULT CHARSET=utf8;

-- Dumping data for table alamrayasite_nabila.table 68: ~557 rows (approximately)
DELETE FROM `table 68`;
/*!40000 ALTER TABLE `table 68` DISABLE KEYS */;
INSERT INTO `table 68` (`COL 1`, `COL 2`, `COL 3`, `COL 4`, `COL 5`, `COL 6`, `COL 7`, `COL 8`, `COL 9`, `COL 10`, `COL 11`, `COL 12`, `COL 13`) VALUES
	('i_id', 'i_code', 'i_group', 'i_type', 'i_name', 'i_satuan', 'i_hpp', 'i_price', 'i_status', 'i_active', 'i_det', 'i_insert', 'i_update'),
	('1', 'BRG0001', '\\N', 'BB', 'Roti burger ekonomi', '3', '2.038', '2500', 'Y', 'Y', '\\N', '05/06/2018 2:46', '\\N'),
	('2', 'BRG0002', '\\N', 'BB', 'Roti isi 5', '2', '10.500', '19000', 'Y', 'Y', '\\N', '05/06/2018 2:46', '\\N'),
	('3', 'BRG0003', '\\N', 'BB', 'Abon', '3', '7.260', '8000', 'Y', 'Y', '\\N', '05/06/2018 2:46', '\\N'),
	('4', 'BRG0004', '\\N', 'BB', 'Ayam', '1', '3.915', '7000', 'Y', 'Y', '\\N', '05/06/2018 2:46', '\\N'),
	('5', 'BRG0005', '\\N', 'BB', 'Ayam balado', '6', '4.025', '7000', 'Y', 'Y', '\\N', '05/06/2018 2:46', '\\N'),
	('6', 'BRG0006', '\\N', 'BB', 'Bulat coklat', '3', '3.615', '6000', 'Y', 'Y', '\\N', '05/06/2018 2:46', '\\N'),
	('7', 'BRG0007', '\\N', 'BB', 'Bulat coklat kcl', '7', '2.530', '3500', 'Y', 'Y', '\\N', '05/06/2018 2:46', '\\N'),
	('8', 'BRG0008', '\\N', 'BB', 'Burger sapi', '3', '6.035', '9000', 'Y', 'Y', '\\N', '05/06/2018 2:46', '\\N'),
	('9', 'BRG0009', '\\N', 'BB', 'Burger ayam keju', '3', '8.638', '15000', 'Y', 'Y', '\\N', '05/06/2018 2:46', '\\N'),
	('10', 'BRG0010', '\\N', 'BB', 'Burger sapi keju', '4', '7.069', '11000', 'Y', 'Y', '\\N', '05/06/2018 2:46', '\\N'),
	('11', 'BRG0011', '\\N', 'BB', 'Black Burger keju', '1', '7.924', '13000', 'Y', 'Y', 'rrtrt', '08/10/2018 15:44', '\\N'),
	('12', 'BRG0012', '\\N', '', 'Black Burger ayam keju', '', '9.392', '16000', '', '', '', '', ''),
	('13', 'BRG0013', '\\N', '', 'Bulat keju', '', '3.928', '7000', '', '', '', '', ''),
	('14', 'BRG0014', '\\N', '', 'Bulat keju kcl', '', '3.016', '4000', '', '', '', '', ''),
	('15', 'BRG0015', '\\N', '', 'Bulat coklat/keju kcl', '', '9.782', '14000', '', '', '', '', ''),
	('16', 'BRG0016', '\\N', '', 'chocomaltine', '', '4.641', '7500', '', '', '', '', ''),
	('17', 'BRG0017', '\\N', '', 'Coklat', '', '3.546', '6000', '', '', '', '', ''),
	('18', 'BRG0018', '\\N', '', 'coklat 20gr', '', '1.790', '2500', '', '', '', '', ''),
	('19', 'BRG0019', '\\N', '', 'coklat 25gr', '', '2.020', '3000', '', '', '', '', ''),
	('20', 'BRG0020', '\\N', '', 'coklat 30gr', '', '2.250', '3500', '', '', '', '', ''),
	('21', 'BRG0021', '\\N', '', 'coklat 40gr', '', '2.576', '4000', '', '', '', '', ''),
	('22', 'BRG0022', '\\N', '', 'coklat 50gr', '', '2.945', '5000', '', '', '', '', ''),
	('23', 'BRG0023', '\\N', '', 'Coklat filling', '', '4.348', '6000', '', '', '', '', ''),
	('24', 'BRG0024', '\\N', '', 'Coklat keju', '', '5.287', '7000', '', '', '', '', ''),
	('25', 'BRG0025', '\\N', '', 'Coklat keju kcl', '', '3.285', '4000', '', '', '', '', ''),
	('26', 'BRG0026', '\\N', '', 'Coklat keju 50 gr', '', '4.540', '6500', '', '', '', '', ''),
	('27', 'BRG0027', '\\N', '', 'CKS (coklat keju susu)', '', '4.493', '7500', '', '', '', '', ''),
	('28', 'BRG0028', '\\N', '', 'Durian', '', '3.753', '7000', '', '', '', '', ''),
	('29', 'BRG0029', '\\N', '', 'Kacang', '', '3.355', '6000', '', '', '', '', ''),
	('30', 'BRG0030', '\\N', '', 'Keju', '', '4.561', '7000', '', '', '', '', ''),
	('31', 'BRG0031', '\\N', '', 'Hotdog', '', '6.619', '9000', '', '', '', '', ''),
	('32', 'BRG0032', '\\N', '', 'Hokaido', '', '5.358', '10000', '', '', '', '', ''),
	('33', 'BRG0033', '\\N', '', 'Kismis', '', '3.277', '6000', '', '', '', '', ''),
	('34', 'BRG0034', '\\N', '', 'Krenten', '', '16.273', '19000', '', '', '', '', ''),
	('35', 'BRG0035', '\\N', '', 'krenten Kcl', '', '9.323', '13000', '', '', '', '', ''),
	('36', 'BRG0036', '\\N', '', 'Krumpul', '', '7.760', '10000', '', '', '', '', ''),
	('37', 'BRG0037', '\\N', '', 'Krumpul persegi', '', '5.420', '8000', '', '', '', '', ''),
	('38', 'BRG0038', '\\N', '', 'Kura2', '', '3.958', '7000', '', '', '', '', ''),
	('39', 'BRG0039', '\\N', '', 'Nanas', '', '4.102', '6000', '', '', '', '', ''),
	('40', 'BRG0040', '\\N', '', 'Nanas kecil', '', '2.677', '4000', '', '', '', '', ''),
	('41', 'BRG0041', '\\N', '', 'Pandan', '', '3.530', '6000', '', '', '', '', ''),
	('42', 'BRG0042', '\\N', '', 'Pisang Bsr', '', '4.585', '7000', '', '', '', '', ''),
	('43', 'BRG0043', '\\N', '', 'Pisang 40 gr', '', '4.006', '6000', '', '', '', '', ''),
	('44', 'BRG0044', '\\N', '', 'Pisang cream vanila', '', '5.609', '7000', '', '', '', '', ''),
	('45', 'BRG0045', '\\N', '', 'Pisang kcl', '', '2.655', '4000', '', '', '', '', ''),
	('46', 'BRG0046', '\\N', '', 'Pisang kcl3', '', '7.042', '10000', '', '', '', '', ''),
	('47', 'BRG0047', '\\N', '', 'Pisang coklat', '', '5.154', '7000', '', '', '', '', ''),
	('48', 'BRG0048', '\\N', '', 'Pisang coklat 50gr', '', '5.054', '6000', '', '', '', '', ''),
	('49', 'BRG0049', '\\N', '', 'Pisang coklat 40gr', '', '3.645', '5500', '', '', '', '', ''),
	('50', 'BRG0050', '\\N', '', 'Pisang coklat kcl', '', '3.407', '4500', '', '', '', '', ''),
	('51', 'BRG0051', '\\N', '', 'Pisang keju', '', '5.216', '7000', '', '', '', '', ''),
	('52', 'BRG0052', '\\N', '', 'Pisang keju kcl', '', '3.651', '4500', '', '', '', '', ''),
	('53', 'BRG0053', '\\N', '', 'Pisang pkk3', '', '8.143', '11000', '', '', '', '', ''),
	('54', 'BRG0054', '\\N', '', 'Pizza', '', '6.310', '9000', '', '', '', '', ''),
	('55', 'BRG0055', '\\N', '', 'Pizza kcl', '', '4.934', '6000', '', '', '', '', ''),
	('56', 'BRG0056', '\\N', '', 'Potato flakes', '', '4.745', '7000', '', '', '', '', ''),
	('57', 'BRG0057', '\\N', '', 'Sobek 5 Rasa', '', '12.618', '15000', '', '', '', '', ''),
	('58', 'BRG0058', '\\N', '', 'Softbund', '', '7.159', '10000', '', '', '', '', ''),
	('59', 'BRG0059', '\\N', '', 'Sobek coklat K', '', '8.638', '12000', '', '', '', '', ''),
	('60', 'BRG0060', '\\N', '', 'Sobek coklat B', '', '12.517', '14000', '', '', '', '', ''),
	('61', 'BRG0061', '\\N', '', 'Sobek coklat keju', '', '13.571', '16000', '', '', '', '', ''),
	('62', 'BRG0062', '\\N', '', 'Sapi', '', '5.338', '8000', '', '', '', '', ''),
	('63', 'BRG0063', '\\N', '', 'Sapi 40gr', '', '4.020', '7000', '', '', '', '', ''),
	('64', 'BRG0064', '\\N', '', 'Sapi 30gr', '', '3.399', '6000', '', '', '', '', ''),
	('65', 'BRG0065', '\\N', '', 'Sarikaya pandan', '', '4.176', '7000', '', '', '', '', ''),
	('66', 'BRG0066', '\\N', '', 'Sisir', '', '8.573', '11000', '', '', '', '', ''),
	('67', 'BRG0067', '\\N', '', 'Sisir putih', '', '10.720', '14000', '', '', '', '', ''),
	('68', 'BRG0068', '\\N', '', 'Sisir mini blue band', '', '5.799', '7000', '', '', '', '', ''),
	('69', 'BRG0069', '\\N', '', 'Sobek keju', '', '16.920', '20000', '', '', '', '', ''),
	('70', 'BRG0070', '\\N', '', 'Sobek kacang', '', '8.129', '12000', '', '', '', '', ''),
	('71', 'BRG0071', '\\N', '', 'Sobek kismis', '', '13.414', '14000', '', '', '', '', ''),
	('72', 'BRG0072', '\\N', '', 'Sobek nanas', '', '11.298', '13000', '', '', '', '', ''),
	('73', 'BRG0073', '\\N', '', 'Sobek pisang', '', '11.046', '14000', '', '', '', '', ''),
	('74', 'BRG0074', '\\N', '', 'Sobek susu', '', '10.338', '12000', '', '', '', '', ''),
	('75', 'BRG0075', '\\N', '', 'Sosis top abon', '', '5.220', '8000', '', '', '', '', ''),
	('76', 'BRG0076', '\\N', '', 'Strawberry', '', '3.396', '6000', '', '', '', '', ''),
	('77', 'BRG0077', '\\N', '', 'Susu', '', '4.131', '6000', '', '', '', '', ''),
	('78', 'BRG0078', '\\N', '', 'Toping cream', '', '3.188', '6000', '', '', '', '', ''),
	('79', 'BRG0079', '\\N', '', 'Toping mocca', '', '4.478', '7000', '', '', '', '', ''),
	('80', 'BRG0080', '\\N', '', 'Toping coklat', '', '4.631', '7000', '', '', '', '', ''),
	('81', 'BRG0081', '\\N', '', 'Toping vanila kacang', '', '3.247', '6000', '', '', '', '', ''),
	('82', 'BRG0082', '\\N', '', 'Rasberry', '', '4.795', '7000', '', '', '', '', ''),
	('83', 'BRG0083', '\\N', '', 'Unyil', '', '6.235', '8000', '', '', '', '', ''),
	('84', 'BRG0084', '\\N', '', 'Unyil biji', '', '1.120', '2000', '', '', '', '', ''),
	('85', 'BRG0085', '\\N', '', 'Roti semir 50 gr', '', '2.567', '4000', '', '', '', '', ''),
	('86', 'BRG0086', '\\N', '', 'Roti semir 60 gr', '', '3.071', '6000', '', '', '', '', ''),
	('87', 'BRG0087', '\\N', '', 'Roti semir', '', '1.893', '2300', '', '', '', '', ''),
	('88', 'BRG0088', '\\N', '', 'Smr mentega10', '', '16.733', '25000', '', '', '', '', ''),
	('89', 'BRG0089', '\\N', '', 'Smr meses 10', '', '17.185', '25000', '', '', '', '', ''),
	('90', 'BRG0090', '\\N', '', 'Smr coklat 10', '', '17.010', '25000', '', '', '', '', ''),
	('91', 'BRG0091', '\\N', '', 'Smr moka 10', '', '17.010', '25000', '', '', '', '', ''),
	('92', 'BRG0092', '\\N', '', 'Smr 4 Rasa 10', '', '17.010', '25000', '', '', '', '', ''),
	('93', 'BRG0093', '\\N', '', 'Smr straw10', '', '20.196', '27000', '', '', '', '', ''),
	('94', 'BRG0094', '\\N', '', 'Smr mentega5', '', '8.420', '12000', '', '', '', '', ''),
	('95', 'BRG0095', '\\N', '', 'Smr meses 5', '', '8.586', '12000', '', '', '', '', ''),
	('96', 'BRG0096', '\\N', '', 'Smr coklat 5', '', '8.586', '12000', '', '', '', '', ''),
	('97', 'BRG0097', '\\N', '', 'Smr moka 5', '', '8.586', '12000', '', '', '', '', ''),
	('98', 'BRG0098', '\\N', '', 'Smr 4 Rasa 5', '', '8.586', '12000', '', '', '', '', ''),
	('99', 'BRG0099', '\\N', '', 'Smr straw 5', '', '10.253', '15000', '', '', '', '', ''),
	('100', 'BRG0100', '\\N', '', 'Smr straw bijian', '', '2.051', '2700', '', '', '', '', ''),
	('101', 'BRG0101', '\\N', '', 'Smr ksg10', '', '13.181', '20000', '', '', '', '', ''),
	('102', 'BRG0102', '\\N', '', 'Smr ksg5', '', '6.906', '11000', '', '', '', '', ''),
	('103', 'BRG0103', '\\N', '', 'Smr ksg bj', '', '1.351', '2000', '', '', '', '', ''),
	('104', 'BRG0104', '\\N', '', 'Bread potato 75gr', '', '4.765', '7000', '', '', '', '', ''),
	('105', 'BRG0105', '\\N', '', 'softbund potato', '', '7.957', '11000', '', '', '', '', ''),
	('106', 'BRG0106', '\\N', '', 'softbund potato + dus', '', '10.179', '13000', '', '', '', '', ''),
	('107', 'BRG0107', '\\N', '', 'Tawar gandum', '', '9.998', '14000', '', '', '', '', ''),
	('108', 'BRG0108', '\\N', '', 'Tawar kasino', '', '9.008', '12000', '', '', '', '', ''),
	('109', 'BRG0109', '\\N', '', 'Tawar kasino kismis', '', '12.601', '14000', '', '', '', '', ''),
	('110', 'BRG0110', '\\N', '', 'Tawar tabung', '', '7.459', '11000', '', '', '', '', ''),
	('111', 'BRG0111', '\\N', '', 'Tawar sandwich', '', '8.765', '12000', '', '', '', '', ''),
	('112', 'BRG0112', '\\N', '', 'Tawar meses', '', '3.486', '5000', '', '', '', '', ''),
	('113', 'BRG0113', '\\N', '', 'Tawar straw', '', '2.947', '4000', '', '', '', '', ''),
	('114', 'BRG0114', '\\N', '', 'Tawar press straw', '', '2.931', '4000', '', '', '', '', ''),
	('115', 'BRG0115', '\\N', '', 'Tawar press meses', '', '3.486', '5000', '', '', '', '', ''),
	('116', 'BRG0116', '\\N', '', 'tawar kismis', '', '3.805', '5000', '', '', '', '', ''),
	('117', 'BRG0117', '\\N', '', 'burger tawar 70 gr', '', '1.494', '2500', '', '', '', '', ''),
	('118', 'BRG0118', '\\N', '', 'Kacang', '', '3.318', '6000', '', '', '', '', ''),
	('119', 'BRG0119', '\\N', '', 'Berry melon', '', '3.497', '6000', '', '', '', '', ''),
	('120', 'BRG0120', '\\N', '', 'Berry melon straw', '', '4.153', '7000', '', '', '', '', ''),
	('121', 'BRG0121', '\\N', '', 'Cream moca', '', '3.497', '6000', '', '', '', '', ''),
	('122', 'BRG0122', '\\N', '', 'Sosis keju', '', '6.468', '9000', '', '', '', '', ''),
	('123', 'BRG0123', '\\N', '', 'Toping kelapa', '', '3.436', '6000', '', '', '', '', ''),
	('124', 'BRG0124', '\\N', '', 'Toping kelapa atas', '', '3.890', '6000', '', '', '', '', ''),
	('125', 'BRG0125', '\\N', '', 'Toping almond', '', '8.542', '14000', '', '', '', '', ''),
	('126', 'BRG0126', '\\N', '', 'Coklat top pastry', '', '3.875', '7000', '', '', '', '', ''),
	('127', 'BRG0127', '\\N', '', 'Sapi top pastry', '', '5.433', '8000', '', '', '', '', ''),
	('128', 'BRG0128', '\\N', '', 'Smoked beef', '', '5.750', '9000', '', '', '', '', ''),
	('129', 'BRG0129', '\\N', '', 'Rica tuna', '', '5.403', '9000', '', '', '', '', ''),
	('130', 'BRG0130', '\\N', '', 'Kismis', '', '3.497', '6000', '', '', '', '', ''),
	('131', 'BRG0131', '\\N', '', 'Roll abon sapi', '', '6.475', '8000', '', '', '', '', ''),
	('132', 'BRG0132', '\\N', '', 'Roll abon 8s', '', '44.202', '64000', '', '', '', '', ''),
	('133', 'BRG0133', '\\N', '', 'Roll keju', '', '3.592', '7000', '', '', '', '', ''),
	('134', 'BRG0134', '\\N', '', 'Roll keju 8s', '', '27.004', '56000', '', '', '', '', ''),
	('135', 'BRG0135', '\\N', '', 'Roll abon tuna', '', '5.264', '7000', '', '', '', '', ''),
	('136', 'BRG0136', '\\N', '', 'Roll abon tuna 8s', '', '39.771', '56000', '', '', '', '', ''),
	('137', 'BRG0137', '\\N', '', 'Cheese stick', '', '7.638', '10000', '', '', '', '', ''),
	('138', 'BRG0138', '\\N', '', 'keju filling', '', '3.745', '7000', '', '', '', '', ''),
	('139', 'BRG0139', '\\N', '', 'blueberry', '', '3.352', '6000', '', '', '', '', ''),
	('140', 'BRG0140', '\\N', '', 'cremvil banana', '', '3.295', '6000', '', '', '', '', ''),
	('141', 'BRG0141', '\\N', '', 'Hokaido coklat', '', '8.563', '14000', '', '', '', '', ''),
	('142', 'BRG0142', '\\N', '', 'Domino bread', '', '14.068', '16000', '', '', '', '', ''),
	('143', 'BRG0143', '\\N', '', 'Bun pisang coklat', '', '17.082', '24000', '', '', '', '', ''),
	('144', 'BRG0144', '\\N', '', 'bun 6 rasa', '', '17.082', '24000', '', '', '', '', ''),
	('145', 'BRG0145', '\\N', '', 'Sobek pisang coklat', '', '12.081', '16000', '', '', '', '', ''),
	('146', 'BRG0146', '\\N', '', 'Bun pisang coklat', '', '4.683', '7000', '', '', '', '', ''),
	('147', 'BRG0147', '\\N', '', 'Sobek pisang coklat mika', '', '18.350', '24000', '', '', '', '', ''),
	('148', 'BRG0148', '\\N', '', 'Croissant coklat', '', '3.367', '5000', '', '', '', '', ''),
	('149', 'BRG0149', '\\N', '', 'Croissant pisang', '', '3.581', '5000', '', '', '', '', ''),
	('150', 'BRG0150', '\\N', '', 'Croissant keju', '', '3.540', '6000', '', '', '', '', ''),
	('151', 'BRG0151', '\\N', '', 'Croissant keju coklat ', '', '3.744', '6000', '', '', '', '', ''),
	('152', 'BRG0152', '\\N', '', 'Croissant keju panjang', '', '3.540', '6000', '', '', '', '', ''),
	('153', 'BRG0153', '\\N', '', 'Croissant crumble', '', '3.248', '5000', '', '', '', '', ''),
	('154', 'BRG0154', '\\N', '', 'Pastry sapi', '', '5.141', '7000', '', '', '', '', ''),
	('155', 'BRG0155', '\\N', '', 'Pear pastry', '', '2.878', '6000', '', '', '', '', ''),
	('156', 'BRG0156', '\\N', '', 'Apple pastry', '', '2.872', '6000', '', '', '', '', ''),
	('157', 'BRG0157', '\\N', '', 'Apple kismis pastry', '', '2.878', '6000', '', '', '', '', ''),
	('158', 'BRG0158', '\\N', '', 'Pastry isi kacang', '', '3.199', '5000', '', '', '', '', ''),
	('159', 'BRG0159', '\\N', '', 'Pastry isi coklat', '', '2.872', '5000', '', '', '', '', ''),
	('160', 'BRG0160', '\\N', '', 'Danish kismis pastry', '', '3.292', '5000', '', '', '', '', ''),
	('161', 'BRG0161', '\\N', '', 'Pastry isi nanas', '', '3.260', '5000', '', '', '', '', ''),
	('162', 'BRG0162', '\\N', '', 'pastry pisang coklat', '', '3.317', '5000', '', '', '', '', ''),
	('163', 'BRG0163', '\\N', '', 'almond dannis', '', '4.113', '6000', '', '', '', '', ''),
	('164', 'BRG0164', '\\N', '', 'pastry abon', '', '4.025', '7000', '', '', '', '', ''),
	('165', 'BRG0165', '\\N', '', 'Pie bulan sabit', '', '5.186', '8000', '', '', '', '', ''),
	('166', 'BRG0166', '\\N', '', 'Pie nanas', '', '3.295', '4000', '', '', '', '', ''),
	('167', 'BRG0167', '\\N', '', 'Pie nanas box 6s', '', '16.570', '24000', '', '', '', '', ''),
	('168', 'BRG0168', '\\N', '', 'Pie pisang coklat', '', '2.590', '4000', '', '', '', '', ''),
	('169', 'BRG0169', '\\N', '', 'Pie pisang coklat box 6s', '', '17.341', '24000', '', '', '', '', ''),
	('170', 'BRG0170', '\\N', '', 'Cum cum', '', '2.796', '4000', '', '', '', '', ''),
	('171', 'BRG0171', '\\N', '', 'pie brownies', '', '2.239', '4000', '', '', '', '', ''),
	('172', 'BRG0172', '\\N', '', 'pie brownies box 6s', '', '16.232', '24000', '', '', '', '', ''),
	('173', 'BRG0173', '\\N', '', 'pie brownies chefmate', '', '2.762', '4000', '', '', '', '', ''),
	('174', 'BRG0174', '\\N', '', 'Napoleon', '', '31.259', '50000', '', '', '', '', ''),
	('175', 'BRG0175', '\\N', '', 'Bolen bijian', '', '2.306', '3000', '', '', '', '', ''),
	('176', 'BRG0176', '\\N', '', 'Bolen bijian mika', '', '2.306', '3200', '', '', '', '', ''),
	('177', 'BRG0177', '\\N', '', 'Bolen pack 6', '', '13.334', '17000', '', '', '', '', ''),
	('178', 'BRG0178', '\\N', '', 'Bolen pack 10', '', '21.248', '28000', '', '', '', '', ''),
	('179', 'BRG0179', '\\N', '', 'Bolen bj pisnas', '', '3.000', '4000', '', '', '', '', ''),
	('180', 'BRG0180', '\\N', '', 'Bolen pack 6 pisnas', '', '16.000', '24000', '', '', '', '', ''),
	('181', 'BRG0181', '\\N', '', 'Bolen bj tape keju', '', '2.500', '3500', '', '', '', '', ''),
	('182', 'BRG0182', '\\N', '', 'Bolen pack 6 tape keju', '', '15.000', '21000', '', '', '', '', ''),
	('183', 'BRG0183', '\\N', '', 'Bolen bj durian', '', '3.300', '4500', '', '', '', '', ''),
	('184', 'BRG0184', '\\N', '', 'Bolen pack 6 durian', '', '19.000', '27000', '', '', '', '', ''),
	('185', 'BRG0185', '\\N', '', 'Donat', '', '2.250', '3500', '', '', '', '', ''),
	('186', 'BRG0186', '\\N', '', 'Donat gula', '', '2.523', '4000', '', '', '', '', ''),
	('187', 'BRG0187', '\\N', '', 'Donat meses', '', '2.750', '4000', '', '', '', '', ''),
	('188', 'BRG0188', '\\N', '', 'Donat mika ms', '', '7.807', '9000', '', '', '', '', ''),
	('189', 'BRG0189', '\\N', '', 'Donat mika srm', '', '7.617', '9000', '', '', '', '', ''),
	('190', 'BRG0190', '\\N', '', 'Donat mini ms/srm', '', '1.117', '1500', '', '', '', '', ''),
	('191', 'BRG0191', '\\N', '', 'Donat mini keju', '', '1.328', '2000', '', '', '', '', ''),
	('192', 'BRG0192', '\\N', '', 'Donat', '', '11.305', '13000', '', '', '', '', ''),
	('193', 'BRG0193', '\\N', '', 'Donat siram', '', '2.802', '4000', '', '', '', '', ''),
	('194', 'BRG0194', '\\N', '', 'Donat keju', '', '3.097', '5000', '', '', '', '', ''),
	('195', 'BRG0195', '\\N', '', 'Donat meses kj', '', '2.962', '5000', '', '', '', '', ''),
	('196', 'BRG0196', '\\N', '', 'Donat kacang', '', '2.802', '4000', '', '', '', '', ''),
	('197', 'BRG0197', '\\N', '', 'Donat sate (meses)', '', '3.052', '5000', '', '', '', '', ''),
	('198', 'BRG0198', '\\N', '', 'Donat ragut (roti goreng)', '', '2.064', '3000', '', '', '', '', ''),
	('199', 'BRG0199', '\\N', '', 'Donat isi abon', '', '1.989', '3000', '', '', '', '', ''),
	('200', 'BRG0200', '\\N', '', 'Donat toping', '', '4.376', '6.000', '', '', '', '', ''),
	('201', 'BRG0201', '\\N', '', 'Donat mn box 10', '', '13.284', '18.000', '', '', '', '', ''),
	('202', 'BRG0202', '\\N', '', 'Donat baby box 10', '', '10.686', '20.000', '', '', '', '', ''),
	('203', 'BRG0203', '\\N', '', 'Donat karakter', '', '4.500', '7.000', '', '', '', '', ''),
	('204', 'BRG0204', '\\N', '', 'Zebra cake utuh', '', '27.540', '35000', '', '', '', '', ''),
	('205', 'BRG0205', '\\N', '', 'Zebra cake pb', '', '29.040', '37000', '', '', '', '', ''),
	('206', 'BRG0206', '\\N', '', 'Zebra cake pt 24', '', '1.318', '1600', '', '', '', '', ''),
	('207', 'BRG0207', '\\N', '', 'Zebra cake pt 30', '', '1.155', '1300', '', '', '', '', ''),
	('208', 'BRG0208', '\\N', '', 'Bolu cake kcl', '', '14.748', '25000', '', '', '', '', ''),
	('209', 'BRG0209', '\\N', '', 'Bolu cake utuh', '', '35.380', '41000', '', '', '', '', ''),
	('210', 'BRG0210', '\\N', '', 'Bolu cake pt 24', '', '1.672', '1800', '', '', '', '', ''),
	('211', 'BRG0211', '\\N', '', 'Bolu cake pb', '', '37.565', '43000', '', '', '', '', ''),
	('212', 'BRG0212', '\\N', '', 'Bolu cake pt 30', '', '1.439', '1500', '', '', '', '', ''),
	('213', 'BRG0213', '\\N', '', 'Bolu cake rasa', '', '38.498', '45000', '', '', '', '', ''),
	('214', 'BRG0214', '\\N', '', 'Sp bs 30x40 2 lps p/b tebal', '', '119.293', '170000', '', '', '', '', ''),
	('215', 'BRG0215', '\\N', '', 'Sp bs 30x40 2 lps p/b tebal pt', '', '1.900', '2500', '', '', '', '', ''),
	('216', 'BRG0216', '\\N', '', 'Chiffon cake B', '', '24.929', '33000', '', '', '', '', ''),
	('217', 'BRG0217', '\\N', '', 'Chiffon cake B p/b', '', '26.394', '35000', '', '', '', '', ''),
	('218', 'BRG0218', '\\N', '', 'Chiffon cake pt', '', '1.359', '1800', '', '', '', '', ''),
	('219', 'BRG0219', '\\N', '', 'Chiffon k', '', '3.335', '5000', '', '', '', '', ''),
	('220', 'BRG0220', '\\N', '', 'Mandarin cake u', '', '126.479', '170000', '', '', '', '', ''),
	('221', 'BRG0221', '\\N', '', 'Mandarin cake u p/b', '', '130.479', '175000', '', '', '', '', ''),
	('222', 'BRG0222', '\\N', '', 'Mandarin cake pt', '', '2.107', '3000', '', '', '', '', ''),
	('223', 'BRG0223', '\\N', '', 'Mandarin panjang', '', '24.293', '35.000', '', '', '', '', ''),
	('224', 'BRG0224', '\\N', '', 'Mandarin 16cm bulat', '', '23.690', '27.000', '', '', '', '', ''),
	('225', 'BRG0225', '\\N', '', 'Mandarin 16cm persegi', '', '32.960', '37.000', '', '', '', '', ''),
	('226', 'BRG0226', '\\N', '', 'Lapis Surabaya 30x40 utuh', '', '186.093', '280000', '', '', '', '', ''),
	('227', 'BRG0227', '\\N', '', 'Lapis Surabaya 30x41 pb', '', '189.818', '300000', '', '', '', '', ''),
	('228', 'BRG0228', '\\N', '', 'Lapis Surabaya 30x42 pt 65', '', '3.157', '5000', '', '', '', '', ''),
	('229', 'BRG0229', '\\N', '', 'Lapis Sby 24 premium', '', '108.549', '160000', '', '', '', '', ''),
	('230', 'BRG0230', '\\N', '', 'Lapis Sby 24 premium blok', '', '39.696', '55000', '', '', '', '', ''),
	('231', 'BRG0231', '\\N', '', 'Lapis Sby 24 premium pt k (30)', '', '3.500', '6000', '', '', '', '', ''),
	('232', 'BRG0232', '\\N', '', 'Lapis Sby 24 premium pt B (18)', '', '7.000', '10000', '', '', '', '', ''),
	('233', 'BRG0233', '\\N', '', 'Lapis Neopolitan', '', '38.635', '55000', '', '', '', '', ''),
	('234', 'BRG0234', '\\N', '', 'Lapis reog', '', '30.799', '50000', '', '', '', '', ''),
	('235', 'BRG0235', '\\N', '', 'Lapis legit roll', '', '17.220', '23000', '', '', '', '', ''),
	('236', 'BRG0236', '\\N', '', 'Lapis legit roll pt 6', '', '2.299', '3000', '', '', '', '', ''),
	('237', 'BRG0237', '\\N', '', 'Lapis legit ori', '', '39.300', '55000', '', '', '', '', ''),
	('238', 'BRG0238', '\\N', '', 'Lapis legit ori pt 8', '', '6.701', '8000', '', '', '', '', ''),
	('239', 'BRG0239', '\\N', '', 'Lapis legit pandan', '', '39.917', '57000', '', '', '', '', ''),
	('240', 'BRG0240', '\\N', '', 'Lapis legit pandan pt 8', '', '7.000', '8500', '', '', '', '', ''),
	('241', 'BRG0241', '\\N', '', 'Lapis legit kismis', '', '39.917', '57000', '', '', '', '', ''),
	('242', 'BRG0242', '\\N', '', 'Lapis legit kismis pt 8', '', '7.000', '8500', '', '', '', '', ''),
	('243', 'BRG0243', '\\N', '', 'Lapis legit pandan kismis', '', '40.000', '58000', '', '', '', '', ''),
	('244', 'BRG0244', '\\N', '', 'Lapis legit pandan kismis pt 8', '', '7.500', '9000', '', '', '', '', ''),
	('245', 'BRG0245', '\\N', '', 'Pelangi', '', '1.480', '2000', '', '', '', '', ''),
	('246', 'BRG0246', '\\N', '', 'Pelangi blk', '', '18.522', '29000', '', '', '', '', ''),
	('247', 'BRG0247', '\\N', '', 'Pelangi utuh', '', '95.846', '140000', '', '', '', '', ''),
	('248', 'BRG0248', '\\N', '', 'idem p/b', '', '98.646', '145000', '', '', '', '', ''),
	('249', 'BRG0249', '\\N', '', 'Roll Tiger k', '', '9.476', '13000', '', '', '', '', ''),
	('250', 'BRG0250', '\\N', '', 'Roll Tiger b', '', '11.482', '15000', '', '', '', '', ''),
	('251', 'BRG0251', '\\N', '', 'Roll Tiger k', '', '10.036', '13000', '', '', '', '', ''),
	('252', 'BRG0252', '\\N', '', 'Roll Tiger b', '', '12.182', '15000', '', '', '', '', ''),
	('253', 'BRG0253', '\\N', '', 'Roll bs', '', '15.527', '20000', '', '', '', '', ''),
	('254', 'BRG0254', '\\N', '', 'Roll sp premium', '', '27.386', '35000', '', '', '', '', ''),
	('255', 'BRG0255', '\\N', '', 'Roll sp 2 lapis prem', '', '28.748', '38000', '', '', '', '', ''),
	('256', 'BRG0256', '\\N', '', 'Roll batik prem', '', '33.013', '45000', '', '', '', '', ''),
	('257', 'BRG0257', '\\N', '', 'Roll mini pandan', '', '16.384', '22000', '', '', '', '', ''),
	('258', 'BRG0258', '\\N', '', '12pt', '', '1.600', '2000', '', '', '', '', ''),
	('259', 'BRG0259', '\\N', '', 'Roll mini cheese', '', '19.363', '24000', '', '', '', '', ''),
	('260', 'BRG0260', '\\N', '', '12pt', '', '1.800', '2200', '', '', '', '', ''),
	('261', 'BRG0261', '\\N', '', 'Pandan rol B', '', '31.759', '42000', '', '', '', '', ''),
	('262', 'BRG0262', '\\N', '', '14pt', '', '2.800', '3500', '', '', '', '', ''),
	('263', 'BRG0263', '\\N', '', 'Cheese roll B', '', '37.817', '46000', '', '', '', '', ''),
	('264', 'BRG0264', '\\N', '', 'Cheese B 14pt', '', '3.800', '4000', '', '', '', '', ''),
	('265', 'BRG0265', '\\N', '', 'Rainbow cake', '', '8.662', '12000', '', '', '', '', ''),
	('266', 'BRG0266', '\\N', '', 'Rainbow roll', '', '35.232', '45000', '', '', '', '', ''),
	('267', 'BRG0267', '\\N', '', 'Rainbow roll', '', '2.581', '4000', '', '', '', '', ''),
	('268', 'BRG0268', '\\N', '', 'Red velvet', '', '3.997', '5500', '', '', '', '', ''),
	('269', 'BRG0269', '\\N', '', 'Roll mini co/kc 4x7', '', '1.465', '2000', '', '', '', '', ''),
	('270', 'BRG0270', '\\N', '', 'Roll mini co/kc 4x6', '', '1.600', '2200', '', '', '', '', ''),
	('271', 'BRG0271', '\\N', '', 'Roll mini co/kc 4x5', '', '1.840', '2500', '', '', '', '', ''),
	('272', 'BRG0272', '\\N', '', 'Brownies oven almond B', '', '23.651', '34000', '', '', '', '', ''),
	('273', 'BRG0273', '\\N', '', 'Brownies oven almond pt 16', '', '1.928', '2500', '', '', '', '', ''),
	('274', 'BRG0274', '\\N', '', 'Brownies oven almond pt 12', '', '2.298', '3000', '', '', '', '', ''),
	('275', 'BRG0275', '\\N', '', 'Brownies B', '', '22.000', '32000', '', '', '', '', ''),
	('276', 'BRG0276', '\\N', '', 'Brownies K', '', '12.000', '17000', '', '', '', '', ''),
	('277', 'BRG0277', '\\N', '', 'Brownies B pt 16', '', '1.900', '2500', '', '', '', '', ''),
	('278', 'BRG0278', '\\N', '', 'Brownies B pt 12', '', '2.200', '3000', '', '', '', '', ''),
	('279', 'BRG0279', '\\N', '', 'Brownies 30 cm', '', '75.000', '95000', '', '', '', '', ''),
	('280', 'BRG0280', '\\N', '', 'Brownies mnt 10cm', '', '6.648', '9000', '', '', '', '', ''),
	('281', 'BRG0281', '\\N', '', 'Brownies kukus B', '', '26.327', '35000', '', '', '', '', ''),
	('282', 'BRG0282', '\\N', '', 'Brownies kukus K', '', '15.113', '20000', '', '', '', '', ''),
	('283', 'BRG0283', '\\N', '', 'Brownies kukus pt 16', '', '2.000', '3000', '', '', '', '', ''),
	('284', 'BRG0284', '\\N', '', 'Brownies kukus pt 12', '', '2.500', '3500', '', '', '', '', ''),
	('285', 'BRG0285', '\\N', '', 'Brownies kukus 30 cm', '', '85.743', '100000', '', '', '', '', ''),
	('286', 'BRG0286', '\\N', '', 'brownies chefmate pdn, van, taro', '', '9.651', '15000', '', '', '', '', ''),
	('287', 'BRG0287', '\\N', '', 'brownies chefmate pb 6', '', '1.704', '3000', '', '', '', '', ''),
	('288', 'BRG0288', '\\N', '', 'brownies chefmate str, greentea', '', '9.951', '16000', '', '', '', '', ''),
	('289', 'BRG0289', '\\N', '', 'brownies chefmate pb 6', '', '1.904', '3000', '', '', '', '', ''),
	('290', 'BRG0290', '\\N', '', 'chocolate banana B', '', '17.476', '28000', '', '', '', '', ''),
	('291', 'BRG0291', '\\N', '', 'chocolate banana K', '', '9.394', '15000', '', '', '', '', ''),
	('292', 'BRG0292', '\\N', '', 'cake tape ketan hitam B', '', '19.047', '28000', '', '', '', '', ''),
	('293', 'BRG0293', '\\N', '', 'cake tape ketan hitam K', '', '10.659', '15000', '', '', '', '', ''),
	('294', 'BRG0294', '\\N', '', 'Proll tape ori', '', '23.339', '35000', '', '', '', '', ''),
	('295', 'BRG0295', '\\N', '', 'Proll tape keju kismis', '', '26.441', '40000', '', '', '', '', ''),
	('296', 'BRG0296', '\\N', '', 'coklat layer cake', '', '108.556', '150000', '', '', '', '', ''),
	('297', 'BRG0297', '\\N', '', 'coklat layer cake pt', '', '6.795', '10000', '', '', '', '', ''),
	('298', 'BRG0298', '\\N', '', 'coklat layer mika', '', '9.800', '14000', '', '', '', '', ''),
	('299', 'BRG0299', '\\N', '', 'Sus ragut', '', '2.141', '2500', '', '', '', '', ''),
	('300', 'BRG0300', '\\N', '', 'Sus vla', '', '1.460', '2500', '', '', '', '', ''),
	('301', 'BRG0301', '\\N', '', 'Sus roll 6', '', '2.601', '3000', '', '', '', '', ''),
	('302', 'BRG0302', '\\N', '', 'Sus roll jadi 8', '', '2.097', '2500', '', '', '', '', ''),
	('303', 'BRG0303', '\\N', '', 'Soes maker', '', '1.259', '2500', '', '', '', '', ''),
	('304', 'BRG0304', '\\N', '', 'Kroket', '', '1.697', '2500', '', '', '', '', ''),
	('305', 'BRG0305', '\\N', '', 'Tawar ragut', '', '1.176', '2500', '', '', '', '', ''),
	('306', 'BRG0306', '\\N', '', 'Kabin ragut', '', '1.339', '2500', '', '', '', '', ''),
	('307', 'BRG0307', '\\N', '', 'Pie buah', '', '1.777', '3000', '', '', '', '', ''),
	('308', 'BRG0308', '\\N', '', 'Pie keju', '', '1.392', '2500', '', '', '', '', ''),
	('309', 'BRG0309', '\\N', '', 'Pie susu', '', '1.854', '3500', '', '', '', '', ''),
	('310', 'BRG0310', '\\N', '', 'Pie susu 10', '', '19.344', '30000', '', '', '', '', ''),
	('311', 'BRG0311', '\\N', '', 'Pie coklat', '', '2.400', '3000', '', '', '', '', ''),
	('312', 'BRG0312', '\\N', '', 'Roti kukus', '', '1.200', '1500', '', '', '', '', ''),
	('313', 'BRG0313', '\\N', '', 'Marmer cake pb', '', '28.778', '37000', '', '', '', '', ''),
	('314', 'BRG0314', '\\N', '', 'Marmer cake utuh', '', '26.758', '35000', '', '', '', '', ''),
	('315', 'BRG0315', '\\N', '', 'Marmer cake pt 24', '', '1.236', '1600', '', '', '', '', ''),
	('316', 'BRG0316', '\\N', '', 'Marmer cake pt 30', '', '1.058', '1300', '', '', '', '', ''),
	('317', 'BRG0317', '\\N', '', 'Roti waru', '', '1.688', '2500', '', '', '', '', ''),
	('318', 'BRG0318', '\\N', '', 'Roti waru pack 4', '', '5.391', '9000', '', '', '', '', ''),
	('319', 'BRG0319', '\\N', '', 'Roti waru dus 8', '', '14.515', '20000', '', '', '', '', ''),
	('320', 'BRG0320', '\\N', '', 'Cake meses pb', '', '30.388', '42000', '', '', '', '', ''),
	('321', 'BRG0321', '\\N', '', 'Cake meses u', '', '28.368', '40000', '', '', '', '', ''),
	('322', 'BRG0322', '\\N', '', 'Cake meses pt (24)', '', '1.261', '1800', '', '', '', '', ''),
	('323', 'BRG0323', '\\N', '', 'Cake meses pt (30)', '', '1.059', '1500', '', '', '', '', ''),
	('324', 'BRG0324', '\\N', '', 'Pelangi marmer utuh', '', '98.549', '165000', '', '', '', '', ''),
	('325', 'BRG0325', '\\N', '', 'Pelangi marmer utuh pb', '', '106.049', '170000', '', '', '', '', ''),
	('326', 'BRG0326', '\\N', '', 'Pelangi marmer pt', '', '1.292', '2500', '', '', '', '', ''),
	('327', 'BRG0327', '\\N', '', 'Pelangi marmer blk', '', '19.230', '35000', '', '', '', '', ''),
	('328', 'BRG0328', '\\N', '', 'Pelangi marmer box 24s', '', '45.000', '60000', '', '', '', '', ''),
	('329', 'BRG0329', '\\N', '', 'Pelangi marmer 2 lps', '', '78.426', '115000', '', '', '', '', ''),
	('330', 'BRG0330', '\\N', '', 'Pelangi marmer 2 lps pb', '', '85.000', '120000', '', '', '', '', ''),
	('331', 'BRG0331', '\\N', '', 'Puding cake mini 25', '', '1.500', '2500', '', '', '', '', ''),
	('332', 'BRG0332', '\\N', '', 'Puding cake pt 24', '', '1.600', '2500', '', '', '', '', ''),
	('333', 'BRG0333', '\\N', '', 'Puding cake u', '', '26.000', '55000', '', '', '', '', ''),
	('334', 'BRG0334', '\\N', '', 'puding lapis sby', '', '2.323', '3500', '', '', '', '', ''),
	('335', 'BRG0335', '\\N', '', 'puding lapis sby ov B', '', '39.000', '70000', '', '', '', '', ''),
	('336', 'BRG0336', '\\N', '', 'puding lapis sby ov K', '', '25.000', '40000', '', '', '', '', ''),
	('337', 'BRG0337', '\\N', '', 'puding lapis sby 20cm', '', '110.000', '165000', '', '', '', '', ''),
	('338', 'BRG0338', '\\N', '', 'BF mini', '', '1.256', '2500', '', '', '', '', ''),
	('339', 'BRG0339', '\\N', '', 'Minicake bc', '', '1.450', '2500', '', '', '', '', ''),
	('340', 'BRG0340', '\\N', '', 'Minicake srm', '', '1.450', '2500', '', '', '', '', ''),
	('341', 'BRG0341', '\\N', '', 'Minicake keju', '', '1.637', '3000', '', '', '', '', ''),
	('342', 'BRG0342', '\\N', '', 'Minicake bunga', '', '1.284', '2500', '', '', '', '', ''),
	('343', 'BRG0343', '\\N', '', 'Minicake cr', '', '1.619', '2500', '', '', '', '', ''),
	('344', 'BRG0344', '\\N', '', 'Minicake bdr', '', '1.150', '2500', '', '', '', '', ''),
	('345', 'BRG0345', '\\N', '', 'Minitart A kcl', '', '4.213', '7000', '', '', '', '', ''),
	('346', 'BRG0346', '\\N', '', 'Minitart B kcl', '', '4.062', '7500', '', '', '', '', ''),
	('347', 'BRG0347', '\\N', '', 'Minitart A bsr', '', '4.975', '8000', '', '', '', '', ''),
	('348', 'BRG0348', '\\N', '', 'Minitart B bsr', '', '5.446', '8500', '', '', '', '', ''),
	('349', 'BRG0349', '\\N', '', 'Minitart B hias keju', '', '6.073', '10000', '', '', '', '', ''),
	('350', 'BRG0350', '\\N', '', 'Minitart B Black Forest', '', '4.232', '8500', '', '', '', '', ''),
	('351', 'BRG0351', '\\N', '', 'Minitart O (roll sp)', '', '5.018', '8500', '', '', '', '', ''),
	('352', 'BRG0352', '\\N', '', 'Minitart sg panjng', '', '11.000', '17000', '', '', '', '', ''),
	('353', 'BRG0353', '\\N', '', 'Minitart sg panjng keju', '', '13.000', '20000', '', '', '', '', ''),
	('354', 'BRG0354', '\\N', '', 'Minitart sg panjng BF', '', '13.000', '20000', '', '', '', '', ''),
	('355', 'BRG0355', '\\N', '', 'Minitart sg panjng BF keju', '', '15.000', '22000', '', '', '', '', ''),
	('356', 'BRG0356', '\\N', '', 'Muffin OB 80gr', '', '3.807', '6000', '', '', '', '', ''),
	('357', 'BRG0357', '\\N', '', 'Muffin OK 50gr', '', '2.528', '4000', '', '', '', '', ''),
	('358', 'BRG0358', '\\N', '', 'Muffin kecil 40gr', '', '2.064', '3500', '', '', '', '', ''),
	('359', 'BRG0359', '\\N', '', 'Muffin kecil 30gr', '', '1.820', '3000', '', '', '', '', ''),
	('360', 'BRG0360', '\\N', '', 'Muffin keju OB', '', '3.601', '6500', '', '', '', '', ''),
	('361', 'BRG0361', '\\N', '', 'Muffin keju OK', '', '2.445', '4500', '', '', '', '', ''),
	('362', 'BRG0362', '\\N', '', 'Muffin pj 150', '', '6.338', '10000', '', '', '', '', ''),
	('363', 'BRG0363', '\\N', '', 'Muffin pj 100', '', '4.547', '8000', '', '', '', '', ''),
	('364', 'BRG0364', '\\N', '', 'Muffin cklt OB', '', '3.804', '6000', '', '', '', '', ''),
	('365', 'BRG0365', '\\N', '', 'Muffin cklt OK 50gr', '', '2.569', '4000', '', '', '', '', ''),
	('366', 'BRG0366', '\\N', '', 'Muffin cklt pj 150', '', '6.838', '10000', '', '', '', '', ''),
	('367', 'BRG0367', '\\N', '', 'Muffin cklt pj 100', '', '5.144', '8000', '', '', '', '', ''),
	('368', 'BRG0368', '\\N', '', 'cake banana isi 2', '', '3.769', '6000', '', '', '', '', ''),
	('369', 'BRG0369', '\\N', '', 'cake banana art isi 2', '', '7.932', '12000', '', '', '', '', ''),
	('370', 'BRG0370', '\\N', '', 'Banana cake', '', '16.997', '28000', '', '', '', '', ''),
	('371', 'BRG0371', '\\N', '', 'Karamel cake', '', '38.078', '56000', '', '', '', '', ''),
	('372', 'BRG0372', '\\N', '', 'Karamel cake', '', '39.378', '58000', '', '', '', '', ''),
	('373', 'BRG0373', '\\N', '', 'Karamel cake', '', '1.755', '2500', '', '', '', '', ''),
	('374', 'BRG0374', '\\N', '', 'emoticon cookies', '', '3.314', '6000', '', '', '', '', ''),
	('375', 'BRG0375', '\\N', '', 'Fruit cake B', '', '25.965', '36000', '', '', '', '', ''),
	('376', 'BRG0376', '\\N', '', 'Fruit cake K', '', '12.965', '20000', '', '', '', '', ''),
	('377', 'BRG0377', '\\N', '', 'nastar jambu', '', '1.941', '4000', '', '', '', '', ''),
	('378', 'BRG0378', '\\N', '', 'nastar jambu box 10s', '', '19.399', '38000', '', '', '', '', ''),
	('379', 'BRG0379', '\\N', '', 'almond danish', '', '3.175', '6000', '', '', '', '', ''),
	('380', 'BRG0380', '\\N', '', 'cup cake k bc', '', '2.883', '4000', '', '', '', '', ''),
	('381', 'BRG0381', '\\N', '', 'cup cake k fd', '', '3.477', '6000', '', '', '', '', ''),
	('382', 'BRG0382', '\\N', '', 'cup cake k fd 6s', '', '20.709', '35000', '', '', '', '', ''),
	('383', 'BRG0383', '\\N', '', 'cup cake b fd', '', '5.770', '12000', '', '', '', '', ''),
	('384', 'BRG0384', '\\N', '', 'cup cake b fd 1s', '', '6.970', '14000', '', '', '', '', ''),
	('385', 'BRG0385', '\\N', '', 'cup cake b fd 2s', '', '13.290', '25000', '', '', '', '', ''),
	('386', 'BRG0386', '\\N', '', 'cup cake b fd 4s', '', '25.330', '45000', '', '', '', '', ''),
	('387', 'BRG0387', '\\N', '', 'cup cake b fd 6s', '', '37.370', '70000', '', '', '', '', ''),
	('388', 'BRG0388', '\\N', '', 'cup cake b fd 9s', '', '55.930', '100000', '', '', '', '', ''),
	('389', 'BRG0389', '\\N', '', 'cup cake b bc', '', '6.041', '10000', '', '', '', '', ''),
	('390', 'BRG0390', '\\N', '', 'CHOCOLATE MOIST CAKE', '', '3.114', '5000', '', '', '', '', ''),
	('391', 'BRG0391', '\\N', '', 'zuppa soup', '', '7.484', '12000', '', '', '', '', ''),
	('392', 'BRG0392', '\\N', '', 'Pukis', '', '1.176', '2000', '', '', '', '', ''),
	('393', 'BRG0393', '\\N', '', 'Pukis mini', '', '1.500', '2500', '', '', '', '', ''),
	('394', 'BRG0394', '\\N', '', 'Bika ambon', '', '1.539', '2500', '', '', '', '', ''),
	('395', 'BRG0395', '\\N', '', 'Bika ambon 3', '', '4.768', '7000', '', '', '', '', ''),
	('396', 'BRG0396', '\\N', '', 'Abon 125gr', '', '38.695', '47000', '', '', '', '', ''),
	('397', 'BRG0397', '\\N', '', 'Abon 250gr', '', '73.198', '85000', '', '', '', '', ''),
	('398', 'BRG0398', '\\N', '', 'Abon tuna 150gr', '', '21.984', '35000', '', '', '', '', ''),
	('399', 'BRG0399', '\\N', '', 'Abon tuna 250gr', '', '33.697', '55000', '', '', '', '', ''),
	('400', 'BRG0400', '\\N', '', 'Abon ayam 125gr', '', '21.649', '35000', '', '', '', '', ''),
	('401', 'BRG0401', '\\N', '', 'Abon ayam 250gr', '', '39.106', '60000', '', '', '', '', ''),
	('402', 'BRG0402', '\\N', '', 'puding gelas', '', '5.000', '8000', '', '', '', '', ''),
	('403', 'BRG0403', '\\N', '', 'Puding sedot', '', '8.000', '12000', '', '', '', '', ''),
	('404', 'BRG0404', '\\N', '', 'Praline stick', '', '2.683', '4000', '', '', '', '', ''),
	('405', 'BRG0405', '\\N', '', 'angry bird', '', '7.868', '14000', '', '', '', '', ''),
	('406', 'BRG0406', '\\N', '', 'coklat kurma dark', '', '43.814', '60000', '', '', '', '', ''),
	('407', 'BRG0407', '\\N', '', 'almond lover top blt mini', '', '18.811', '30000', '', '', '', '', ''),
	('408', 'BRG0408', '\\N', '', 'bull\'s eyes top blt mini', '', '18.811', '30000', '', '', '', '', ''),
	('409', 'BRG0409', '\\N', '', 'almond cheese crispy', '', '34.901', '45000', '', '', '', '', ''),
	('410', 'BRG0410', '\\N', '', 'bull\'s eyes top Ov kcl', '', '29.739', '45000', '', '', '', '', ''),
	('411', 'BRG0411', '\\N', '', 'Sosis sapi', '', '2.138', '2500', '', '', '', '', ''),
	('412', 'BRG0412', '\\N', '', 'Sosis sapi 3000', '', '2.480', '3000', '', '', '', '', ''),
	('413', 'BRG0413', '\\N', '', 'Sosis sapi 3500', '', '2.937', '3500', '', '', '', '', ''),
	('414', 'BRG0414', '\\N', '', 'Sosis ayam', '', '1.950', '2500', '', '', '', '', ''),
	('415', 'BRG0415', '\\N', '', 'Martabak', '', '1.992', '2500', '', '', '', '', ''),
	('416', 'BRG0416', '\\N', '', 'Cantik manis', '', '1.100', '2000', '', '', '', '', ''),
	('417', 'BRG0417', '\\N', '', 'onde2', '', '2.400', '2500', '', '', '', '', ''),
	('418', 'BRG0418', '\\N', '', 'puding panggang', '', '8.500', '12000', '', '', '', '', ''),
	('419', 'BRG0419', '\\N', '', 'cheese cake', '', '40.296', '55000', '', '', '', '', ''),
	('420', 'BRG0420', '\\N', '', 'lumpur', '', '2.385', '3000', '', '', '', '', ''),
	('421', 'BRG0421', '\\N', '', 'kroket potato', '', '1.934', '2500', '', '', '', '', ''),
	('422', 'BRG0422', '\\N', '', 'donat knorr potato', '', '2.080', '4000', '', '', '', '', ''),
	('423', 'BRG0423', '\\N', '', 'japanes almond', '', '2.937', '5000', '', '', '', '', ''),
	('424', 'BRG0424', '\\N', '', 'Kunyit asem madu', '', '6.662', '10000', '', '', '', '', ''),
	('425', 'BRG0425', '\\N', '', 'grissini', '', '6.763', '10000', '', '', '', '', ''),
	('426', 'BRG0426', '\\N', '', 'Soes kering blueband 150', '', '10.704', '18000', '', '', '', '', ''),
	('427', 'BRG0427', '\\N', '', 'Soes kering blueband 250', '', '16.864', '28000', '', '', '', '', ''),
	('428', 'BRG0428', '\\N', '', 'Soes kering 10 gr', '', '1.028', '2000', '', '', '', '', ''),
	('429', 'BRG0429', '\\N', '', 'Soes kering 17 gr', '', '1.442', '2500', '', '', '', '', ''),
	('430', 'BRG0430', '\\N', '', 'bagelen', '', '12.076', '20000', '', '', '', '', ''),
	('431', 'BRG0431', '\\N', '', 'Bolu jadul', '', '11.735', '20000', '', '', '', '', ''),
	('432', 'BRG0432', '\\N', '', 'Tart puding susu / coklat / panir', '', '60.000', '100000', '', '', '', '', ''),
	('433', 'BRG0433', '\\N', '', 'Sele blueberry pot', '', '10.608', '15000', '', '', '', '', ''),
	('434', 'BRG0434', '\\N', '', 'Sele raspberry pot', '', '9.872', '15000', '', '', '', '', ''),
	('435', 'BRG0435', '\\N', '', 'meses warna po', '', '6.600', '9000', '', '', '', '', ''),
	('436', 'BRG0436', '\\N', '', 'Meses coklat pot', '', '7.400', '10000', '', '', '', '', ''),
	('437', 'BRG0437', 'KERINGAN TITIPAN', '', 'Pancake Amrista 2 bj ', '', '11.000', ' 13.000 ', '', '', '', '', ''),
	('438', 'BRG0438', 'KERINGAN TITIPAN', '', 'Pancake Amrista 4 bj', '', '22.000', ' 24.000 ', '', '', '', '', ''),
	('439', 'BRG0439', 'KERINGAN TITIPAN', '', 'Kacang Klici', '', '800', ' 1.000 ', '', '', '', '', ''),
	('440', 'BRG0440', 'KERINGAN TITIPAN', '', 'Cornetto mini black & white', '', '4.000', ' 5.000 ', '', '', '', '', ''),
	('441', 'BRG0441', 'KERINGAN TITIPAN', '', 'Cornetto oreo', '', '7.600', ' 9.500 ', '', '', '', '', ''),
	('442', 'BRG0442', 'KERINGAN TITIPAN', '', 'Poppulare Coklat ', '', '3.600', ' 4.500 ', '', '', '', '', ''),
	('443', 'BRG0443', 'KERINGAN TITIPAN', '', 'Poppulare Strawberry', '', '3.600', ' 4.500 ', '', '', '', '', ''),
	('444', 'BRG0444', 'KERINGAN TITIPAN', '', 'Paddle Pop Trico ', '', '1.600', ' 2.000 ', '', '', '', '', ''),
	('445', 'BRG0445', 'KERINGAN TITIPAN', '', 'Paddle Pop Rainbow Power', '', '2.400', ' 3.500 ', '', '', '', '', ''),
	('446', 'BRG0446', 'KERINGAN TITIPAN', '', 'Paddle Pop Twister', '', '3.200', ' 4.500 ', '', '', '', '', ''),
	('447', 'BRG0447', 'KERINGAN TITIPAN', '', 'Pocari Sweet 350 ml', '', '4.700', ' 6.000 ', '', '', '', '', ''),
	('448', 'BRG0448', 'KERINGAN TITIPAN', '', 'Pocari Sweet 500 ml', '', '5.550', ' 7.000 ', '', '', '', '', ''),
	('449', 'BRG0449', 'KERINGAN TITIPAN', '', 'Keju kraft quick melt', '', '22.400', ' 25.000 ', '', '', '', '', ''),
	('450', 'BRG0450', 'KERINGAN TITIPAN', '', 'Keju kraft mini 35 gr', '', '5.100', ' 6.000 ', '', '', '', '', ''),
	('451', 'BRG0451', 'KERINGAN TITIPAN', '', 'Keju kraft cheddar 75 gr', '', '7.800', ' 10.500 ', '', '', '', '', ''),
	('452', 'BRG0452', 'KERINGAN TITIPAN', '', 'Keju kraft Singgles isi 5', '', '9.000', ' 12.000 ', '', '', '', '', ''),
	('453', 'BRG0453', 'KERINGAN TITIPAN', '', 'Keju kraft cheddar 165 gr', '', '18.000', ' 25.000 ', '', '', '', '', ''),
	('454', 'BRG0454', 'KERINGAN TITIPAN', '', 'Qeju Blok 165 gr', '', '14.000', ' 17.000 ', '', '', '', '', ''),
	('455', 'BRG0455', 'KERINGAN TITIPAN', '', 'Keju kraft singgles 12\'s 200 gr', '', '16.300', ' 25.000 ', '', '', '', '', ''),
	('456', 'BRG0456', 'KERINGAN TITIPAN', '', 'Bolu Jahe Bulat Dannish', '', '14.500', ' 16.000 ', '', '', '', '', ''),
	('457', 'BRG0457', 'KERINGAN TITIPAN', '', 'Bolu Jahe Mika Dannish', '', '8.500', ' 10.000 ', '', '', '', '', ''),
	('458', 'BRG0458', 'KERINGAN TITIPAN', '', 'Onde - onde ceplus Dannish', '', '15.000', ' 17.000 ', '', '', '', '', ''),
	('459', 'BRG0459', 'KERINGAN TITIPAN', '', 'Bolu Jahe Bulat Hartini', '', '12.500', ' 16.000 ', '', '', '', '', ''),
	('460', 'BRG0460', 'KERINGAN TITIPAN', '', 'Bolu Jahe Mika Hartini', '', '8.000', ' 10.000 ', '', '', '', '', ''),
	('461', 'BRG0461', 'KERINGAN TITIPAN', '', 'Gapit lempit besar hartini', '', '8.000', ' 12.000 ', '', '', '', '', ''),
	('462', 'BRG0462', 'KERINGAN TITIPAN', '', 'Gapit lempit pita hartini', '', '8.000', ' 12.000 ', '', '', '', '', ''),
	('463', 'BRG0463', 'KERINGAN TITIPAN', '', 'Cipiran kecil Hartini', '', '10.000', ' 13.000 ', '', '', '', '', ''),
	('464', 'BRG0464', 'KERINGAN TITIPAN', '', 'Matahari besar Hartini', '', '12.000', ' 15.000 ', '', '', '', '', ''),
	('465', 'BRG0465', 'KERINGAN TITIPAN', '', 'Kripik pisang bulat Hartini', '', '8.000', ' 12.000 ', '', '', '', '', ''),
	('466', 'BRG0466', 'KERINGAN TITIPAN', '', 'Gapit Semprong', '', '10.000', ' 12.000 ', '', '', '', '', ''),
	('467', 'BRG0467', 'KERINGAN TITIPAN', '', 'Madu Murni nusantara 650 ml', '', '91.200', ' 110.000 ', '', '', '', '', ''),
	('468', 'BRG0468', 'KERINGAN TITIPAN', '', 'Madu Murni Tanggung 250 ml', '', '48.000', ' 55.000 ', '', '', '', '', ''),
	('469', 'BRG0469', 'KERINGAN TITIPAN', '', 'Madu Klengkeng tanggung 250 ml', '', '58.000', ' 66.000 ', '', '', '', '', ''),
	('470', 'BRG0470', 'KERINGAN TITIPAN', '', 'Madu Super tanggung 250 ml', '', '58.000', ' 68.000 ', '', '', '', '', ''),
	('471', 'BRG0471', 'KERINGAN TITIPAN', '', 'Yakult ', '', '7.250', ' 8.500 ', '', '', '', '', ''),
	('472', 'BRG0472', 'KERINGAN TITIPAN', '', 'Manisan Asem', '', '3.000', ' 3.500 ', '', '', '', '', ''),
	('473', 'BRG0473', 'KERINGAN TITIPAN', '', 'Pia bulan kacang ijo Sidoarjo ', '', '10.000', ' 13.000 ', '', '', '', '', ''),
	('474', 'BRG0474', 'KERINGAN TITIPAN', '', 'Bakpia ungu', '', '18.000', ' 20.000 ', '', '', '', '', ''),
	('475', 'BRG0475', 'KERINGAN TITIPAN', '', 'Kripik Tempe Murni', '', '10.500', ' 13.000 ', '', '', '', '', ''),
	('476', 'BRG0476', 'KERINGAN TITIPAN', '', 'Telur Asin', '', '3.000', ' 3.500 ', '', '', '', '', ''),
	('477', 'BRG0477', 'KERINGAN TITIPAN', '', 'Kripik singkong masbro', '', '8.000', ' 11.000 ', '', '', '', '', ''),
	('478', 'BRG0478', 'KERINGAN TITIPAN', '', 'Brangkal telo besar', '', '9.500', ' 10.000 ', '', '', '', '', ''),
	('479', 'BRG0479', 'KERINGAN TITIPAN', '', 'Krupuk pangsit massita', '', '8.000', ' 10.000 ', '', '', '', '', ''),
	('480', 'BRG0480', 'KERINGAN TITIPAN', '', 'Minyak Zaitun 60 ml', '', '17.000', ' 19.000 ', '', '', '', '', ''),
	('481', 'BRG0481', 'KERINGAN TITIPAN', '', 'Minyak Zaitun ekstra virgin 60 ml', '', '22.000', ' 24.000 ', '', '', '', '', ''),
	('482', 'BRG0482', 'KERINGAN TITIPAN', '', 'Minyak Zaitun 350 ml', '', '44.000', ' 46.000 ', '', '', '', '', ''),
	('483', 'BRG0483', 'KERINGAN TITIPAN', '', 'Minyak Zaitun ekstra virgin 350 ml', '', '60.000', ' 62.000 ', '', '', '', '', ''),
	('484', 'BRG0484', 'KERINGAN TITIPAN', '', 'Sari Kurma', '', '26.000', ' 28.000 ', '', '', '', '', ''),
	('485', 'BRG0485', 'KERINGAN TITIPAN', '', 'Al - Ashifa', '', '35.000', ' 38.000 ', '', '', '', '', ''),
	('486', 'BRG0486', 'KERINGAN TITIPAN', '', 'Madu pahit insulin 470 gr', '', '60.000', ' 70.000 ', '', '', '', '', ''),
	('487', 'BRG0487', 'KERINGAN TITIPAN', '', 'Ades tanggung', '', '1.800', ' 2.500 ', '', '', '', '', ''),
	('488', 'BRG0488', 'KERINGAN TITIPAN', '', 'Minute Pulpy orange', '', '4.100', ' 6.500 ', '', '', '', '', ''),
	('489', 'BRG0489', 'KERINGAN TITIPAN', '', 'Teh pucuk 350 ml', '', '2.300', ' 3.000 ', '', '', '', '', ''),
	('490', 'BRG0490', 'KERINGAN TITIPAN', '', 'Teh pucuk 500 ml', '', '4.500', ' 5.500 ', '', '', '', '', ''),
	('491', 'BRG0491', 'KERINGAN TITIPAN', '', 'Guava ', '', '4.200', ' 5.000 ', '', '', '', '', ''),
	('492', 'BRG0492', 'KERINGAN TITIPAN', '', 'Ultra mimi all fariant', '', '2.300', ' 3.500 ', '', '', '', '', ''),
	('493', 'BRG0493', 'KERINGAN TITIPAN', '', 'Ultra All fariant', '', '3.650', ' 5.000 ', '', '', '', '', ''),
	('494', 'BRG0494', 'KERINGAN TITIPAN', '', 'Ultra 1 Liter ', '', '15.250', ' 16.500 ', '', '', '', '', ''),
	('495', 'BRG0495', 'KERINGAN TITIPAN', '', 'Ultra low fat 1 liter', '', '16.100', ' 17.500 ', '', '', '', '', ''),
	('496', 'BRG0496', 'KERINGAN TITIPAN', '', 'Teh Kotak 350 ml', '', '2.600', ' 3.500 ', '', '', '', '', ''),
	('497', 'BRG0497', 'KERINGAN TITIPAN', '', 'Teh Kotak 500 ml', '', '5.000', ' 6.000 ', '', '', '', '', ''),
	('498', 'BRG0498', 'KERINGAN TITIPAN', '', 'Sari asem', '', '3.900', ' 5.000 ', '', '', '', '', ''),
	('499', 'BRG0499', 'KERINGAN TITIPAN', '', 'Mete', '', '16.000', ' 19.000 ', '', '', '', '', ''),
	('500', 'BRG0500', 'KERINGAN TITIPAN', '', 'Mete Rayuda 60 gr', '', '13.000', ' 14.000 ', '', '', '', '', ''),
	('501', 'BRG0501', 'KERINGAN TITIPAN', '', 'Teri Besar', '', '36.000', ' 40.000 ', '', '', '', '', ''),
	('502', 'BRG0502', 'KERINGAN TITIPAN', '', 'Teri kecil', '', '18.000', ' 20.000 ', '', '', '', '', ''),
	('503', 'BRG0503', 'KERINGAN TITIPAN', '', 'Arumanis Cup 40 gr', '', '3.500', ' 4.000 ', '', '', '', '', ''),
	('504', 'BRG0504', 'KERINGAN TITIPAN', '', 'Arumanis Cup 130 gr', '', '9.000', ' 10.000 ', '', '', '', '', ''),
	('505', 'BRG0505', 'KERINGAN TITIPAN', '', 'Arumanis Kipas 125 gr', '', '12.000', ' 14.000 ', '', '', '', '', ''),
	('506', 'BRG0506', 'KERINGAN TITIPAN', '', 'Vit 600 ml', '', '1.250', ' 2.500 ', '', '', '', '', ''),
	('507', 'BRG0507', 'KERINGAN TITIPAN', '', 'You C 1000', '', '4.900', ' 6.500 ', '', '', '', '', ''),
	('508', 'BRG0508', 'KERINGAN TITIPAN', '', 'Floridina ', '', '2.500', ' 3.500 ', '', '', '', '', ''),
	('509', 'BRG0509', 'KERINGAN TITIPAN', '', 'Latansa Gelas', '', '400', ' 500 ', '', '', '', '', ''),
	('510', 'BRG0510', 'KERINGAN TITIPAN', '', 'Latansa Gelas Karton', '', '17.500', ' 19.000 ', '', '', '', '', ''),
	('511', 'BRG0511', 'KERINGAN TITIPAN', '', 'Aqua gelas  ', '', '600', ' 1.000 ', '', '', '', '', ''),
	('512', 'BRG0512', 'KERINGAN TITIPAN', '', 'Aqua gelas karton', '', '26.500', ' 30.000 ', '', '', '', '', ''),
	('513', 'BRG0513', 'KERINGAN TITIPAN', '', 'Bear brand', '', '7.700', ' 8.500 ', '', '', '', '', ''),
	('514', 'BRG0514', 'KERINGAN TITIPAN', '', 'Milo 115 ml', '', '2.200', ' 3.000 ', '', '', '', '', ''),
	('515', 'BRG0515', 'KERINGAN TITIPAN', '', 'Milo 190 ml', '', '3.750', ' 4.500 ', '', '', '', '', ''),
	('516', 'BRG0516', 'KERINGAN TITIPAN', '', 'Sari kacang hijau 150 ml', '', '2.200', ' 3.500 ', '', '', '', '', ''),
	('517', 'BRG0517', 'KERINGAN TITIPAN', '', 'Sari kacang hijau 250 ml', '', '3.200', ' 5.000 ', '', '', '', '', ''),
	('518', 'BRG0518', 'KERINGAN TITIPAN', '', 'Lilin Magic ', '', '4.250', ' 8.000 ', '', '', '', '', ''),
	('519', 'BRG0519', 'KERINGAN TITIPAN', '', 'Madu Randu Saraswangi 350 ml', '', '43.000', ' 48.000 ', '', '', '', '', ''),
	('520', 'BRG0520', 'KERINGAN TITIPAN', '', 'Madu Randu 400 ml', '', '48.000', ' 53.000 ', '', '', '', '', ''),
	('521', 'BRG0521', 'KERINGAN TITIPAN', '', 'Madu Randu 120 ml', '', '20.000', ' 25.000 ', '', '', '', '', ''),
	('522', 'BRG0522', 'KERINGAN TITIPAN', '', 'Madu Rambutan 350 ml', '', '44.000', ' 49.000 ', '', '', '', '', ''),
	('523', 'BRG0523', 'KERINGAN TITIPAN', '', 'Madu Rambutan 120 ml', '', '22.000', ' 27.000 ', '', '', '', '', ''),
	('524', 'BRG0524', 'KERINGAN TITIPAN', '', 'Madu Klengkeng 120 ml', '', '22.000', ' 27.000 ', '', '', '', '', ''),
	('525', 'BRG0525', 'KERINGAN TITIPAN', '', 'Madu Klengkeng Saraswangi 350 ml', '', '50.000', ' 55.000 ', '', '', '', '', ''),
	('526', 'BRG0526', 'KERINGAN TITIPAN', '', 'Teh Manggis ', '', '25.000', ' 27.000 ', '', '', '', '', ''),
	('527', 'BRG0527', 'KERINGAN TITIPAN', '', 'Teh Sirsak', '', '25.000', ' 27.000 ', '', '', '', '', ''),
	('528', 'BRG0528', 'KERINGAN TITIPAN', '', 'Sari Kurma Qu 330 Gram', '', '26.000', ' 28.000 ', '', '', '', '', ''),
	('529', 'BRG0529', 'KERINGAN TITIPAN', '', 'Jaddie Platinum', '', '30.000', ' 32.000 ', '', '', '', '', ''),
	('530', 'BRG0530', 'KERINGAN TITIPAN', '', 'Susu kambing Gomars', '', '25.000', ' 27.000 ', '', '', '', '', ''),
	('531', 'BRG0531', 'KERINGAN TITIPAN', '', 'Madu Syamil', '', '27.000', ' 29.000 ', '', '', '', '', ''),
	('532', 'BRG0532', 'KUE ULANG TAHUN', '', 'Tart 18 bulat', '', ' 110.400 ', ' 153.000 ', '', '', '', '', ''),
	('533', 'BRG0533', 'KUE ULANG TAHUN', '', 'Tart 20 bulat', '', ' 134.400 ', ' 183.000 ', '', '', '', '', ''),
	('534', 'BRG0534', 'KUE ULANG TAHUN', '', 'Tart 24 Bulat ', '', ' 163.200 ', ' 219.000 ', '', '', '', '', ''),
	('535', 'BRG0535', 'KUE ULANG TAHUN', '', 'Tart 26 Bulat ', '', ' 177.600 ', ' 237.000 ', '', '', '', '', ''),
	('536', 'BRG0536', 'KUE ULANG TAHUN', '', 'Tart 30 Bulat ', '', ' 249.600 ', ' 312.000 ', '', '', '', '', ''),
	('537', 'BRG0537', 'KUE ULANG TAHUN', '', 'Tart 20 Kotak ', '', ' 144.000 ', ' 195.000 ', '', '', '', '', ''),
	('538', 'BRG0538', 'KUE ULANG TAHUN', '', 'Tart 24 Kotak', '', ' 177.600 ', ' 237.000 ', '', '', '', '', ''),
	('539', 'BRG0539', 'KUE ULANG TAHUN', '', 'Tart 26 Kotak', '', ' 254.400 ', ' 333.000 ', '', '', '', '', ''),
	('540', 'BRG0540', 'KUE ULANG TAHUN', '', 'Tart 30 Kotak', '', ' 312.000 ', ' 390.000 ', '', '', '', '', ''),
	('541', 'BRG0541', 'KUE ULANG TAHUN', '', 'Tart 30*40 Kotak', '', ' 374.400 ', ' 468.000 ', '', '', '', '', ''),
	('542', 'BRG0542', 'KUE ULANG TAHUN', '', 'Tart 24 Susun bulat', '', ' 240.000 ', ' 315.000 ', '', '', '', '', ''),
	('543', 'BRG0543', 'KUE ULANG TAHUN', '', 'Tart 26 Susun bulat', '', ' 288.000 ', ' 375.000 ', '', '', '', '', ''),
	('544', 'BRG0544', 'KUE ULANG TAHUN', '', 'Tart 30 Susun bulat', '', ' 336.000 ', ' 435.000 ', '', '', '', '', ''),
	('545', 'BRG0545', 'KUE ULANG TAHUN', '', 'BF 18 bulat', '', ' 124.800 ', ' 171.000 ', '', '', '', '', ''),
	('546', 'BRG0546', 'KUE ULANG TAHUN', '', 'BF 20 bulat', '', ' 153.600 ', ' 207.000 ', '', '', '', '', ''),
	('547', 'BRG0547', 'KUE ULANG TAHUN', '', 'BF 24 bulat', '', ' 240.000 ', ' 315.000 ', '', '', '', '', ''),
	('548', 'BRG0548', 'KUE ULANG TAHUN', '', 'BF 26 bulat', '', ' 288.000 ', ' 375.000 ', '', '', '', '', ''),
	('549', 'BRG0549', 'KUE ULANG TAHUN', '', 'BF 30 bulat', '', ' 369.600 ', ' 477.000 ', '', '', '', '', ''),
	('550', 'BRG0550', 'KUE ULANG TAHUN', '', 'BF 20 kotak ', '', ' 177.600 ', ' 237.000 ', '', '', '', '', ''),
	('551', 'BRG0551', 'KUE ULANG TAHUN', '', 'BF 24 kotak', '', ' 254.400 ', ' 333.000 ', '', '', '', '', ''),
	('552', 'BRG0552', 'KUE ULANG TAHUN', '', 'BF 26 kotak', '', ' 336.000 ', ' 435.000 ', '', '', '', '', ''),
	('553', 'BRG0553', 'KUE ULANG TAHUN', '', 'BF 30 kotak', '', ' 340.000 ', ' 425.000 ', '', '', '', '', ''),
	('554', 'BRG0554', 'KUE ULANG TAHUN', '', 'Tart 30 kotak susun', '', ' 408.000 ', ' 525.000 ', '', '', '', '', ''),
	('555', 'BRG0555', 'KUE ULANG TAHUN', '', 'Tart 30*40 Kotak 2 Lps', '', ' 465.600 ', ' 597.000 ', '', '', '', '', ''),
	('556', 'BRG0556', 'KUE ULANG TAHUN', '', 'Tart 30*40 Kotak 3 Lps', '', ' 513.600 ', ' 657.000 ', '', '', '', '', '');
/*!40000 ALTER TABLE `table 68` ENABLE KEYS */;


-- Dumping structure for table alamrayasite_nabila.table 69
CREATE TABLE IF NOT EXISTS `table 69` (
  `COL 1` varchar(4) DEFAULT NULL,
  `COL 2` varchar(7) DEFAULT NULL,
  `COL 3` varchar(16) DEFAULT NULL,
  `COL 4` varchar(6) DEFAULT NULL,
  `COL 5` varchar(34) DEFAULT NULL,
  `COL 6` varchar(8) DEFAULT NULL,
  `COL 7` varchar(9) DEFAULT NULL,
  `COL 8` varchar(9) DEFAULT NULL,
  `COL 9` varchar(8) DEFAULT NULL,
  `COL 10` varchar(8) DEFAULT NULL,
  `COL 11` varchar(5) DEFAULT NULL,
  `COL 12` varchar(16) DEFAULT NULL,
  `COL 13` varchar(8) DEFAULT NULL
) ENGINE=InnoDB DEFAULT CHARSET=utf8;

-- Dumping data for table alamrayasite_nabila.table 69: ~557 rows (approximately)
DELETE FROM `table 69`;
/*!40000 ALTER TABLE `table 69` DISABLE KEYS */;
INSERT INTO `table 69` (`COL 1`, `COL 2`, `COL 3`, `COL 4`, `COL 5`, `COL 6`, `COL 7`, `COL 8`, `COL 9`, `COL 10`, `COL 11`, `COL 12`, `COL 13`) VALUES
	('i_id', 'i_code', 'i_group', 'i_type', 'i_name', 'i_satuan', 'i_hpp', 'i_price', 'i_status', 'i_active', 'i_det', 'i_insert', 'i_update'),
	('1', 'BRG0001', '\\N', 'BB', 'Roti burger ekonomi', '3', '2.038', '2500', 'Y', 'Y', '\\N', '05/06/2018 2:46', '\\N'),
	('2', 'BRG0002', '\\N', 'BB', 'Roti isi 5', '2', '10.500', '19000', 'Y', 'Y', '\\N', '05/06/2018 2:46', '\\N'),
	('3', 'BRG0003', '\\N', 'BB', 'Abon', '3', '7.260', '8000', 'Y', 'Y', '\\N', '05/06/2018 2:46', '\\N'),
	('4', 'BRG0004', '\\N', 'BB', 'Ayam', '1', '3.915', '7000', 'Y', 'Y', '\\N', '05/06/2018 2:46', '\\N'),
	('5', 'BRG0005', '\\N', 'BB', 'Ayam balado', '6', '4.025', '7000', 'Y', 'Y', '\\N', '05/06/2018 2:46', '\\N'),
	('6', 'BRG0006', '\\N', 'BB', 'Bulat coklat', '3', '3.615', '6000', 'Y', 'Y', '\\N', '05/06/2018 2:46', '\\N'),
	('7', 'BRG0007', '\\N', 'BB', 'Bulat coklat kcl', '7', '2.530', '3500', 'Y', 'Y', '\\N', '05/06/2018 2:46', '\\N'),
	('8', 'BRG0008', '\\N', 'BB', 'Burger sapi', '3', '6.035', '9000', 'Y', 'Y', '\\N', '05/06/2018 2:46', '\\N'),
	('9', 'BRG0009', '\\N', 'BB', 'Burger ayam keju', '3', '8.638', '15000', 'Y', 'Y', '\\N', '05/06/2018 2:46', '\\N'),
	('10', 'BRG0010', '\\N', 'BB', 'Burger sapi keju', '4', '7.069', '11000', 'Y', 'Y', '\\N', '05/06/2018 2:46', '\\N'),
	('11', 'BRG0011', '\\N', 'BB', 'Black Burger keju', '1', '7.924', '13000', 'Y', 'Y', 'rrtrt', '08/10/2018 15:44', '\\N'),
	('12', 'BRG0012', '\\N', '', 'Black Burger ayam keju', '', '9.392', '16000', '', '', '', '', ''),
	('13', 'BRG0013', '\\N', '', 'Bulat keju', '', '3.928', '7000', '', '', '', '', ''),
	('14', 'BRG0014', '\\N', '', 'Bulat keju kcl', '', '3.016', '4000', '', '', '', '', ''),
	('15', 'BRG0015', '\\N', '', 'Bulat coklat/keju kcl', '', '9.782', '14000', '', '', '', '', ''),
	('16', 'BRG0016', '\\N', '', 'chocomaltine', '', '4.641', '7500', '', '', '', '', ''),
	('17', 'BRG0017', '\\N', '', 'Coklat', '', '3.546', '6000', '', '', '', '', ''),
	('18', 'BRG0018', '\\N', '', 'coklat 20gr', '', '1.790', '2500', '', '', '', '', ''),
	('19', 'BRG0019', '\\N', '', 'coklat 25gr', '', '2.020', '3000', '', '', '', '', ''),
	('20', 'BRG0020', '\\N', '', 'coklat 30gr', '', '2.250', '3500', '', '', '', '', ''),
	('21', 'BRG0021', '\\N', '', 'coklat 40gr', '', '2.576', '4000', '', '', '', '', ''),
	('22', 'BRG0022', '\\N', '', 'coklat 50gr', '', '2.945', '5000', '', '', '', '', ''),
	('23', 'BRG0023', '\\N', '', 'Coklat filling', '', '4.348', '6000', '', '', '', '', ''),
	('24', 'BRG0024', '\\N', '', 'Coklat keju', '', '5.287', '7000', '', '', '', '', ''),
	('25', 'BRG0025', '\\N', '', 'Coklat keju kcl', '', '3.285', '4000', '', '', '', '', ''),
	('26', 'BRG0026', '\\N', '', 'Coklat keju 50 gr', '', '4.540', '6500', '', '', '', '', ''),
	('27', 'BRG0027', '\\N', '', 'CKS (coklat keju susu)', '', '4.493', '7500', '', '', '', '', ''),
	('28', 'BRG0028', '\\N', '', 'Durian', '', '3.753', '7000', '', '', '', '', ''),
	('29', 'BRG0029', '\\N', '', 'Kacang', '', '3.355', '6000', '', '', '', '', ''),
	('30', 'BRG0030', '\\N', '', 'Keju', '', '4.561', '7000', '', '', '', '', ''),
	('31', 'BRG0031', '\\N', '', 'Hotdog', '', '6.619', '9000', '', '', '', '', ''),
	('32', 'BRG0032', '\\N', '', 'Hokaido', '', '5.358', '10000', '', '', '', '', ''),
	('33', 'BRG0033', '\\N', '', 'Kismis', '', '3.277', '6000', '', '', '', '', ''),
	('34', 'BRG0034', '\\N', '', 'Krenten', '', '16.273', '19000', '', '', '', '', ''),
	('35', 'BRG0035', '\\N', '', 'krenten Kcl', '', '9.323', '13000', '', '', '', '', ''),
	('36', 'BRG0036', '\\N', '', 'Krumpul', '', '7.760', '10000', '', '', '', '', ''),
	('37', 'BRG0037', '\\N', '', 'Krumpul persegi', '', '5.420', '8000', '', '', '', '', ''),
	('38', 'BRG0038', '\\N', '', 'Kura2', '', '3.958', '7000', '', '', '', '', ''),
	('39', 'BRG0039', '\\N', '', 'Nanas', '', '4.102', '6000', '', '', '', '', ''),
	('40', 'BRG0040', '\\N', '', 'Nanas kecil', '', '2.677', '4000', '', '', '', '', ''),
	('41', 'BRG0041', '\\N', '', 'Pandan', '', '3.530', '6000', '', '', '', '', ''),
	('42', 'BRG0042', '\\N', '', 'Pisang Bsr', '', '4.585', '7000', '', '', '', '', ''),
	('43', 'BRG0043', '\\N', '', 'Pisang 40 gr', '', '4.006', '6000', '', '', '', '', ''),
	('44', 'BRG0044', '\\N', '', 'Pisang cream vanila', '', '5.609', '7000', '', '', '', '', ''),
	('45', 'BRG0045', '\\N', '', 'Pisang kcl', '', '2.655', '4000', '', '', '', '', ''),
	('46', 'BRG0046', '\\N', '', 'Pisang kcl3', '', '7.042', '10000', '', '', '', '', ''),
	('47', 'BRG0047', '\\N', '', 'Pisang coklat', '', '5.154', '7000', '', '', '', '', ''),
	('48', 'BRG0048', '\\N', '', 'Pisang coklat 50gr', '', '5.054', '6000', '', '', '', '', ''),
	('49', 'BRG0049', '\\N', '', 'Pisang coklat 40gr', '', '3.645', '5500', '', '', '', '', ''),
	('50', 'BRG0050', '\\N', '', 'Pisang coklat kcl', '', '3.407', '4500', '', '', '', '', ''),
	('51', 'BRG0051', '\\N', '', 'Pisang keju', '', '5.216', '7000', '', '', '', '', ''),
	('52', 'BRG0052', '\\N', '', 'Pisang keju kcl', '', '3.651', '4500', '', '', '', '', ''),
	('53', 'BRG0053', '\\N', '', 'Pisang pkk3', '', '8.143', '11000', '', '', '', '', ''),
	('54', 'BRG0054', '\\N', '', 'Pizza', '', '6.310', '9000', '', '', '', '', ''),
	('55', 'BRG0055', '\\N', '', 'Pizza kcl', '', '4.934', '6000', '', '', '', '', ''),
	('56', 'BRG0056', '\\N', '', 'Potato flakes', '', '4.745', '7000', '', '', '', '', ''),
	('57', 'BRG0057', '\\N', '', 'Sobek 5 Rasa', '', '12.618', '15000', '', '', '', '', ''),
	('58', 'BRG0058', '\\N', '', 'Softbund', '', '7.159', '10000', '', '', '', '', ''),
	('59', 'BRG0059', '\\N', '', 'Sobek coklat K', '', '8.638', '12000', '', '', '', '', ''),
	('60', 'BRG0060', '\\N', '', 'Sobek coklat B', '', '12.517', '14000', '', '', '', '', ''),
	('61', 'BRG0061', '\\N', '', 'Sobek coklat keju', '', '13.571', '16000', '', '', '', '', ''),
	('62', 'BRG0062', '\\N', '', 'Sapi', '', '5.338', '8000', '', '', '', '', ''),
	('63', 'BRG0063', '\\N', '', 'Sapi 40gr', '', '4.020', '7000', '', '', '', '', ''),
	('64', 'BRG0064', '\\N', '', 'Sapi 30gr', '', '3.399', '6000', '', '', '', '', ''),
	('65', 'BRG0065', '\\N', '', 'Sarikaya pandan', '', '4.176', '7000', '', '', '', '', ''),
	('66', 'BRG0066', '\\N', '', 'Sisir', '', '8.573', '11000', '', '', '', '', ''),
	('67', 'BRG0067', '\\N', '', 'Sisir putih', '', '10.720', '14000', '', '', '', '', ''),
	('68', 'BRG0068', '\\N', '', 'Sisir mini blue band', '', '5.799', '7000', '', '', '', '', ''),
	('69', 'BRG0069', '\\N', '', 'Sobek keju', '', '16.920', '20000', '', '', '', '', ''),
	('70', 'BRG0070', '\\N', '', 'Sobek kacang', '', '8.129', '12000', '', '', '', '', ''),
	('71', 'BRG0071', '\\N', '', 'Sobek kismis', '', '13.414', '14000', '', '', '', '', ''),
	('72', 'BRG0072', '\\N', '', 'Sobek nanas', '', '11.298', '13000', '', '', '', '', ''),
	('73', 'BRG0073', '\\N', '', 'Sobek pisang', '', '11.046', '14000', '', '', '', '', ''),
	('74', 'BRG0074', '\\N', '', 'Sobek susu', '', '10.338', '12000', '', '', '', '', ''),
	('75', 'BRG0075', '\\N', '', 'Sosis top abon', '', '5.220', '8000', '', '', '', '', ''),
	('76', 'BRG0076', '\\N', '', 'Strawberry', '', '3.396', '6000', '', '', '', '', ''),
	('77', 'BRG0077', '\\N', '', 'Susu', '', '4.131', '6000', '', '', '', '', ''),
	('78', 'BRG0078', '\\N', '', 'Toping cream', '', '3.188', '6000', '', '', '', '', ''),
	('79', 'BRG0079', '\\N', '', 'Toping mocca', '', '4.478', '7000', '', '', '', '', ''),
	('80', 'BRG0080', '\\N', '', 'Toping coklat', '', '4.631', '7000', '', '', '', '', ''),
	('81', 'BRG0081', '\\N', '', 'Toping vanila kacang', '', '3.247', '6000', '', '', '', '', ''),
	('82', 'BRG0082', '\\N', '', 'Rasberry', '', '4.795', '7000', '', '', '', '', ''),
	('83', 'BRG0083', '\\N', '', 'Unyil', '', '6.235', '8000', '', '', '', '', ''),
	('84', 'BRG0084', '\\N', '', 'Unyil biji', '', '1.120', '2000', '', '', '', '', ''),
	('85', 'BRG0085', '\\N', '', 'Roti semir 50 gr', '', '2.567', '4000', '', '', '', '', ''),
	('86', 'BRG0086', '\\N', '', 'Roti semir 60 gr', '', '3.071', '6000', '', '', '', '', ''),
	('87', 'BRG0087', '\\N', '', 'Roti semir', '', '1.893', '2300', '', '', '', '', ''),
	('88', 'BRG0088', '\\N', '', 'Smr mentega10', '', '16.733', '25000', '', '', '', '', ''),
	('89', 'BRG0089', '\\N', '', 'Smr meses 10', '', '17.185', '25000', '', '', '', '', ''),
	('90', 'BRG0090', '\\N', '', 'Smr coklat 10', '', '17.010', '25000', '', '', '', '', ''),
	('91', 'BRG0091', '\\N', '', 'Smr moka 10', '', '17.010', '25000', '', '', '', '', ''),
	('92', 'BRG0092', '\\N', '', 'Smr 4 Rasa 10', '', '17.010', '25000', '', '', '', '', ''),
	('93', 'BRG0093', '\\N', '', 'Smr straw10', '', '20.196', '27000', '', '', '', '', ''),
	('94', 'BRG0094', '\\N', '', 'Smr mentega5', '', '8.420', '12000', '', '', '', '', ''),
	('95', 'BRG0095', '\\N', '', 'Smr meses 5', '', '8.586', '12000', '', '', '', '', ''),
	('96', 'BRG0096', '\\N', '', 'Smr coklat 5', '', '8.586', '12000', '', '', '', '', ''),
	('97', 'BRG0097', '\\N', '', 'Smr moka 5', '', '8.586', '12000', '', '', '', '', ''),
	('98', 'BRG0098', '\\N', '', 'Smr 4 Rasa 5', '', '8.586', '12000', '', '', '', '', ''),
	('99', 'BRG0099', '\\N', '', 'Smr straw 5', '', '10.253', '15000', '', '', '', '', ''),
	('100', 'BRG0100', '\\N', '', 'Smr straw bijian', '', '2.051', '2700', '', '', '', '', ''),
	('101', 'BRG0101', '\\N', '', 'Smr ksg10', '', '13.181', '20000', '', '', '', '', ''),
	('102', 'BRG0102', '\\N', '', 'Smr ksg5', '', '6.906', '11000', '', '', '', '', ''),
	('103', 'BRG0103', '\\N', '', 'Smr ksg bj', '', '1.351', '2000', '', '', '', '', ''),
	('104', 'BRG0104', '\\N', '', 'Bread potato 75gr', '', '4.765', '7000', '', '', '', '', ''),
	('105', 'BRG0105', '\\N', '', 'softbund potato', '', '7.957', '11000', '', '', '', '', ''),
	('106', 'BRG0106', '\\N', '', 'softbund potato + dus', '', '10.179', '13000', '', '', '', '', ''),
	('107', 'BRG0107', '\\N', '', 'Tawar gandum', '', '9.998', '14000', '', '', '', '', ''),
	('108', 'BRG0108', '\\N', '', 'Tawar kasino', '', '9.008', '12000', '', '', '', '', ''),
	('109', 'BRG0109', '\\N', '', 'Tawar kasino kismis', '', '12.601', '14000', '', '', '', '', ''),
	('110', 'BRG0110', '\\N', '', 'Tawar tabung', '', '7.459', '11000', '', '', '', '', ''),
	('111', 'BRG0111', '\\N', '', 'Tawar sandwich', '', '8.765', '12000', '', '', '', '', ''),
	('112', 'BRG0112', '\\N', '', 'Tawar meses', '', '3.486', '5000', '', '', '', '', ''),
	('113', 'BRG0113', '\\N', '', 'Tawar straw', '', '2.947', '4000', '', '', '', '', ''),
	('114', 'BRG0114', '\\N', '', 'Tawar press straw', '', '2.931', '4000', '', '', '', '', ''),
	('115', 'BRG0115', '\\N', '', 'Tawar press meses', '', '3.486', '5000', '', '', '', '', ''),
	('116', 'BRG0116', '\\N', '', 'tawar kismis', '', '3.805', '5000', '', '', '', '', ''),
	('117', 'BRG0117', '\\N', '', 'burger tawar 70 gr', '', '1.494', '2500', '', '', '', '', ''),
	('118', 'BRG0118', '\\N', '', 'Kacang', '', '3.318', '6000', '', '', '', '', ''),
	('119', 'BRG0119', '\\N', '', 'Berry melon', '', '3.497', '6000', '', '', '', '', ''),
	('120', 'BRG0120', '\\N', '', 'Berry melon straw', '', '4.153', '7000', '', '', '', '', ''),
	('121', 'BRG0121', '\\N', '', 'Cream moca', '', '3.497', '6000', '', '', '', '', ''),
	('122', 'BRG0122', '\\N', '', 'Sosis keju', '', '6.468', '9000', '', '', '', '', ''),
	('123', 'BRG0123', '\\N', '', 'Toping kelapa', '', '3.436', '6000', '', '', '', '', ''),
	('124', 'BRG0124', '\\N', '', 'Toping kelapa atas', '', '3.890', '6000', '', '', '', '', ''),
	('125', 'BRG0125', '\\N', '', 'Toping almond', '', '8.542', '14000', '', '', '', '', ''),
	('126', 'BRG0126', '\\N', '', 'Coklat top pastry', '', '3.875', '7000', '', '', '', '', ''),
	('127', 'BRG0127', '\\N', '', 'Sapi top pastry', '', '5.433', '8000', '', '', '', '', ''),
	('128', 'BRG0128', '\\N', '', 'Smoked beef', '', '5.750', '9000', '', '', '', '', ''),
	('129', 'BRG0129', '\\N', '', 'Rica tuna', '', '5.403', '9000', '', '', '', '', ''),
	('130', 'BRG0130', '\\N', '', 'Kismis', '', '3.497', '6000', '', '', '', '', ''),
	('131', 'BRG0131', '\\N', '', 'Roll abon sapi', '', '6.475', '8000', '', '', '', '', ''),
	('132', 'BRG0132', '\\N', '', 'Roll abon 8s', '', '44.202', '64000', '', '', '', '', ''),
	('133', 'BRG0133', '\\N', '', 'Roll keju', '', '3.592', '7000', '', '', '', '', ''),
	('134', 'BRG0134', '\\N', '', 'Roll keju 8s', '', '27.004', '56000', '', '', '', '', ''),
	('135', 'BRG0135', '\\N', '', 'Roll abon tuna', '', '5.264', '7000', '', '', '', '', ''),
	('136', 'BRG0136', '\\N', '', 'Roll abon tuna 8s', '', '39.771', '56000', '', '', '', '', ''),
	('137', 'BRG0137', '\\N', '', 'Cheese stick', '', '7.638', '10000', '', '', '', '', ''),
	('138', 'BRG0138', '\\N', '', 'keju filling', '', '3.745', '7000', '', '', '', '', ''),
	('139', 'BRG0139', '\\N', '', 'blueberry', '', '3.352', '6000', '', '', '', '', ''),
	('140', 'BRG0140', '\\N', '', 'cremvil banana', '', '3.295', '6000', '', '', '', '', ''),
	('141', 'BRG0141', '\\N', '', 'Hokaido coklat', '', '8.563', '14000', '', '', '', '', ''),
	('142', 'BRG0142', '\\N', '', 'Domino bread', '', '14.068', '16000', '', '', '', '', ''),
	('143', 'BRG0143', '\\N', '', 'Bun pisang coklat', '', '17.082', '24000', '', '', '', '', ''),
	('144', 'BRG0144', '\\N', '', 'bun 6 rasa', '', '17.082', '24000', '', '', '', '', ''),
	('145', 'BRG0145', '\\N', '', 'Sobek pisang coklat', '', '12.081', '16000', '', '', '', '', ''),
	('146', 'BRG0146', '\\N', '', 'Bun pisang coklat', '', '4.683', '7000', '', '', '', '', ''),
	('147', 'BRG0147', '\\N', '', 'Sobek pisang coklat mika', '', '18.350', '24000', '', '', '', '', ''),
	('148', 'BRG0148', '\\N', '', 'Croissant coklat', '', '3.367', '5000', '', '', '', '', ''),
	('149', 'BRG0149', '\\N', '', 'Croissant pisang', '', '3.581', '5000', '', '', '', '', ''),
	('150', 'BRG0150', '\\N', '', 'Croissant keju', '', '3.540', '6000', '', '', '', '', ''),
	('151', 'BRG0151', '\\N', '', 'Croissant keju coklat ', '', '3.744', '6000', '', '', '', '', ''),
	('152', 'BRG0152', '\\N', '', 'Croissant keju panjang', '', '3.540', '6000', '', '', '', '', ''),
	('153', 'BRG0153', '\\N', '', 'Croissant crumble', '', '3.248', '5000', '', '', '', '', ''),
	('154', 'BRG0154', '\\N', '', 'Pastry sapi', '', '5.141', '7000', '', '', '', '', ''),
	('155', 'BRG0155', '\\N', '', 'Pear pastry', '', '2.878', '6000', '', '', '', '', ''),
	('156', 'BRG0156', '\\N', '', 'Apple pastry', '', '2.872', '6000', '', '', '', '', ''),
	('157', 'BRG0157', '\\N', '', 'Apple kismis pastry', '', '2.878', '6000', '', '', '', '', ''),
	('158', 'BRG0158', '\\N', '', 'Pastry isi kacang', '', '3.199', '5000', '', '', '', '', ''),
	('159', 'BRG0159', '\\N', '', 'Pastry isi coklat', '', '2.872', '5000', '', '', '', '', ''),
	('160', 'BRG0160', '\\N', '', 'Danish kismis pastry', '', '3.292', '5000', '', '', '', '', ''),
	('161', 'BRG0161', '\\N', '', 'Pastry isi nanas', '', '3.260', '5000', '', '', '', '', ''),
	('162', 'BRG0162', '\\N', '', 'pastry pisang coklat', '', '3.317', '5000', '', '', '', '', ''),
	('163', 'BRG0163', '\\N', '', 'almond dannis', '', '4.113', '6000', '', '', '', '', ''),
	('164', 'BRG0164', '\\N', '', 'pastry abon', '', '4.025', '7000', '', '', '', '', ''),
	('165', 'BRG0165', '\\N', '', 'Pie bulan sabit', '', '5.186', '8000', '', '', '', '', ''),
	('166', 'BRG0166', '\\N', '', 'Pie nanas', '', '3.295', '4000', '', '', '', '', ''),
	('167', 'BRG0167', '\\N', '', 'Pie nanas box 6s', '', '16.570', '24000', '', '', '', '', ''),
	('168', 'BRG0168', '\\N', '', 'Pie pisang coklat', '', '2.590', '4000', '', '', '', '', ''),
	('169', 'BRG0169', '\\N', '', 'Pie pisang coklat box 6s', '', '17.341', '24000', '', '', '', '', ''),
	('170', 'BRG0170', '\\N', '', 'Cum cum', '', '2.796', '4000', '', '', '', '', ''),
	('171', 'BRG0171', '\\N', '', 'pie brownies', '', '2.239', '4000', '', '', '', '', ''),
	('172', 'BRG0172', '\\N', '', 'pie brownies box 6s', '', '16.232', '24000', '', '', '', '', ''),
	('173', 'BRG0173', '\\N', '', 'pie brownies chefmate', '', '2.762', '4000', '', '', '', '', ''),
	('174', 'BRG0174', '\\N', '', 'Napoleon', '', '31.259', '50000', '', '', '', '', ''),
	('175', 'BRG0175', '\\N', '', 'Bolen bijian', '', '2.306', '3000', '', '', '', '', ''),
	('176', 'BRG0176', '\\N', '', 'Bolen bijian mika', '', '2.306', '3200', '', '', '', '', ''),
	('177', 'BRG0177', '\\N', '', 'Bolen pack 6', '', '13.334', '17000', '', '', '', '', ''),
	('178', 'BRG0178', '\\N', '', 'Bolen pack 10', '', '21.248', '28000', '', '', '', '', ''),
	('179', 'BRG0179', '\\N', '', 'Bolen bj pisnas', '', '3.000', '4000', '', '', '', '', ''),
	('180', 'BRG0180', '\\N', '', 'Bolen pack 6 pisnas', '', '16.000', '24000', '', '', '', '', ''),
	('181', 'BRG0181', '\\N', '', 'Bolen bj tape keju', '', '2.500', '3500', '', '', '', '', ''),
	('182', 'BRG0182', '\\N', '', 'Bolen pack 6 tape keju', '', '15.000', '21000', '', '', '', '', ''),
	('183', 'BRG0183', '\\N', '', 'Bolen bj durian', '', '3.300', '4500', '', '', '', '', ''),
	('184', 'BRG0184', '\\N', '', 'Bolen pack 6 durian', '', '19.000', '27000', '', '', '', '', ''),
	('185', 'BRG0185', '\\N', '', 'Donat', '', '2.250', '3500', '', '', '', '', ''),
	('186', 'BRG0186', '\\N', '', 'Donat gula', '', '2.523', '4000', '', '', '', '', ''),
	('187', 'BRG0187', '\\N', '', 'Donat meses', '', '2.750', '4000', '', '', '', '', ''),
	('188', 'BRG0188', '\\N', '', 'Donat mika ms', '', '7.807', '9000', '', '', '', '', ''),
	('189', 'BRG0189', '\\N', '', 'Donat mika srm', '', '7.617', '9000', '', '', '', '', ''),
	('190', 'BRG0190', '\\N', '', 'Donat mini ms/srm', '', '1.117', '1500', '', '', '', '', ''),
	('191', 'BRG0191', '\\N', '', 'Donat mini keju', '', '1.328', '2000', '', '', '', '', ''),
	('192', 'BRG0192', '\\N', '', 'Donat', '', '11.305', '13000', '', '', '', '', ''),
	('193', 'BRG0193', '\\N', '', 'Donat siram', '', '2.802', '4000', '', '', '', '', ''),
	('194', 'BRG0194', '\\N', '', 'Donat keju', '', '3.097', '5000', '', '', '', '', ''),
	('195', 'BRG0195', '\\N', '', 'Donat meses kj', '', '2.962', '5000', '', '', '', '', ''),
	('196', 'BRG0196', '\\N', '', 'Donat kacang', '', '2.802', '4000', '', '', '', '', ''),
	('197', 'BRG0197', '\\N', '', 'Donat sate (meses)', '', '3.052', '5000', '', '', '', '', ''),
	('198', 'BRG0198', '\\N', '', 'Donat ragut (roti goreng)', '', '2.064', '3000', '', '', '', '', ''),
	('199', 'BRG0199', '\\N', '', 'Donat isi abon', '', '1.989', '3000', '', '', '', '', ''),
	('200', 'BRG0200', '\\N', '', 'Donat toping', '', '4.376', '6.000', '', '', '', '', ''),
	('201', 'BRG0201', '\\N', '', 'Donat mn box 10', '', '13.284', '18.000', '', '', '', '', ''),
	('202', 'BRG0202', '\\N', '', 'Donat baby box 10', '', '10.686', '20.000', '', '', '', '', ''),
	('203', 'BRG0203', '\\N', '', 'Donat karakter', '', '4.500', '7.000', '', '', '', '', ''),
	('204', 'BRG0204', '\\N', '', 'Zebra cake utuh', '', '27.540', '35000', '', '', '', '', ''),
	('205', 'BRG0205', '\\N', '', 'Zebra cake pb', '', '29.040', '37000', '', '', '', '', ''),
	('206', 'BRG0206', '\\N', '', 'Zebra cake pt 24', '', '1.318', '1600', '', '', '', '', ''),
	('207', 'BRG0207', '\\N', '', 'Zebra cake pt 30', '', '1.155', '1300', '', '', '', '', ''),
	('208', 'BRG0208', '\\N', '', 'Bolu cake kcl', '', '14.748', '25000', '', '', '', '', ''),
	('209', 'BRG0209', '\\N', '', 'Bolu cake utuh', '', '35.380', '41000', '', '', '', '', ''),
	('210', 'BRG0210', '\\N', '', 'Bolu cake pt 24', '', '1.672', '1800', '', '', '', '', ''),
	('211', 'BRG0211', '\\N', '', 'Bolu cake pb', '', '37.565', '43000', '', '', '', '', ''),
	('212', 'BRG0212', '\\N', '', 'Bolu cake pt 30', '', '1.439', '1500', '', '', '', '', ''),
	('213', 'BRG0213', '\\N', '', 'Bolu cake rasa', '', '38.498', '45000', '', '', '', '', ''),
	('214', 'BRG0214', '\\N', '', 'Sp bs 30x40 2 lps p/b tebal', '', '119.293', '170000', '', '', '', '', ''),
	('215', 'BRG0215', '\\N', '', 'Sp bs 30x40 2 lps p/b tebal pt', '', '1.900', '2500', '', '', '', '', ''),
	('216', 'BRG0216', '\\N', '', 'Chiffon cake B', '', '24.929', '33000', '', '', '', '', ''),
	('217', 'BRG0217', '\\N', '', 'Chiffon cake B p/b', '', '26.394', '35000', '', '', '', '', ''),
	('218', 'BRG0218', '\\N', '', 'Chiffon cake pt', '', '1.359', '1800', '', '', '', '', ''),
	('219', 'BRG0219', '\\N', '', 'Chiffon k', '', '3.335', '5000', '', '', '', '', ''),
	('220', 'BRG0220', '\\N', '', 'Mandarin cake u', '', '126.479', '170000', '', '', '', '', ''),
	('221', 'BRG0221', '\\N', '', 'Mandarin cake u p/b', '', '130.479', '175000', '', '', '', '', ''),
	('222', 'BRG0222', '\\N', '', 'Mandarin cake pt', '', '2.107', '3000', '', '', '', '', ''),
	('223', 'BRG0223', '\\N', '', 'Mandarin panjang', '', '24.293', '35.000', '', '', '', '', ''),
	('224', 'BRG0224', '\\N', '', 'Mandarin 16cm bulat', '', '23.690', '27.000', '', '', '', '', ''),
	('225', 'BRG0225', '\\N', '', 'Mandarin 16cm persegi', '', '32.960', '37.000', '', '', '', '', ''),
	('226', 'BRG0226', '\\N', '', 'Lapis Surabaya 30x40 utuh', '', '186.093', '280000', '', '', '', '', ''),
	('227', 'BRG0227', '\\N', '', 'Lapis Surabaya 30x41 pb', '', '189.818', '300000', '', '', '', '', ''),
	('228', 'BRG0228', '\\N', '', 'Lapis Surabaya 30x42 pt 65', '', '3.157', '5000', '', '', '', '', ''),
	('229', 'BRG0229', '\\N', '', 'Lapis Sby 24 premium', '', '108.549', '160000', '', '', '', '', ''),
	('230', 'BRG0230', '\\N', '', 'Lapis Sby 24 premium blok', '', '39.696', '55000', '', '', '', '', ''),
	('231', 'BRG0231', '\\N', '', 'Lapis Sby 24 premium pt k (30)', '', '3.500', '6000', '', '', '', '', ''),
	('232', 'BRG0232', '\\N', '', 'Lapis Sby 24 premium pt B (18)', '', '7.000', '10000', '', '', '', '', ''),
	('233', 'BRG0233', '\\N', '', 'Lapis Neopolitan', '', '38.635', '55000', '', '', '', '', ''),
	('234', 'BRG0234', '\\N', '', 'Lapis reog', '', '30.799', '50000', '', '', '', '', ''),
	('235', 'BRG0235', '\\N', '', 'Lapis legit roll', '', '17.220', '23000', '', '', '', '', ''),
	('236', 'BRG0236', '\\N', '', 'Lapis legit roll pt 6', '', '2.299', '3000', '', '', '', '', ''),
	('237', 'BRG0237', '\\N', '', 'Lapis legit ori', '', '39.300', '55000', '', '', '', '', ''),
	('238', 'BRG0238', '\\N', '', 'Lapis legit ori pt 8', '', '6.701', '8000', '', '', '', '', ''),
	('239', 'BRG0239', '\\N', '', 'Lapis legit pandan', '', '39.917', '57000', '', '', '', '', ''),
	('240', 'BRG0240', '\\N', '', 'Lapis legit pandan pt 8', '', '7.000', '8500', '', '', '', '', ''),
	('241', 'BRG0241', '\\N', '', 'Lapis legit kismis', '', '39.917', '57000', '', '', '', '', ''),
	('242', 'BRG0242', '\\N', '', 'Lapis legit kismis pt 8', '', '7.000', '8500', '', '', '', '', ''),
	('243', 'BRG0243', '\\N', '', 'Lapis legit pandan kismis', '', '40.000', '58000', '', '', '', '', ''),
	('244', 'BRG0244', '\\N', '', 'Lapis legit pandan kismis pt 8', '', '7.500', '9000', '', '', '', '', ''),
	('245', 'BRG0245', '\\N', '', 'Pelangi', '', '1.480', '2000', '', '', '', '', ''),
	('246', 'BRG0246', '\\N', '', 'Pelangi blk', '', '18.522', '29000', '', '', '', '', ''),
	('247', 'BRG0247', '\\N', '', 'Pelangi utuh', '', '95.846', '140000', '', '', '', '', ''),
	('248', 'BRG0248', '\\N', '', 'idem p/b', '', '98.646', '145000', '', '', '', '', ''),
	('249', 'BRG0249', '\\N', '', 'Roll Tiger k', '', '9.476', '13000', '', '', '', '', ''),
	('250', 'BRG0250', '\\N', '', 'Roll Tiger b', '', '11.482', '15000', '', '', '', '', ''),
	('251', 'BRG0251', '\\N', '', 'Roll Tiger k', '', '10.036', '13000', '', '', '', '', ''),
	('252', 'BRG0252', '\\N', '', 'Roll Tiger b', '', '12.182', '15000', '', '', '', '', ''),
	('253', 'BRG0253', '\\N', '', 'Roll bs', '', '15.527', '20000', '', '', '', '', ''),
	('254', 'BRG0254', '\\N', '', 'Roll sp premium', '', '27.386', '35000', '', '', '', '', ''),
	('255', 'BRG0255', '\\N', '', 'Roll sp 2 lapis prem', '', '28.748', '38000', '', '', '', '', ''),
	('256', 'BRG0256', '\\N', '', 'Roll batik prem', '', '33.013', '45000', '', '', '', '', ''),
	('257', 'BRG0257', '\\N', '', 'Roll mini pandan', '', '16.384', '22000', '', '', '', '', ''),
	('258', 'BRG0258', '\\N', '', '12pt', '', '1.600', '2000', '', '', '', '', ''),
	('259', 'BRG0259', '\\N', '', 'Roll mini cheese', '', '19.363', '24000', '', '', '', '', ''),
	('260', 'BRG0260', '\\N', '', '12pt', '', '1.800', '2200', '', '', '', '', ''),
	('261', 'BRG0261', '\\N', '', 'Pandan rol B', '', '31.759', '42000', '', '', '', '', ''),
	('262', 'BRG0262', '\\N', '', '14pt', '', '2.800', '3500', '', '', '', '', ''),
	('263', 'BRG0263', '\\N', '', 'Cheese roll B', '', '37.817', '46000', '', '', '', '', ''),
	('264', 'BRG0264', '\\N', '', 'Cheese B 14pt', '', '3.800', '4000', '', '', '', '', ''),
	('265', 'BRG0265', '\\N', '', 'Rainbow cake', '', '8.662', '12000', '', '', '', '', ''),
	('266', 'BRG0266', '\\N', '', 'Rainbow roll', '', '35.232', '45000', '', '', '', '', ''),
	('267', 'BRG0267', '\\N', '', 'Rainbow roll', '', '2.581', '4000', '', '', '', '', ''),
	('268', 'BRG0268', '\\N', '', 'Red velvet', '', '3.997', '5500', '', '', '', '', ''),
	('269', 'BRG0269', '\\N', '', 'Roll mini co/kc 4x7', '', '1.465', '2000', '', '', '', '', ''),
	('270', 'BRG0270', '\\N', '', 'Roll mini co/kc 4x6', '', '1.600', '2200', '', '', '', '', ''),
	('271', 'BRG0271', '\\N', '', 'Roll mini co/kc 4x5', '', '1.840', '2500', '', '', '', '', ''),
	('272', 'BRG0272', '\\N', '', 'Brownies oven almond B', '', '23.651', '34000', '', '', '', '', ''),
	('273', 'BRG0273', '\\N', '', 'Brownies oven almond pt 16', '', '1.928', '2500', '', '', '', '', ''),
	('274', 'BRG0274', '\\N', '', 'Brownies oven almond pt 12', '', '2.298', '3000', '', '', '', '', ''),
	('275', 'BRG0275', '\\N', '', 'Brownies B', '', '22.000', '32000', '', '', '', '', ''),
	('276', 'BRG0276', '\\N', '', 'Brownies K', '', '12.000', '17000', '', '', '', '', ''),
	('277', 'BRG0277', '\\N', '', 'Brownies B pt 16', '', '1.900', '2500', '', '', '', '', ''),
	('278', 'BRG0278', '\\N', '', 'Brownies B pt 12', '', '2.200', '3000', '', '', '', '', ''),
	('279', 'BRG0279', '\\N', '', 'Brownies 30 cm', '', '75.000', '95000', '', '', '', '', ''),
	('280', 'BRG0280', '\\N', '', 'Brownies mnt 10cm', '', '6.648', '9000', '', '', '', '', ''),
	('281', 'BRG0281', '\\N', '', 'Brownies kukus B', '', '26.327', '35000', '', '', '', '', ''),
	('282', 'BRG0282', '\\N', '', 'Brownies kukus K', '', '15.113', '20000', '', '', '', '', ''),
	('283', 'BRG0283', '\\N', '', 'Brownies kukus pt 16', '', '2.000', '3000', '', '', '', '', ''),
	('284', 'BRG0284', '\\N', '', 'Brownies kukus pt 12', '', '2.500', '3500', '', '', '', '', ''),
	('285', 'BRG0285', '\\N', '', 'Brownies kukus 30 cm', '', '85.743', '100000', '', '', '', '', ''),
	('286', 'BRG0286', '\\N', '', 'brownies chefmate pdn, van, taro', '', '9.651', '15000', '', '', '', '', ''),
	('287', 'BRG0287', '\\N', '', 'brownies chefmate pb 6', '', '1.704', '3000', '', '', '', '', ''),
	('288', 'BRG0288', '\\N', '', 'brownies chefmate str, greentea', '', '9.951', '16000', '', '', '', '', ''),
	('289', 'BRG0289', '\\N', '', 'brownies chefmate pb 6', '', '1.904', '3000', '', '', '', '', ''),
	('290', 'BRG0290', '\\N', '', 'chocolate banana B', '', '17.476', '28000', '', '', '', '', ''),
	('291', 'BRG0291', '\\N', '', 'chocolate banana K', '', '9.394', '15000', '', '', '', '', ''),
	('292', 'BRG0292', '\\N', '', 'cake tape ketan hitam B', '', '19.047', '28000', '', '', '', '', ''),
	('293', 'BRG0293', '\\N', '', 'cake tape ketan hitam K', '', '10.659', '15000', '', '', '', '', ''),
	('294', 'BRG0294', '\\N', '', 'Proll tape ori', '', '23.339', '35000', '', '', '', '', ''),
	('295', 'BRG0295', '\\N', '', 'Proll tape keju kismis', '', '26.441', '40000', '', '', '', '', ''),
	('296', 'BRG0296', '\\N', '', 'coklat layer cake', '', '108.556', '150000', '', '', '', '', ''),
	('297', 'BRG0297', '\\N', '', 'coklat layer cake pt', '', '6.795', '10000', '', '', '', '', ''),
	('298', 'BRG0298', '\\N', '', 'coklat layer mika', '', '9.800', '14000', '', '', '', '', ''),
	('299', 'BRG0299', '\\N', '', 'Sus ragut', '', '2.141', '2500', '', '', '', '', ''),
	('300', 'BRG0300', '\\N', '', 'Sus vla', '', '1.460', '2500', '', '', '', '', ''),
	('301', 'BRG0301', '\\N', '', 'Sus roll 6', '', '2.601', '3000', '', '', '', '', ''),
	('302', 'BRG0302', '\\N', '', 'Sus roll jadi 8', '', '2.097', '2500', '', '', '', '', ''),
	('303', 'BRG0303', '\\N', '', 'Soes maker', '', '1.259', '2500', '', '', '', '', ''),
	('304', 'BRG0304', '\\N', '', 'Kroket', '', '1.697', '2500', '', '', '', '', ''),
	('305', 'BRG0305', '\\N', '', 'Tawar ragut', '', '1.176', '2500', '', '', '', '', ''),
	('306', 'BRG0306', '\\N', '', 'Kabin ragut', '', '1.339', '2500', '', '', '', '', ''),
	('307', 'BRG0307', '\\N', '', 'Pie buah', '', '1.777', '3000', '', '', '', '', ''),
	('308', 'BRG0308', '\\N', '', 'Pie keju', '', '1.392', '2500', '', '', '', '', ''),
	('309', 'BRG0309', '\\N', '', 'Pie susu', '', '1.854', '3500', '', '', '', '', ''),
	('310', 'BRG0310', '\\N', '', 'Pie susu 10', '', '19.344', '30000', '', '', '', '', ''),
	('311', 'BRG0311', '\\N', '', 'Pie coklat', '', '2.400', '3000', '', '', '', '', ''),
	('312', 'BRG0312', '\\N', '', 'Roti kukus', '', '1.200', '1500', '', '', '', '', ''),
	('313', 'BRG0313', '\\N', '', 'Marmer cake pb', '', '28.778', '37000', '', '', '', '', ''),
	('314', 'BRG0314', '\\N', '', 'Marmer cake utuh', '', '26.758', '35000', '', '', '', '', ''),
	('315', 'BRG0315', '\\N', '', 'Marmer cake pt 24', '', '1.236', '1600', '', '', '', '', ''),
	('316', 'BRG0316', '\\N', '', 'Marmer cake pt 30', '', '1.058', '1300', '', '', '', '', ''),
	('317', 'BRG0317', '\\N', '', 'Roti waru', '', '1.688', '2500', '', '', '', '', ''),
	('318', 'BRG0318', '\\N', '', 'Roti waru pack 4', '', '5.391', '9000', '', '', '', '', ''),
	('319', 'BRG0319', '\\N', '', 'Roti waru dus 8', '', '14.515', '20000', '', '', '', '', ''),
	('320', 'BRG0320', '\\N', '', 'Cake meses pb', '', '30.388', '42000', '', '', '', '', ''),
	('321', 'BRG0321', '\\N', '', 'Cake meses u', '', '28.368', '40000', '', '', '', '', ''),
	('322', 'BRG0322', '\\N', '', 'Cake meses pt (24)', '', '1.261', '1800', '', '', '', '', ''),
	('323', 'BRG0323', '\\N', '', 'Cake meses pt (30)', '', '1.059', '1500', '', '', '', '', ''),
	('324', 'BRG0324', '\\N', '', 'Pelangi marmer utuh', '', '98.549', '165000', '', '', '', '', ''),
	('325', 'BRG0325', '\\N', '', 'Pelangi marmer utuh pb', '', '106.049', '170000', '', '', '', '', ''),
	('326', 'BRG0326', '\\N', '', 'Pelangi marmer pt', '', '1.292', '2500', '', '', '', '', ''),
	('327', 'BRG0327', '\\N', '', 'Pelangi marmer blk', '', '19.230', '35000', '', '', '', '', ''),
	('328', 'BRG0328', '\\N', '', 'Pelangi marmer box 24s', '', '45.000', '60000', '', '', '', '', ''),
	('329', 'BRG0329', '\\N', '', 'Pelangi marmer 2 lps', '', '78.426', '115000', '', '', '', '', ''),
	('330', 'BRG0330', '\\N', '', 'Pelangi marmer 2 lps pb', '', '85.000', '120000', '', '', '', '', ''),
	('331', 'BRG0331', '\\N', '', 'Puding cake mini 25', '', '1.500', '2500', '', '', '', '', ''),
	('332', 'BRG0332', '\\N', '', 'Puding cake pt 24', '', '1.600', '2500', '', '', '', '', ''),
	('333', 'BRG0333', '\\N', '', 'Puding cake u', '', '26.000', '55000', '', '', '', '', ''),
	('334', 'BRG0334', '\\N', '', 'puding lapis sby', '', '2.323', '3500', '', '', '', '', ''),
	('335', 'BRG0335', '\\N', '', 'puding lapis sby ov B', '', '39.000', '70000', '', '', '', '', ''),
	('336', 'BRG0336', '\\N', '', 'puding lapis sby ov K', '', '25.000', '40000', '', '', '', '', ''),
	('337', 'BRG0337', '\\N', '', 'puding lapis sby 20cm', '', '110.000', '165000', '', '', '', '', ''),
	('338', 'BRG0338', '\\N', '', 'BF mini', '', '1.256', '2500', '', '', '', '', ''),
	('339', 'BRG0339', '\\N', '', 'Minicake bc', '', '1.450', '2500', '', '', '', '', ''),
	('340', 'BRG0340', '\\N', '', 'Minicake srm', '', '1.450', '2500', '', '', '', '', ''),
	('341', 'BRG0341', '\\N', '', 'Minicake keju', '', '1.637', '3000', '', '', '', '', ''),
	('342', 'BRG0342', '\\N', '', 'Minicake bunga', '', '1.284', '2500', '', '', '', '', ''),
	('343', 'BRG0343', '\\N', '', 'Minicake cr', '', '1.619', '2500', '', '', '', '', ''),
	('344', 'BRG0344', '\\N', '', 'Minicake bdr', '', '1.150', '2500', '', '', '', '', ''),
	('345', 'BRG0345', '\\N', '', 'Minitart A kcl', '', '4.213', '7000', '', '', '', '', ''),
	('346', 'BRG0346', '\\N', '', 'Minitart B kcl', '', '4.062', '7500', '', '', '', '', ''),
	('347', 'BRG0347', '\\N', '', 'Minitart A bsr', '', '4.975', '8000', '', '', '', '', ''),
	('348', 'BRG0348', '\\N', '', 'Minitart B bsr', '', '5.446', '8500', '', '', '', '', ''),
	('349', 'BRG0349', '\\N', '', 'Minitart B hias keju', '', '6.073', '10000', '', '', '', '', ''),
	('350', 'BRG0350', '\\N', '', 'Minitart B Black Forest', '', '4.232', '8500', '', '', '', '', ''),
	('351', 'BRG0351', '\\N', '', 'Minitart O (roll sp)', '', '5.018', '8500', '', '', '', '', ''),
	('352', 'BRG0352', '\\N', '', 'Minitart sg panjng', '', '11.000', '17000', '', '', '', '', ''),
	('353', 'BRG0353', '\\N', '', 'Minitart sg panjng keju', '', '13.000', '20000', '', '', '', '', ''),
	('354', 'BRG0354', '\\N', '', 'Minitart sg panjng BF', '', '13.000', '20000', '', '', '', '', ''),
	('355', 'BRG0355', '\\N', '', 'Minitart sg panjng BF keju', '', '15.000', '22000', '', '', '', '', ''),
	('356', 'BRG0356', '\\N', '', 'Muffin OB 80gr', '', '3.807', '6000', '', '', '', '', ''),
	('357', 'BRG0357', '\\N', '', 'Muffin OK 50gr', '', '2.528', '4000', '', '', '', '', ''),
	('358', 'BRG0358', '\\N', '', 'Muffin kecil 40gr', '', '2.064', '3500', '', '', '', '', ''),
	('359', 'BRG0359', '\\N', '', 'Muffin kecil 30gr', '', '1.820', '3000', '', '', '', '', ''),
	('360', 'BRG0360', '\\N', '', 'Muffin keju OB', '', '3.601', '6500', '', '', '', '', ''),
	('361', 'BRG0361', '\\N', '', 'Muffin keju OK', '', '2.445', '4500', '', '', '', '', ''),
	('362', 'BRG0362', '\\N', '', 'Muffin pj 150', '', '6.338', '10000', '', '', '', '', ''),
	('363', 'BRG0363', '\\N', '', 'Muffin pj 100', '', '4.547', '8000', '', '', '', '', ''),
	('364', 'BRG0364', '\\N', '', 'Muffin cklt OB', '', '3.804', '6000', '', '', '', '', ''),
	('365', 'BRG0365', '\\N', '', 'Muffin cklt OK 50gr', '', '2.569', '4000', '', '', '', '', ''),
	('366', 'BRG0366', '\\N', '', 'Muffin cklt pj 150', '', '6.838', '10000', '', '', '', '', ''),
	('367', 'BRG0367', '\\N', '', 'Muffin cklt pj 100', '', '5.144', '8000', '', '', '', '', ''),
	('368', 'BRG0368', '\\N', '', 'cake banana isi 2', '', '3.769', '6000', '', '', '', '', ''),
	('369', 'BRG0369', '\\N', '', 'cake banana art isi 2', '', '7.932', '12000', '', '', '', '', ''),
	('370', 'BRG0370', '\\N', '', 'Banana cake', '', '16.997', '28000', '', '', '', '', ''),
	('371', 'BRG0371', '\\N', '', 'Karamel cake', '', '38.078', '56000', '', '', '', '', ''),
	('372', 'BRG0372', '\\N', '', 'Karamel cake', '', '39.378', '58000', '', '', '', '', ''),
	('373', 'BRG0373', '\\N', '', 'Karamel cake', '', '1.755', '2500', '', '', '', '', ''),
	('374', 'BRG0374', '\\N', '', 'emoticon cookies', '', '3.314', '6000', '', '', '', '', ''),
	('375', 'BRG0375', '\\N', '', 'Fruit cake B', '', '25.965', '36000', '', '', '', '', ''),
	('376', 'BRG0376', '\\N', '', 'Fruit cake K', '', '12.965', '20000', '', '', '', '', ''),
	('377', 'BRG0377', '\\N', '', 'nastar jambu', '', '1.941', '4000', '', '', '', '', ''),
	('378', 'BRG0378', '\\N', '', 'nastar jambu box 10s', '', '19.399', '38000', '', '', '', '', ''),
	('379', 'BRG0379', '\\N', '', 'almond danish', '', '3.175', '6000', '', '', '', '', ''),
	('380', 'BRG0380', '\\N', '', 'cup cake k bc', '', '2.883', '4000', '', '', '', '', ''),
	('381', 'BRG0381', '\\N', '', 'cup cake k fd', '', '3.477', '6000', '', '', '', '', ''),
	('382', 'BRG0382', '\\N', '', 'cup cake k fd 6s', '', '20.709', '35000', '', '', '', '', ''),
	('383', 'BRG0383', '\\N', '', 'cup cake b fd', '', '5.770', '12000', '', '', '', '', ''),
	('384', 'BRG0384', '\\N', '', 'cup cake b fd 1s', '', '6.970', '14000', '', '', '', '', ''),
	('385', 'BRG0385', '\\N', '', 'cup cake b fd 2s', '', '13.290', '25000', '', '', '', '', ''),
	('386', 'BRG0386', '\\N', '', 'cup cake b fd 4s', '', '25.330', '45000', '', '', '', '', ''),
	('387', 'BRG0387', '\\N', '', 'cup cake b fd 6s', '', '37.370', '70000', '', '', '', '', ''),
	('388', 'BRG0388', '\\N', '', 'cup cake b fd 9s', '', '55.930', '100000', '', '', '', '', ''),
	('389', 'BRG0389', '\\N', '', 'cup cake b bc', '', '6.041', '10000', '', '', '', '', ''),
	('390', 'BRG0390', '\\N', '', 'CHOCOLATE MOIST CAKE', '', '3.114', '5000', '', '', '', '', ''),
	('391', 'BRG0391', '\\N', '', 'zuppa soup', '', '7.484', '12000', '', '', '', '', ''),
	('392', 'BRG0392', '\\N', '', 'Pukis', '', '1.176', '2000', '', '', '', '', ''),
	('393', 'BRG0393', '\\N', '', 'Pukis mini', '', '1.500', '2500', '', '', '', '', ''),
	('394', 'BRG0394', '\\N', '', 'Bika ambon', '', '1.539', '2500', '', '', '', '', ''),
	('395', 'BRG0395', '\\N', '', 'Bika ambon 3', '', '4.768', '7000', '', '', '', '', ''),
	('396', 'BRG0396', '\\N', '', 'Abon 125gr', '', '38.695', '47000', '', '', '', '', ''),
	('397', 'BRG0397', '\\N', '', 'Abon 250gr', '', '73.198', '85000', '', '', '', '', ''),
	('398', 'BRG0398', '\\N', '', 'Abon tuna 150gr', '', '21.984', '35000', '', '', '', '', ''),
	('399', 'BRG0399', '\\N', '', 'Abon tuna 250gr', '', '33.697', '55000', '', '', '', '', ''),
	('400', 'BRG0400', '\\N', '', 'Abon ayam 125gr', '', '21.649', '35000', '', '', '', '', ''),
	('401', 'BRG0401', '\\N', '', 'Abon ayam 250gr', '', '39.106', '60000', '', '', '', '', ''),
	('402', 'BRG0402', '\\N', '', 'puding gelas', '', '5.000', '8000', '', '', '', '', ''),
	('403', 'BRG0403', '\\N', '', 'Puding sedot', '', '8.000', '12000', '', '', '', '', ''),
	('404', 'BRG0404', '\\N', '', 'Praline stick', '', '2.683', '4000', '', '', '', '', ''),
	('405', 'BRG0405', '\\N', '', 'angry bird', '', '7.868', '14000', '', '', '', '', ''),
	('406', 'BRG0406', '\\N', '', 'coklat kurma dark', '', '43.814', '60000', '', '', '', '', ''),
	('407', 'BRG0407', '\\N', '', 'almond lover top blt mini', '', '18.811', '30000', '', '', '', '', ''),
	('408', 'BRG0408', '\\N', '', 'bull\'s eyes top blt mini', '', '18.811', '30000', '', '', '', '', ''),
	('409', 'BRG0409', '\\N', '', 'almond cheese crispy', '', '34.901', '45000', '', '', '', '', ''),
	('410', 'BRG0410', '\\N', '', 'bull\'s eyes top Ov kcl', '', '29.739', '45000', '', '', '', '', ''),
	('411', 'BRG0411', '\\N', '', 'Sosis sapi', '', '2.138', '2500', '', '', '', '', ''),
	('412', 'BRG0412', '\\N', '', 'Sosis sapi 3000', '', '2.480', '3000', '', '', '', '', ''),
	('413', 'BRG0413', '\\N', '', 'Sosis sapi 3500', '', '2.937', '3500', '', '', '', '', ''),
	('414', 'BRG0414', '\\N', '', 'Sosis ayam', '', '1.950', '2500', '', '', '', '', ''),
	('415', 'BRG0415', '\\N', '', 'Martabak', '', '1.992', '2500', '', '', '', '', ''),
	('416', 'BRG0416', '\\N', '', 'Cantik manis', '', '1.100', '2000', '', '', '', '', ''),
	('417', 'BRG0417', '\\N', '', 'onde2', '', '2.400', '2500', '', '', '', '', ''),
	('418', 'BRG0418', '\\N', '', 'puding panggang', '', '8.500', '12000', '', '', '', '', ''),
	('419', 'BRG0419', '\\N', '', 'cheese cake', '', '40.296', '55000', '', '', '', '', ''),
	('420', 'BRG0420', '\\N', '', 'lumpur', '', '2.385', '3000', '', '', '', '', ''),
	('421', 'BRG0421', '\\N', '', 'kroket potato', '', '1.934', '2500', '', '', '', '', ''),
	('422', 'BRG0422', '\\N', '', 'donat knorr potato', '', '2.080', '4000', '', '', '', '', ''),
	('423', 'BRG0423', '\\N', '', 'japanes almond', '', '2.937', '5000', '', '', '', '', ''),
	('424', 'BRG0424', '\\N', '', 'Kunyit asem madu', '', '6.662', '10000', '', '', '', '', ''),
	('425', 'BRG0425', '\\N', '', 'grissini', '', '6.763', '10000', '', '', '', '', ''),
	('426', 'BRG0426', '\\N', '', 'Soes kering blueband 150', '', '10.704', '18000', '', '', '', '', ''),
	('427', 'BRG0427', '\\N', '', 'Soes kering blueband 250', '', '16.864', '28000', '', '', '', '', ''),
	('428', 'BRG0428', '\\N', '', 'Soes kering 10 gr', '', '1.028', '2000', '', '', '', '', ''),
	('429', 'BRG0429', '\\N', '', 'Soes kering 17 gr', '', '1.442', '2500', '', '', '', '', ''),
	('430', 'BRG0430', '\\N', '', 'bagelen', '', '12.076', '20000', '', '', '', '', ''),
	('431', 'BRG0431', '\\N', '', 'Bolu jadul', '', '11.735', '20000', '', '', '', '', ''),
	('432', 'BRG0432', '\\N', '', 'Tart puding susu / coklat / panir', '', '60.000', '100000', '', '', '', '', ''),
	('433', 'BRG0433', '\\N', '', 'Sele blueberry pot', '', '10.608', '15000', '', '', '', '', ''),
	('434', 'BRG0434', '\\N', '', 'Sele raspberry pot', '', '9.872', '15000', '', '', '', '', ''),
	('435', 'BRG0435', '\\N', '', 'meses warna po', '', '6.600', '9000', '', '', '', '', ''),
	('436', 'BRG0436', '\\N', '', 'Meses coklat pot', '', '7.400', '10000', '', '', '', '', ''),
	('437', 'BRG0437', 'KERINGAN TITIPAN', '', 'Pancake Amrista 2 bj ', '', '11.000', ' 13.000 ', '', '', '', '', ''),
	('438', 'BRG0438', 'KERINGAN TITIPAN', '', 'Pancake Amrista 4 bj', '', '22.000', ' 24.000 ', '', '', '', '', ''),
	('439', 'BRG0439', 'KERINGAN TITIPAN', '', 'Kacang Klici', '', '800', ' 1.000 ', '', '', '', '', ''),
	('440', 'BRG0440', 'KERINGAN TITIPAN', '', 'Cornetto mini black & white', '', '4.000', ' 5.000 ', '', '', '', '', ''),
	('441', 'BRG0441', 'KERINGAN TITIPAN', '', 'Cornetto oreo', '', '7.600', ' 9.500 ', '', '', '', '', ''),
	('442', 'BRG0442', 'KERINGAN TITIPAN', '', 'Poppulare Coklat ', '', '3.600', ' 4.500 ', '', '', '', '', ''),
	('443', 'BRG0443', 'KERINGAN TITIPAN', '', 'Poppulare Strawberry', '', '3.600', ' 4.500 ', '', '', '', '', ''),
	('444', 'BRG0444', 'KERINGAN TITIPAN', '', 'Paddle Pop Trico ', '', '1.600', ' 2.000 ', '', '', '', '', ''),
	('445', 'BRG0445', 'KERINGAN TITIPAN', '', 'Paddle Pop Rainbow Power', '', '2.400', ' 3.500 ', '', '', '', '', ''),
	('446', 'BRG0446', 'KERINGAN TITIPAN', '', 'Paddle Pop Twister', '', '3.200', ' 4.500 ', '', '', '', '', ''),
	('447', 'BRG0447', 'KERINGAN TITIPAN', '', 'Pocari Sweet 350 ml', '', '4.700', ' 6.000 ', '', '', '', '', ''),
	('448', 'BRG0448', 'KERINGAN TITIPAN', '', 'Pocari Sweet 500 ml', '', '5.550', ' 7.000 ', '', '', '', '', ''),
	('449', 'BRG0449', 'KERINGAN TITIPAN', '', 'Keju kraft quick melt', '', '22.400', ' 25.000 ', '', '', '', '', ''),
	('450', 'BRG0450', 'KERINGAN TITIPAN', '', 'Keju kraft mini 35 gr', '', '5.100', ' 6.000 ', '', '', '', '', ''),
	('451', 'BRG0451', 'KERINGAN TITIPAN', '', 'Keju kraft cheddar 75 gr', '', '7.800', ' 10.500 ', '', '', '', '', ''),
	('452', 'BRG0452', 'KERINGAN TITIPAN', '', 'Keju kraft Singgles isi 5', '', '9.000', ' 12.000 ', '', '', '', '', ''),
	('453', 'BRG0453', 'KERINGAN TITIPAN', '', 'Keju kraft cheddar 165 gr', '', '18.000', ' 25.000 ', '', '', '', '', ''),
	('454', 'BRG0454', 'KERINGAN TITIPAN', '', 'Qeju Blok 165 gr', '', '14.000', ' 17.000 ', '', '', '', '', ''),
	('455', 'BRG0455', 'KERINGAN TITIPAN', '', 'Keju kraft singgles 12\'s 200 gr', '', '16.300', ' 25.000 ', '', '', '', '', ''),
	('456', 'BRG0456', 'KERINGAN TITIPAN', '', 'Bolu Jahe Bulat Dannish', '', '14.500', ' 16.000 ', '', '', '', '', ''),
	('457', 'BRG0457', 'KERINGAN TITIPAN', '', 'Bolu Jahe Mika Dannish', '', '8.500', ' 10.000 ', '', '', '', '', ''),
	('458', 'BRG0458', 'KERINGAN TITIPAN', '', 'Onde - onde ceplus Dannish', '', '15.000', ' 17.000 ', '', '', '', '', ''),
	('459', 'BRG0459', 'KERINGAN TITIPAN', '', 'Bolu Jahe Bulat Hartini', '', '12.500', ' 16.000 ', '', '', '', '', ''),
	('460', 'BRG0460', 'KERINGAN TITIPAN', '', 'Bolu Jahe Mika Hartini', '', '8.000', ' 10.000 ', '', '', '', '', ''),
	('461', 'BRG0461', 'KERINGAN TITIPAN', '', 'Gapit lempit besar hartini', '', '8.000', ' 12.000 ', '', '', '', '', ''),
	('462', 'BRG0462', 'KERINGAN TITIPAN', '', 'Gapit lempit pita hartini', '', '8.000', ' 12.000 ', '', '', '', '', ''),
	('463', 'BRG0463', 'KERINGAN TITIPAN', '', 'Cipiran kecil Hartini', '', '10.000', ' 13.000 ', '', '', '', '', ''),
	('464', 'BRG0464', 'KERINGAN TITIPAN', '', 'Matahari besar Hartini', '', '12.000', ' 15.000 ', '', '', '', '', ''),
	('465', 'BRG0465', 'KERINGAN TITIPAN', '', 'Kripik pisang bulat Hartini', '', '8.000', ' 12.000 ', '', '', '', '', ''),
	('466', 'BRG0466', 'KERINGAN TITIPAN', '', 'Gapit Semprong', '', '10.000', ' 12.000 ', '', '', '', '', ''),
	('467', 'BRG0467', 'KERINGAN TITIPAN', '', 'Madu Murni nusantara 650 ml', '', '91.200', ' 110.000 ', '', '', '', '', ''),
	('468', 'BRG0468', 'KERINGAN TITIPAN', '', 'Madu Murni Tanggung 250 ml', '', '48.000', ' 55.000 ', '', '', '', '', ''),
	('469', 'BRG0469', 'KERINGAN TITIPAN', '', 'Madu Klengkeng tanggung 250 ml', '', '58.000', ' 66.000 ', '', '', '', '', ''),
	('470', 'BRG0470', 'KERINGAN TITIPAN', '', 'Madu Super tanggung 250 ml', '', '58.000', ' 68.000 ', '', '', '', '', ''),
	('471', 'BRG0471', 'KERINGAN TITIPAN', '', 'Yakult ', '', '7.250', ' 8.500 ', '', '', '', '', ''),
	('472', 'BRG0472', 'KERINGAN TITIPAN', '', 'Manisan Asem', '', '3.000', ' 3.500 ', '', '', '', '', ''),
	('473', 'BRG0473', 'KERINGAN TITIPAN', '', 'Pia bulan kacang ijo Sidoarjo ', '', '10.000', ' 13.000 ', '', '', '', '', ''),
	('474', 'BRG0474', 'KERINGAN TITIPAN', '', 'Bakpia ungu', '', '18.000', ' 20.000 ', '', '', '', '', ''),
	('475', 'BRG0475', 'KERINGAN TITIPAN', '', 'Kripik Tempe Murni', '', '10.500', ' 13.000 ', '', '', '', '', ''),
	('476', 'BRG0476', 'KERINGAN TITIPAN', '', 'Telur Asin', '', '3.000', ' 3.500 ', '', '', '', '', ''),
	('477', 'BRG0477', 'KERINGAN TITIPAN', '', 'Kripik singkong masbro', '', '8.000', ' 11.000 ', '', '', '', '', ''),
	('478', 'BRG0478', 'KERINGAN TITIPAN', '', 'Brangkal telo besar', '', '9.500', ' 10.000 ', '', '', '', '', ''),
	('479', 'BRG0479', 'KERINGAN TITIPAN', '', 'Krupuk pangsit massita', '', '8.000', ' 10.000 ', '', '', '', '', ''),
	('480', 'BRG0480', 'KERINGAN TITIPAN', '', 'Minyak Zaitun 60 ml', '', '17.000', ' 19.000 ', '', '', '', '', ''),
	('481', 'BRG0481', 'KERINGAN TITIPAN', '', 'Minyak Zaitun ekstra virgin 60 ml', '', '22.000', ' 24.000 ', '', '', '', '', ''),
	('482', 'BRG0482', 'KERINGAN TITIPAN', '', 'Minyak Zaitun 350 ml', '', '44.000', ' 46.000 ', '', '', '', '', ''),
	('483', 'BRG0483', 'KERINGAN TITIPAN', '', 'Minyak Zaitun ekstra virgin 350 ml', '', '60.000', ' 62.000 ', '', '', '', '', ''),
	('484', 'BRG0484', 'KERINGAN TITIPAN', '', 'Sari Kurma', '', '26.000', ' 28.000 ', '', '', '', '', ''),
	('485', 'BRG0485', 'KERINGAN TITIPAN', '', 'Al - Ashifa', '', '35.000', ' 38.000 ', '', '', '', '', ''),
	('486', 'BRG0486', 'KERINGAN TITIPAN', '', 'Madu pahit insulin 470 gr', '', '60.000', ' 70.000 ', '', '', '', '', ''),
	('487', 'BRG0487', 'KERINGAN TITIPAN', '', 'Ades tanggung', '', '1.800', ' 2.500 ', '', '', '', '', ''),
	('488', 'BRG0488', 'KERINGAN TITIPAN', '', 'Minute Pulpy orange', '', '4.100', ' 6.500 ', '', '', '', '', ''),
	('489', 'BRG0489', 'KERINGAN TITIPAN', '', 'Teh pucuk 350 ml', '', '2.300', ' 3.000 ', '', '', '', '', ''),
	('490', 'BRG0490', 'KERINGAN TITIPAN', '', 'Teh pucuk 500 ml', '', '4.500', ' 5.500 ', '', '', '', '', ''),
	('491', 'BRG0491', 'KERINGAN TITIPAN', '', 'Guava ', '', '4.200', ' 5.000 ', '', '', '', '', ''),
	('492', 'BRG0492', 'KERINGAN TITIPAN', '', 'Ultra mimi all fariant', '', '2.300', ' 3.500 ', '', '', '', '', ''),
	('493', 'BRG0493', 'KERINGAN TITIPAN', '', 'Ultra All fariant', '', '3.650', ' 5.000 ', '', '', '', '', ''),
	('494', 'BRG0494', 'KERINGAN TITIPAN', '', 'Ultra 1 Liter ', '', '15.250', ' 16.500 ', '', '', '', '', ''),
	('495', 'BRG0495', 'KERINGAN TITIPAN', '', 'Ultra low fat 1 liter', '', '16.100', ' 17.500 ', '', '', '', '', ''),
	('496', 'BRG0496', 'KERINGAN TITIPAN', '', 'Teh Kotak 350 ml', '', '2.600', ' 3.500 ', '', '', '', '', ''),
	('497', 'BRG0497', 'KERINGAN TITIPAN', '', 'Teh Kotak 500 ml', '', '5.000', ' 6.000 ', '', '', '', '', ''),
	('498', 'BRG0498', 'KERINGAN TITIPAN', '', 'Sari asem', '', '3.900', ' 5.000 ', '', '', '', '', ''),
	('499', 'BRG0499', 'KERINGAN TITIPAN', '', 'Mete', '', '16.000', ' 19.000 ', '', '', '', '', ''),
	('500', 'BRG0500', 'KERINGAN TITIPAN', '', 'Mete Rayuda 60 gr', '', '13.000', ' 14.000 ', '', '', '', '', ''),
	('501', 'BRG0501', 'KERINGAN TITIPAN', '', 'Teri Besar', '', '36.000', ' 40.000 ', '', '', '', '', ''),
	('502', 'BRG0502', 'KERINGAN TITIPAN', '', 'Teri kecil', '', '18.000', ' 20.000 ', '', '', '', '', ''),
	('503', 'BRG0503', 'KERINGAN TITIPAN', '', 'Arumanis Cup 40 gr', '', '3.500', ' 4.000 ', '', '', '', '', ''),
	('504', 'BRG0504', 'KERINGAN TITIPAN', '', 'Arumanis Cup 130 gr', '', '9.000', ' 10.000 ', '', '', '', '', ''),
	('505', 'BRG0505', 'KERINGAN TITIPAN', '', 'Arumanis Kipas 125 gr', '', '12.000', ' 14.000 ', '', '', '', '', ''),
	('506', 'BRG0506', 'KERINGAN TITIPAN', '', 'Vit 600 ml', '', '1.250', ' 2.500 ', '', '', '', '', ''),
	('507', 'BRG0507', 'KERINGAN TITIPAN', '', 'You C 1000', '', '4.900', ' 6.500 ', '', '', '', '', ''),
	('508', 'BRG0508', 'KERINGAN TITIPAN', '', 'Floridina ', '', '2.500', ' 3.500 ', '', '', '', '', ''),
	('509', 'BRG0509', 'KERINGAN TITIPAN', '', 'Latansa Gelas', '', '400', ' 500 ', '', '', '', '', ''),
	('510', 'BRG0510', 'KERINGAN TITIPAN', '', 'Latansa Gelas Karton', '', '17.500', ' 19.000 ', '', '', '', '', ''),
	('511', 'BRG0511', 'KERINGAN TITIPAN', '', 'Aqua gelas  ', '', '600', ' 1.000 ', '', '', '', '', ''),
	('512', 'BRG0512', 'KERINGAN TITIPAN', '', 'Aqua gelas karton', '', '26.500', ' 30.000 ', '', '', '', '', ''),
	('513', 'BRG0513', 'KERINGAN TITIPAN', '', 'Bear brand', '', '7.700', ' 8.500 ', '', '', '', '', ''),
	('514', 'BRG0514', 'KERINGAN TITIPAN', '', 'Milo 115 ml', '', '2.200', ' 3.000 ', '', '', '', '', ''),
	('515', 'BRG0515', 'KERINGAN TITIPAN', '', 'Milo 190 ml', '', '3.750', ' 4.500 ', '', '', '', '', ''),
	('516', 'BRG0516', 'KERINGAN TITIPAN', '', 'Sari kacang hijau 150 ml', '', '2.200', ' 3.500 ', '', '', '', '', ''),
	('517', 'BRG0517', 'KERINGAN TITIPAN', '', 'Sari kacang hijau 250 ml', '', '3.200', ' 5.000 ', '', '', '', '', ''),
	('518', 'BRG0518', 'KERINGAN TITIPAN', '', 'Lilin Magic ', '', '4.250', ' 8.000 ', '', '', '', '', ''),
	('519', 'BRG0519', 'KERINGAN TITIPAN', '', 'Madu Randu Saraswangi 350 ml', '', '43.000', ' 48.000 ', '', '', '', '', ''),
	('520', 'BRG0520', 'KERINGAN TITIPAN', '', 'Madu Randu 400 ml', '', '48.000', ' 53.000 ', '', '', '', '', ''),
	('521', 'BRG0521', 'KERINGAN TITIPAN', '', 'Madu Randu 120 ml', '', '20.000', ' 25.000 ', '', '', '', '', ''),
	('522', 'BRG0522', 'KERINGAN TITIPAN', '', 'Madu Rambutan 350 ml', '', '44.000', ' 49.000 ', '', '', '', '', ''),
	('523', 'BRG0523', 'KERINGAN TITIPAN', '', 'Madu Rambutan 120 ml', '', '22.000', ' 27.000 ', '', '', '', '', ''),
	('524', 'BRG0524', 'KERINGAN TITIPAN', '', 'Madu Klengkeng 120 ml', '', '22.000', ' 27.000 ', '', '', '', '', ''),
	('525', 'BRG0525', 'KERINGAN TITIPAN', '', 'Madu Klengkeng Saraswangi 350 ml', '', '50.000', ' 55.000 ', '', '', '', '', ''),
	('526', 'BRG0526', 'KERINGAN TITIPAN', '', 'Teh Manggis ', '', '25.000', ' 27.000 ', '', '', '', '', ''),
	('527', 'BRG0527', 'KERINGAN TITIPAN', '', 'Teh Sirsak', '', '25.000', ' 27.000 ', '', '', '', '', ''),
	('528', 'BRG0528', 'KERINGAN TITIPAN', '', 'Sari Kurma Qu 330 Gram', '', '26.000', ' 28.000 ', '', '', '', '', ''),
	('529', 'BRG0529', 'KERINGAN TITIPAN', '', 'Jaddie Platinum', '', '30.000', ' 32.000 ', '', '', '', '', ''),
	('530', 'BRG0530', 'KERINGAN TITIPAN', '', 'Susu kambing Gomars', '', '25.000', ' 27.000 ', '', '', '', '', ''),
	('531', 'BRG0531', 'KERINGAN TITIPAN', '', 'Madu Syamil', '', '27.000', ' 29.000 ', '', '', '', '', ''),
	('532', 'BRG0532', 'KUE ULANG TAHUN', '', 'Tart 18 bulat', '', ' 110.400 ', ' 153.000 ', '', '', '', '', ''),
	('533', 'BRG0533', 'KUE ULANG TAHUN', '', 'Tart 20 bulat', '', ' 134.400 ', ' 183.000 ', '', '', '', '', ''),
	('534', 'BRG0534', 'KUE ULANG TAHUN', '', 'Tart 24 Bulat ', '', ' 163.200 ', ' 219.000 ', '', '', '', '', ''),
	('535', 'BRG0535', 'KUE ULANG TAHUN', '', 'Tart 26 Bulat ', '', ' 177.600 ', ' 237.000 ', '', '', '', '', ''),
	('536', 'BRG0536', 'KUE ULANG TAHUN', '', 'Tart 30 Bulat ', '', ' 249.600 ', ' 312.000 ', '', '', '', '', ''),
	('537', 'BRG0537', 'KUE ULANG TAHUN', '', 'Tart 20 Kotak ', '', ' 144.000 ', ' 195.000 ', '', '', '', '', ''),
	('538', 'BRG0538', 'KUE ULANG TAHUN', '', 'Tart 24 Kotak', '', ' 177.600 ', ' 237.000 ', '', '', '', '', ''),
	('539', 'BRG0539', 'KUE ULANG TAHUN', '', 'Tart 26 Kotak', '', ' 254.400 ', ' 333.000 ', '', '', '', '', ''),
	('540', 'BRG0540', 'KUE ULANG TAHUN', '', 'Tart 30 Kotak', '', ' 312.000 ', ' 390.000 ', '', '', '', '', ''),
	('541', 'BRG0541', 'KUE ULANG TAHUN', '', 'Tart 30*40 Kotak', '', ' 374.400 ', ' 468.000 ', '', '', '', '', ''),
	('542', 'BRG0542', 'KUE ULANG TAHUN', '', 'Tart 24 Susun bulat', '', ' 240.000 ', ' 315.000 ', '', '', '', '', ''),
	('543', 'BRG0543', 'KUE ULANG TAHUN', '', 'Tart 26 Susun bulat', '', ' 288.000 ', ' 375.000 ', '', '', '', '', ''),
	('544', 'BRG0544', 'KUE ULANG TAHUN', '', 'Tart 30 Susun bulat', '', ' 336.000 ', ' 435.000 ', '', '', '', '', ''),
	('545', 'BRG0545', 'KUE ULANG TAHUN', '', 'BF 18 bulat', '', ' 124.800 ', ' 171.000 ', '', '', '', '', ''),
	('546', 'BRG0546', 'KUE ULANG TAHUN', '', 'BF 20 bulat', '', ' 153.600 ', ' 207.000 ', '', '', '', '', ''),
	('547', 'BRG0547', 'KUE ULANG TAHUN', '', 'BF 24 bulat', '', ' 240.000 ', ' 315.000 ', '', '', '', '', ''),
	('548', 'BRG0548', 'KUE ULANG TAHUN', '', 'BF 26 bulat', '', ' 288.000 ', ' 375.000 ', '', '', '', '', ''),
	('549', 'BRG0549', 'KUE ULANG TAHUN', '', 'BF 30 bulat', '', ' 369.600 ', ' 477.000 ', '', '', '', '', ''),
	('550', 'BRG0550', 'KUE ULANG TAHUN', '', 'BF 20 kotak ', '', ' 177.600 ', ' 237.000 ', '', '', '', '', ''),
	('551', 'BRG0551', 'KUE ULANG TAHUN', '', 'BF 24 kotak', '', ' 254.400 ', ' 333.000 ', '', '', '', '', ''),
	('552', 'BRG0552', 'KUE ULANG TAHUN', '', 'BF 26 kotak', '', ' 336.000 ', ' 435.000 ', '', '', '', '', ''),
	('553', 'BRG0553', 'KUE ULANG TAHUN', '', 'BF 30 kotak', '', ' 340.000 ', ' 425.000 ', '', '', '', '', ''),
	('554', 'BRG0554', 'KUE ULANG TAHUN', '', 'Tart 30 kotak susun', '', ' 408.000 ', ' 525.000 ', '', '', '', '', ''),
	('555', 'BRG0555', 'KUE ULANG TAHUN', '', 'Tart 30*40 Kotak 2 Lps', '', ' 465.600 ', ' 597.000 ', '', '', '', '', ''),
	('556', 'BRG0556', 'KUE ULANG TAHUN', '', 'Tart 30*40 Kotak 3 Lps', '', ' 513.600 ', ' 657.000 ', '', '', '', '', '');
/*!40000 ALTER TABLE `table 69` ENABLE KEYS */;


-- Dumping structure for table alamrayasite_nabila.users
CREATE TABLE IF NOT EXISTS `users` (
  `id` int(10) unsigned NOT NULL AUTO_INCREMENT,
  `name` varchar(255) NOT NULL,
  `email` varchar(255) NOT NULL,
  `username` varchar(255) NOT NULL,
  `password` varchar(255) NOT NULL,
  `remember_token` varchar(100) DEFAULT NULL,
  `created_at` timestamp NULL DEFAULT NULL,
  `updated_at` timestamp NULL DEFAULT NULL,
  PRIMARY KEY (`id`)
) ENGINE=MyISAM AUTO_INCREMENT=3 DEFAULT CHARSET=latin1 ROW_FORMAT=DYNAMIC;

-- Dumping data for table alamrayasite_nabila.users: 2 rows
DELETE FROM `users`;
/*!40000 ALTER TABLE `users` DISABLE KEYS */;
INSERT INTO `users` (`id`, `name`, `email`, `username`, `password`, `remember_token`, `created_at`, `updated_at`) VALUES
	(1, 'amdin1', 'admin22@gmail.com', 'admin', '$2y$10$hFooeUmTUWV5bmY8HMPvJOEo1kGC/CqEWeWtX226xvM4qgMUBP6oe', 'P8GCWFWR07E2tnEmThy5o3WA90r9lnpzPhb7sybctW3jQKfdNvwINfay2J9s', '2017-12-19 06:20:05', '2018-03-12 07:18:22'),
	(2, 'Bravo', 'bravo@bravo.com', 'bravo', '$2y$10$ORK70cBLfoFFcXBJFNFwFeIPpUKnk3Vf3ro/0GZOGYfDLntxxFzF6', 'swMqwu1kNY36uWl56Rmsqssjtvp7I5u7QJGVVofjXNIgrkjKcB9MbHanhxjL', '2018-02-03 01:46:43', '2018-02-03 01:46:51');
/*!40000 ALTER TABLE `users` ENABLE KEYS */;
/*!40101 SET SQL_MODE=IFNULL(@OLD_SQL_MODE, '') */;
/*!40014 SET FOREIGN_KEY_CHECKS=IF(@OLD_FOREIGN_KEY_CHECKS IS NULL, 1, @OLD_FOREIGN_KEY_CHECKS) */;
/*!40101 SET CHARACTER_SET_CLIENT=@OLD_CHARACTER_SET_CLIENT */;
